,0,1,2,3,4
5260234c-9878-4d49-9d26-46b2d4718e13,38,11,544,256,524
5260f967-7d74-4f6e-9deb-4b7fd4718e13,302,179,530,203,274
526132a9-4280-4cc4-a2d8-42acd4718e13,218,826,200,819,312
526640ab-ebd8-4593-9749-4002d4718e13,58,41,521,550,260
528de178-be0c-4af4-9324-4fc8d4718e13,114,829,61,537,423
528f575a-c6a8-4fdb-9bd7-4662d4718e13,28,321,17,123,775
529492c1-d5c8-48d0-b411-4410d4718e13,116,48,338,442,383
52949cdf-6860-496a-83e1-4e3bd4718e13,203,226,41,60,47
5294de89-09e8-482f-899e-4cfcd4718e13,202,17,373,249,177
5296fe22-a518-48c8-96bd-42e0d4718e13,106,72,835,806,688
5298c2bc-7e58-4bef-9644-4607d4718e13,35,286,138,322,530
529b4474-3e0c-4090-8606-4519d4718e13,324,434,121,483,426
529c3b23-0828-4903-9f75-4950d4718e13,156,174,35,138,544
529c56ba-5694-4862-8123-402ed4718e13,116,766,263,579,464
529c5ee3-915c-479f-a7cf-427bd4718e13,114,829,61,537,423
529dd13e-a880-4ef0-bf1a-4d84d4718e13,104,103,693,59,172
52a0b0e9-0284-488a-a2be-4c43d4718e13,26,40,343,479,331
52a1a6d3-39d0-457b-aeaf-416ed4718e13,60,23,31,47,39
52a1c6e3-3fb4-4b34-9530-4c9bd4718e13,483,338,632,171,172
52a1e381-8f04-422e-85f1-400ed4718e13,87,56,594,115,712
52a5e465-2b54-4275-a11a-407bd4718e13,44,16,344,249,574
52a6e2f2-c948-4be4-915f-447ed4718e13,42,54,7,210,253
52a7021a-5dac-4c41-add0-4db7d4718e13,29,520,573,653,725
52a73f7b-fca4-43fd-9383-44ced4718e13,29,520,573,653,725
52a74a17-f26c-4c98-be5c-4f8bd4718e13,59,61,100,423,497
52a81864-567c-4110-9c59-476ed4718e13,17,331,269,249,381
52a835a7-f018-4618-aab8-4f04d4718e13,31,44,255,381,286
52a8939e-ea3c-4a82-9f9a-4b0fd4718e13,36,320,197,508,659
52a9d586-d7a0-43f0-a3e9-4d64d4718e13,383,116,337,41,528
52ab0a8b-5498-41a5-9bae-2b33d4718e13,44,12,198,344,249
52aee82a-0470-46f7-b140-4c4ed4718e13,55,87,191,218,670
52aeecb9-a2cc-4acd-a207-4f78d4718e13,9,529,262,175,181
52b04720-5cf4-4b40-9ad3-48aed4718e13,48,64,544,823,550
52b3fe26-61e8-4d11-93e0-4035d4718e13,7,53,784,785,71
52c59f63-d684-4983-adeb-4273d4718e13,544,823,550,692,174
52ceb7e4-f064-4ab6-b8c0-430dd4718e13,364,378,609,354,215
52d01965-f260-41e3-aa9b-40cdd4718e13,58,59,100,423,497
52e21c7f-6c58-40aa-bf06-9317d4718e13,123,860,319,331,484
52e28dc9-3df0-4c68-8c0e-4acbd4718e13,118,519,625,834,113
52e2984e-76e0-457d-95bc-4bb5d4718e13,243,249,373,203,38
52f0fc6f-a04c-441c-a737-4b78d4718e13,53,335,216,200,262
52f12121-1168-4b4b-aa69-4905d4718e13,52,63,692,829,550
52f224a9-2384-499b-a474-4303d4718e13,16,382,864,344,590
52f4da04-f9a0-4974-b093-4701d4718e13,34,102,573,178,554
53063262-91dc-4f83-a2b9-4d6fd4718e13,44,13,112,194,252
530f2b8c-9ee8-48c7-92d8-41a1d4718e13,441,39,187,68,249
5314613e-7e74-4631-a2cb-4c77d4718e13,44,69,56,685,511
5314d9d2-2ee4-49de-acef-46dfd4718e13,157,57,48,254,274
5315a252-a50c-4157-8782-485ed4718e13,39,782,173,187,420
531ed128-d5c4-41ed-aa36-4798d4718e13,22,819,45,584,242
5321e052-aa8c-454d-8e5d-4f9dd4718e13,203,479,339,238,162
53281c05-e36c-4aec-8d9f-4537d4718e13,42,50,782,8,744
53285415-3e34-41a0-820d-473ad4718e13,45,22,556,611,819
532a4687-92a4-4b5b-9d92-4f05d4718e13,41,58,544,823,550
532a8344-58a0-4b28-bd66-4946d4718e13,21,389,651,802,139
532c48cf-ec30-42ab-aac3-45c0d4718e13,69,844,422,746,847
5335567c-21f0-4aed-95d5-4285d4718e13,17,210,7,332,685
53392dca-6780-495a-81f3-4cefd4718e13,83,21,260,241,88
533d13cb-ac00-48e2-a395-4464d4718e13,55,670,131,607,747
533d4d1b-89f0-4606-81ff-4180d4718e13,196,253,187,854,828
533e7d61-3370-4a63-8b9f-45a4d4718e13,87,115,349,176,594
5342ba5f-732c-44d0-acf5-4ffed4718e13,177,21,139,685,83
534d4ed7-85ec-4f9d-a0cf-411dd4718e13,3,48,47,54,823
534eb770-15c4-4ecc-a7fd-45d2d4718e13,17,50,3,210,590
5358c8d3-21a8-4853-a7f3-46bdd4718e13,52,33,58,41,521
5358d198-0a70-4cfc-bfd6-4947d4718e13,36,40,320,26,197
536237b2-d6f0-403b-8236-4374d4718e13,98,64,618,75,730
5367e2bf-8470-4655-9276-450fd4718e13,83,51,86,257,449
5368b22b-b1f8-4b2d-8fda-4a32d4718e13,42,331,782,31,253
5385d6fb-0878-49a9-9878-4aa2d4718e13,47,76,3,823,162
5391d42d-d77c-489c-b312-4b78d4718e13,68,123,17,331,374
53971beb-92fc-44bd-a148-4b18d4718e13,67,46,221,708,782
53a0016b-fe20-4ac3-ad0a-4dabd4718e13,31,255,286,624,775
53a02bd5-76d4-4bb9-85eb-4d54d4718e13,87,594,712,670,538
53aac660-59c8-486d-80bc-4888d4718e13,332,71,530,179,685
53ac22b9-a130-45b5-b2ef-452bd4718e13,58,47,3,60,41
53b40846-72e4-4cbb-9641-4411d4718e13,115,218,112,191,140
53baf4a2-0f2c-4945-b3e4-491ad4718e13,328,844,847,308,421
53c66711-31a0-43ab-a45b-4be6d4718e13,71,561,596,56,711
53c7b099-40d4-4c32-bd7f-4122d4718e13,83,163,219,419,449
53c7cbb3-0980-40e9-afe2-418ad4718e13,60,76,23,505,162
53d8e15b-6950-4369-8fae-6821d4718e13,282,561,56,596,594
53e0f2b6-65f0-47d8-8f8f-4303d4718e13,159,100,88,58,435
53e245e5-c860-4d7e-9e31-42ecd4718e13,77,71,78,56,69
53e87d53-3e18-46c6-a7bf-499cd4718e13,116,210,75,211,138
53eb7352-d53c-440b-b6af-47ecd4718e13,298,196,200,187,420
53eca309-cc20-44ca-90f6-459cd4718e13,518,56,668,512,660
53edba2e-5b6c-4d3f-befb-4a75d4718e13,503,516,783,667,499
540628a3-687c-4841-a3f6-40eed4718e13,374,371,537,61,49
54157b70-62b4-47e6-b34f-4d0fd4718e13,89,520,29,270,341
54184956-6318-475c-9942-4467d4718e13,197,35,36,250,52
541c461a-047c-4be7-9a54-40fbd4718e13,35,87,138,322,37
543a6180-2f20-44ab-beb7-4402d4718e13,187,168,782,249,510
543d0b47-d4a0-4e4a-962a-4985d4718e13,156,58,530,544,250
5444f6dc-a560-4018-8f70-46fed4718e13,263,282,245,167,144
54476e96-4d30-4f52-95f7-41fad4718e13,179,530,119,521,826
5447b1b9-8cc0-4603-a036-4393d4718e13,345,58,172,103,552
544e3359-a990-4df3-a441-a147d4718e13,301,312,227,91,142
544eca98-48f0-4a70-b322-407ad4718e13,253,120,69,168,668
54527334-f62c-495d-8982-4d27d4718e13,44,71,785,754,191
545340b5-02c0-4124-9e06-4657d4718e13,280,136,748,354,422
5457370f-4a9c-4144-92af-4ef6d4718e13,281,269,314,205,287
54576eeb-5b50-47d0-9174-4dccd4718e13,56,71,776,561,46
5457a954-4a1c-4e5b-a578-4687d4718e13,206,4,311,64,530
5457ae12-52d4-4125-9b79-4167d4718e13,75,144,233,704,852
5458b5d3-2728-49fe-9f8a-473bd4718e13,345,58,39,249,177
5458b9bc-fd84-482f-972e-4c07d4718e13,24,219,52,28,530
545962f6-b414-4009-a639-4617d4718e13,530,219,526,88,179
545b97ee-efb4-4f92-a831-45f1d4718e13,44,110,685,191,13
545ccd72-7a8c-42d2-8556-4517d4718e13,43,530,727,119,179
54621aa9-6280-4e1f-a94c-4226d4718e13,43,530,727,119,179
5463a446-c6f4-416e-96ab-477ad4718e13,360,303,316,117,530
5464c464-e688-428b-ad05-4b21d4718e13,115,146,112,595,215
5464cbf7-7bec-4893-bbbe-4274d4718e13,119,118,107,136,530
54656b6d-d1ec-42d0-b82a-4836d4718e13,90,107,122,89,679
54662135-9404-44ca-9eab-4249d4718e13,403,413,417,669,327
546640e7-b22c-4dfa-8734-a0e0d4718e13,88,64,101,304,550
5469f03d-1dfc-4833-ad51-47abd4718e13,72,70,112,377,106
546a571f-fcf4-4976-841a-41fcd4718e13,233,118,413,253,75
546f8602-07c4-44b0-b7d6-44dfd4718e13,116,464,208,456,821
5472ec9f-e948-41bc-8d67-455fd4718e13,518,218,721,67,512
547c96e2-358c-4451-89b2-4ddbd4718e13,98,96,73,756,61
547c9e9c-b19c-40a0-a0eb-4d58d4718e13,116,48,96,165,15
547f45e5-9aa4-4052-9a57-4edfd4718e13,96,98,756,57,526
547f53dd-cc84-4791-9ca2-414fd4718e13,98,116,73,96,383
54c66a7a-2304-4d66-bc1f-4e1fd4718e13,111,516,133,783,556
54c7a0b9-03bc-4151-ae6d-4e2dd4718e13,8,93,708,7,129
54ca4244-2dd8-4cd6-9ce5-4e5bd4718e13,116,338,337,283,48
54d0b3d8-c4e8-4441-8761-4649d4718e13,48,47,76,30,162
54dcc56c-53f8-45fe-8b2d-0046ac11001f,177,179,530,142,180
54e62c0f-18c8-4ed5-a676-0040ac110028,44,71,129,8,561
54e7c7a9-93c4-46bd-b8a9-0040ac110028,130,427,518,201,864
54eb054a-1a7c-492e-9ea7-0045ac110028,246,785,205,218,514
54ecca6c-56f0-4f10-aea2-0046ac110028,129,246,218,785,344
54ee01f3-feb4-4751-b34b-0047ac110028,494,514,131,439,596
54eefcf9-a974-4885-8b68-0046ac110028,45,611,556,626,220
54ef0adc-4618-488b-902f-0046ac110028,151,428,226,173,497
54f59741-bc64-4e9b-bd3d-003cac11002b,83,119,389,530,313
54fdae6d-e2c4-4ac2-ab1e-003dac11002b,27,52,638,414,154
5502f6ce-f0e0-43b9-b4ed-0045ac11002b,68,374,49,371,61
55071297-648c-4e6e-ad38-0041ac11002e,140,523,490,247,233
55073fa7-861c-44c6-9891-003cac11002e,143,142,703,629,169
55096f17-47f4-425b-98aa-0044ac11002e,172,41,171,104,153
550b01f2-e498-4448-8de7-0052ac11002e,143,142,703,629,169
550b26ba-3d48-4531-a3f2-0052ac11002e,148,114,116,157,102
550c0193-01b0-4114-95c1-0051ac11002e,219,530,696,24,704
55141bb8-bb2c-445e-a1dd-0053ac11002e,104,41,693,153,171
5518477d-c7bc-4444-a1d9-005aac11002e,75,188,280,422,146
551913c2-b9b0-401b-a120-005aac11002e,440,783,597,670,253
551bef20-e4b0-4b2e-baf0-0056ac11002e,62,435,150,470,266
5522cd8e-6c1c-4787-9c77-0027ac11002d,210,177,168,151,312
55253832-6e68-47ec-ac2f-0027ac11002d,330,44,749,762,704
552633ed-a650-41b0-9df2-0027ac11002d,302,330,251,611,220
552bed22-e1a8-4ea7-a330-0034ac110034,152,329,582,576,842
552e639e-18e4-4627-9f6b-0037ac110034,179,302,530,304,195
552f98fd-232c-4886-8f7d-0035ac110033,187,196,486,717,854
55312695-2fbc-4f67-9d51-003eac110034,72,39,366,602,71
55351a4f-b0f8-4ca0-8006-003fac110033,209,243,17,251,596
553754bc-c850-4c37-a820-003dac110034,233,75,214,704,170
553f7cb8-9f9c-4a3a-820e-0041ac110033,175,310,835,379,9
55403c16-5210-4a19-821e-0042ac110033,554,254,373,166,248
55422a5a-c3dc-4c1c-9f45-0028ac110040,175,310,186,806,835
55424b92-8144-42e3-b5d0-0028ac110040,186,213,633,808,687
554250e9-9aac-4cce-b73c-0037ac110040,186,633,687,808,74
554890c1-aa24-44b9-b450-003aac11000d,175,118,280,625,568
554a3a8f-1f64-44b6-b334-0027ac11006f,42,253,410,331,782
554b52c4-446c-4a81-80c0-0033ac11003d,151,152,428,226,497
5551af6a-cc40-442d-9b49-0045ac110049,22,819,584,242,190
55520326-2134-46dc-8029-0045ac110049,214,75,704,581,27
55545fa0-19e8-4b41-950b-0045ac110049,22,218,584,112,140
55547f07-a1c4-47f9-8acc-0041ac110019,110,112,498,523,354
555992a9-c144-4403-9fa6-0043ac110019,189,191,251,685,119
5559d549-e818-435f-a7b7-0043ac110019,528,170,75,114,19
5559f806-0ffc-4d43-83e8-0042ac110019,319,210,249,202,203
5559fb40-f394-40cd-874c-0047ac110049,172,41,171,385,465
555a00df-3c0c-49a4-9e47-0047ac110049,578,271,630,348,47
555b04c2-cfe0-48b1-b934-0047ac110049,252,44,179,195,530
555c40cc-3de8-4bfb-b2ea-004fac110019,213,321,808,722,491
555cb469-fda0-4d59-bcf1-0050ac110019,177,179,302,530,119
555da685-bcac-487e-8248-0052ac110019,166,34,121,48,203
555db73d-eedc-43a3-a2cb-0050ac110019,41,116,114,172,58
555dbdfd-a928-44f5-8bda-0051ac110049,88,177,183,58,52
555e4e98-1cb4-43e4-9713-0051ac110019,208,756,110,868,453
5563153d-dddc-43f8-b00e-0051ac110049,166,34,554,48,628
55632d5a-39e8-4e13-9a6e-004fac110049,34,166,540,554,628
55646e62-2aa4-4c6f-bb75-004fac110049,368,184,177,141,185
5564a4a1-50ac-46be-aaf2-0050ac110049,199,13,205,71,252
5565da73-7b74-429b-9d49-0053ac110019,184,69,157,725,185
556d7542-9708-4674-9fe2-0053ac110049,115,112,128,13,754
55700965-f338-42d5-bc09-005aac110019,184,185,725,399,64
55701889-7bdc-41c8-95fe-0056ac110049,138,530,252,322,35
55706397-87b0-42c6-8e86-0056ac110049,116,206,197,210,236
5571f84b-f43c-4c01-9334-005bac110019,184,345,249,530,219
5577dfe1-8568-4be9-95f1-0056ac110049,280,421,187,668,510
557ebdba-f440-49f8-80f1-005dac110019,370,218,194,187,758
55804b7c-63f0-479c-877e-005bac110019,286,273,62,61,167
5582db0c-4744-4c2f-9782-005cac110019,114,41,73,47,58
55883f38-8fd8-4e9f-8675-0057ac110049,54,7,248,590,332
5588d565-4d80-462f-95e7-005bac110019,60,116,162,823,283
55893d77-17a0-4f22-b08f-005bac110019,54,673,7,314,221
558a2f86-cd80-4941-a34d-005bac110019,34,217,158,544,636
558abd31-7044-43b7-bfce-0057ac110049,236,197,235,713,820
558c20bb-24ec-41e3-a4c9-0058ac110049,54,7,248,590,332
558cccbd-3660-4d14-9984-0058ac110049,232,770,198,707,422
55914d88-1420-4868-b72c-0059ac110049,270,3,880,454,485
55955393-b180-488d-971c-0038ac110055,530,179,177,685,210
559aeea4-8f04-4207-9a09-003bac110055,116,219,4,821,138
559d699f-617c-45f9-8f5c-0031ac11002b,191,220,625,67,556
559f8999-7810-4495-9f7f-0033ac11002b,187,14,196,146,218
559f9f11-7978-4104-88fb-0031ac11002b,139,696,257,664,86
55a13623-fe98-4756-8e01-0028ac11000d,174,37,35,823,544
55a37d06-fcac-41b7-b6e3-0032ac11002b,69,218,71,280,301
55a4fa2c-0c00-41da-bc00-0031ac11002b,193,216,95,262,200
55a5845a-c4a4-4aa4-a204-0027ac11000d,179,220,530,119,521
55a63566-58cc-4d64-9ed8-0033ac11002b,191,44,194,112,511
55a658dd-49b4-4c6b-8162-0032ac11002b,191,189,754,252,785
55a67d38-fda0-4425-9baa-0033ac11002b,217,452,530,690,692
55a8ec4b-1938-4308-b985-0037ac110013,52,168,75,704,27
55ae2def-1aa0-41b3-9c0e-0035ac110013,191,218,785,354,625
55ae5334-4108-4a17-a6e3-0039ac110013,4,116,158,254,579
55aea399-da60-4cf6-98e0-0036ac110013,60,208,182,210,250
55b0cfaf-69a8-4147-ab8e-0048ac110013,136,112,834,507,113
55b0d407-68a8-4305-bdfe-0043ac110013,249,373,210,202,282
55b78dc7-1090-4078-986e-0028ac110019,219,530,696,24,704
55b8f420-5538-47a7-8e48-0027ac110019,201,218,356,314,71
55bf2016-9374-41fa-aaca-003eac11000d,112,215,354,523,600
55c0f881-75e4-465f-9ccc-0045ac110019,347,280,529,187,227
55c35b4f-4370-427a-abf6-0043ac110019,4,719,554,102,254
55c88c02-d314-4493-877a-0044ac110019,191,301,227,187,112
55c9b834-5248-4804-a12b-0027ac11000d,210,182,3,823,50
55ca2834-c52c-48e9-a925-0046ac11000d,157,531,726,167,725
55cb3239-fa88-423e-a9fc-003aac11000d,287,354,251,179,754
55cc73f4-ff08-4565-909d-0047ac11000d,114,338,250,383,254
55cdd80a-a908-425d-9d96-0047ac11000d,263,442,272,34,266
55cfee09-99c8-4f85-ac97-0047ac11000d,201,134,128,356,71
55d1edcc-2be8-428f-a21f-0042ac11000d,168,503,783,253,120
55d2cc71-3798-4785-ab51-0047ac11000d,439,370,133,194,834
55e05586-105c-4b30-9b96-0055ac11000d,168,551,321,334,692
55e54f7a-550c-4174-8a3d-004cac11000d,752,61,725,157,530
55f1672f-1d24-4c98-a4f3-0037ac11000d,207,209,280,748,602
55f692f3-cd9c-44a3-9326-0053ac11000d,179,67,220,209,118
55f6c5ef-5264-4ad8-b0ef-003cac11000d,168,69,52,356,169
55fac04e-f324-4da2-a6b9-0048ac11000d,227,326,799,401,213
55fae1fd-4b60-49c6-84f2-0048ac11000d,336,275,223,396,350
55fcde49-d1e0-4055-9636-0048ac11000d,116,261,821,165,283
56050754-e2c8-4f44-9a2d-0053ac11000d,196,668,187,510,87
56050dfa-d400-45e6-ae95-0053ac11000d,226,504,503,499,225
5608bec0-fa78-4da0-a6a2-0040ac11000d,269,267,218,584,494
56091add-2a18-4396-97b2-0041ac11000d,465,470,101,183,385
560e4cc2-2f14-49da-94b7-0059ac11000d,243,203,250,255,373
560e833e-1a14-4ac1-bbe3-0058ac11000d,236,820,713,826,744
5611a24d-ed94-4645-a3ac-004aac11000d,434,263,464,463,462
561294b9-6f6c-436c-99e7-0057ac11000d,210,428,151,381,254
56162d19-a890-4acc-93ed-004aac11000d,116,159,483,238,631
561671e1-1934-44ea-b208-004aac11000d,241,52,389,260,530
56192c94-cdfc-4861-a2a7-004aac11000d,168,334,53,349,216
561badfa-e0cc-4a50-bbeb-004cac11000d,216,262,529,95,347
561bc8ef-c090-490e-bf59-0028ac11000d,215,279,217,354,379
561e1370-67a8-49fe-bad1-003fac11000d,353,215,87,201,218
561fa948-383c-459f-92e4-0045ac11000d,35,138,322,234,37
561fffec-5aec-4317-ad90-0046ac11000d,257,224,525,86,309
56215356-45e4-4f17-a3bc-0024ac11000d,177,219,174,530,247
5624e823-2130-4b32-879f-0044ac11000d,53,216,262,95,200
56262825-e5d4-49cc-8845-0045ac11000d,263,202,477,110,442
562639ac-5450-4ed8-9b05-0047ac11000d,187,600,87,280,333
56264ee1-bc38-4200-82a7-0034ac11000d,238,179,530,154,147
5626874d-84a4-4894-aa6c-0046ac11000d,72,279,106,146,251
5627a675-bd90-4da9-b1a9-0046ac11000d,257,86,198,139,449
562d25a9-c998-4218-bde0-004fac11000d,276,282,280,354,594
562f8325-35f0-4819-b398-004dac11000d,52,521,179,302,154
562fa0c6-ddf8-4c55-8eeb-004eac11000d,249,248,161,298,138
56320857-cb7c-4587-bad8-004fac11000d,260,679,58,261,465
56324d45-cb18-4ce1-8153-0039ac11000d,247,638,553,704,722
563257be-13b0-47a7-8ac7-0050ac11000d,335,529,347,146,198
563326d3-7718-47fe-ac9f-003bac11000d,245,276,685,119,313
563806ad-0ae0-4936-8186-0050ac11000d,133,120,237,611,556
5638b120-f67c-45d5-9afd-003aac11000d,48,298,249,442,821
5638bc68-45e8-4bd7-80a9-003bac11000d,280,354,600,112,507
563b5d8e-dfe8-47c8-97d0-0050ac11000d,202,197,249,42,373
563b7b8e-8d5c-40e4-9659-0050ac11000d,421,266,484,162,470
5641dc37-b5d4-41a2-b80c-0057ac11000d,73,48,274,76,96
56421ecb-6480-4099-bfd7-0057ac11000d,179,52,304,88,521
5643b8b0-8e08-495c-a11b-00360a2a73a5,269,314,17,860,331
5645d3b5-ac18-4cb5-b406-002d0a2a5fa8,514,254,685,177,249
564856ff-4214-4e54-b4e3-00330a2ac408,243,274,203,204,363
5649de69-2dd0-4242-bb08-00300a2a0e2d,243,203,373,498,718
564dd425-f5c0-4a54-9202-00330a2a20d7,227,326,799,401,213
564de013-5fb8-4f8f-836e-00310a2af835,276,368,573,495,430
564dfd01-7194-4f91-8874-00320a2a63e6,249,479,298,248,331
5655c779-b664-40d5-874d-02a50a2aec9d,246,31,286,269,785
5655d362-81d0-488a-8118-02a70a2aec9d,257,86,198,139,449
5656ef28-e388-4b49-9f6f-036d0a2aec9d,253,168,783,504,828
565c66d2-8a98-4559-8139-021c0a2a08ac,368,276,495,681,790
565c8761-eb90-4ea1-bfea-02240a2a08ac,276,368,573,495,430
565f5cf8-213c-4c3b-85e2-02800a2a08ac,219,278,530,206,732
5661bc15-6cfc-43c2-bc8b-007f0a2addee,682,188,553,581,852
566579ad-7088-406d-a524-00320a2a5969,219,206,530,696,91
5666fc1f-523c-4b22-8be6-00c30a2a5969,498,523,684,77,279
56695a89-6630-447f-beab-01ba0a2a5969,281,711,856,356,218
566e82eb-4e70-4a64-9fb9-01200a2a640e,209,568,661,606,232
566f0bb9-b900-432f-8abb-002e0a2ac458,196,253,187,854,828
566f19ac-eba0-43cf-97ab-002d0a2ac458,184,271,501,180,530
566fe218-fbf4-44c8-9e55-00300a2a64f0,259,258,304,650,11
567124c5-9230-4937-af7f-004f0a2ae4d8,278,272,161,285,433
5671597f-10a8-459c-85c3-005b0a2ae4d8,78,179,449,344,530
5672a8dc-4c9c-4399-8c87-00b10a2ae3a4,282,121,373,622,202
5677fbc4-81bc-428b-b72f-03c30a2ae3a4,136,106,280,748,354
56781cfb-27e4-4b68-8ee5-00300a2afd60,523,490,136,354,504
568d4c15-5570-4456-85f0-041a0a2afd60,303,301,91,740,835
568fd1b8-d224-4358-86e1-06aa0a2a883c,153,2,254,60,676
5690126f-d2dc-475b-b81a-06ba0a2a883c,249,286,31,255,624
569484f9-5dcc-4d34-a2cc-08470a2a883c,97,206,142,530,647
5694ff6c-4f10-46bc-b110-05aa0a2afd60,287,302,530,311,304
56967bf7-e9bc-417d-bf35-05f10a2afd60,278,161,355,272,311
5697c4ea-0ca0-49e4-86b9-062a0a2afd60,259,258,650,675,830
5698238f-2230-4926-bc88-063a0a2afd60,333,218,71,353,507
569cd631-5948-4caa-b294-06e20a2afd60,685,304,664,530,179
569ce9e9-a8d8-430e-8af8-06e10a2afd60,387,685,69,191,511
569d088b-1648-4cfb-973f-06e20a2afd60,206,648,91,219,647
569d1b9d-e078-4f88-a6ea-0a930a2a883c,206,647,648,91,219
569e8f5b-8e70-4274-b529-07450a2afd60,199,308,77,328,123
569f98e3-10c4-42c7-a9b2-0b3f0a2a883c,285,551,484,813,715
569facdf-4e30-4182-9ca9-07b50a2afd60,159,250,150,153,41
569fc463-cb7c-47e1-82fe-0b440a2a883c,303,278,355,91,835
56a251e9-6100-48fd-856c-087d0a2afd60,273,752,870,313,256
56a5fef1-7554-4b29-823e-092c0a2afd60,177,202,338,672,677
56a76a26-5474-4dd7-b57d-096d0a2afd60,237,611,556,626,235
56a7961b-bde0-4b97-b883-0d6c0a2a883c,251,746,221,512,625
56a7aa1e-6120-4062-bdc3-0d6e0a2a883c,218,353,712,711,594
56a7b316-4658-4672-92b7-0d700a2a883c,333,280,44,340,191
56a7ffc4-dca8-4ae5-b782-09950a2afd60,403,413,369,340,412
56a8ca93-ef60-4231-bd39-0dc40a2a883c,302,179,133,883,450
56a8f050-aa1c-4e81-8ef1-09c90a2afd60,274,263,203,615,442
56abda14-e980-4620-b3ad-0a720a2afd60,339,270,632,580,483
56b0d944-2e68-4df0-99d2-10060a2a883c,238,339,580,256,505
56b0f1e1-0ef8-4c67-a959-10060a2a883c,230,709,314,665,131
56b20572-edc8-4eed-890f-0ca90a2afd60,328,844,847,308,421
56b21f10-4528-4138-8138-0cb00a2afd60,339,256,73,737,208
56b227d6-f398-455a-a2ba-0cb90a2afd60,196,253,187,828,717
56b2737f-d100-4c93-8bc4-10770a2a883c,41,455,375,270,256
56b3dadc-4ba8-477e-ab4a-0d540a2afd60,243,203,373,498,718
56b45431-4488-43ed-9faf-11240a2a883c,214,553,213,52,233
56b85012-d33c-4b5f-bacb-00c50a2af616,159,41,100,423,150
56b8d4a2-8164-4cf7-ba60-11000a2afd60,346,312,612,201,314
56bb3eda-b4d8-42aa-bb9a-134f0a2afd60,246,218,785,314,230
56bdc09d-798c-440f-8db8-023e0a2af616,187,196,486,298,717
56c0a8b5-f6f0-4fca-ae55-011c0a2a3ca6,312,187,280,230,362
56c1e3a5-5644-498e-8ac6-01940a2a6be7,196,187,854,717,8
56c244b5-1210-4530-b3e1-01bf0a2a6be7,203,274,204,76,121
56c2de0e-f1fc-4651-861b-01f90a2a3ca6,27,52,321,638,161
56c31212-73e0-43b9-9195-02080a2a6be7,333,325,31,255,622
56c31df3-08cc-4574-83af-020a0a2a6be7,249,479,298,248,331
56c4e4bf-c844-43c3-8e97-02b50a2a6be7,286,325,624,255,526
56c5a056-eae4-4e2b-b11d-02d40a2a3ca6,116,48,165,821,338
56c62805-1d38-402b-84d6-03120a2a3ca6,165,823,162,116,48
56c68a0e-20fc-4a5e-ab2f-03450a2a6be7,96,41,98,756,110
56cdd471-f020-4357-8fa6-05460a2a3ca6,516,353,218,417,864
56d0378b-bcb4-4490-a433-06450a2a6be7,311,530,276,217,344
56d42842-93a4-4ee9-be19-06c30a2a3ca6,263,442,434,274,179
56d4a3cb-d7bc-42f0-99b6-07b00a2a6be7,3,766,447,50,454
56dd5216-639c-4ef9-9f9f-0e1b0a2a4bff,542,324,284,684,121
56dd53d7-d184-4ce5-abed-11a60a2a6d78,725,73,61,102,530
56dfb62a-4ef0-45e7-9de0-152c0a2a4bff,210,253,178,51,94
56e01f5f-bb14-499a-8d79-00650a2aace4,511,413,441,669,882
56e031ae-6ed4-45be-a5fe-002e0a2aca4b,301,44,340,187,507
56e09d46-262c-4fd1-b354-01300a2a417f,137,622,331,583,333
56e1948d-9340-4af5-ba68-042f0a2a417f,210,333,622,325,624
56e1c208-9154-412c-b719-04cf0a2a417f,210,50,51,3,744
56e1c3d4-a868-48a0-b4d0-04300a2ad81e,441,622,486,331,249
56e29125-75b4-4c1f-af67-068e0a2ad81e,226,151,428,210,381
56e2ffd3-e1f4-423b-a380-00360a2adc86,368,527,34,495,540
56e301bb-9ca4-4f4a-b770-00370a2adc86,97,206,530,648,35
56e32820-1078-47f5-a406-007e0a2a6889,210,686,528,410,527
56e68620-2efc-4bfb-bf49-09870a2a6889,210,151,121,373,622
56e68c04-b8b0-4850-a9c7-0b140a2adc86,403,340,828,504,583
56e6a9e3-c238-422d-a13a-09e30a2a6889,301,13,786,478,14
56e70bac-5abc-4a63-9ede-0c5d0a2adc86,302,210,151,249,337
56e83033-fecc-42c5-8cde-0f880a2adc86,210,226,51,151,50
56e8ce20-54b0-4971-bd28-11a60a2adc86,196,253,187,668,510
56e92688-0940-49b7-93e9-10590a2a6889,345,333,249,172,344
56eaad1f-fd18-49bf-8fe6-00610a2a0b7f,216,95,262,193,200
56ec10f5-8b28-40c9-a01c-03b80a2a0b7f,271,184,578,732,180
56eca39c-7bf8-4927-b437-00fa0a2a1fd5,133,302,556,316,611
56f00164-290c-4707-959e-0b550a2a0ff1,349,87,115,53,200
56f00b4f-0618-4742-a7d5-09090a2a1fd5,133,302,556,316,611
56f00ef2-3174-42f2-8875-09140a2a1fd5,136,345,387,559,702
56f13469-7084-48f0-a1d2-0f200a2a0ff1,279,700,72,600,359
56f41692-b7d8-4b32-9262-16ef0a2a0ff1,39,173,420,131,782
56f50559-77dc-4d0b-ad64-140c0a2a1fd5,24,526,530,657,671
56f53b0d-7908-40b4-8ae7-14820a2a1fd5,69,44,311,112,302
56fccbb3-52b8-4297-84e4-30d50a2a0ff1,216,262,200,193,194
57024f04-7e04-4460-ad26-12fe0a2a4e9e,157,147,726,537,167
57029d8c-402c-42ae-bc6d-0c670a2ae7c0,318,755,601,378,768
5703a19c-1df4-4f05-9ee7-177e0a2a4e9e,333,542,325,324,622
5703a59d-c260-4c8b-846f-17870a2a4e9e,336,275,223,396,538
570503fd-81a0-4905-b2f3-1ca40a2a4e9e,178,34,121,554,166
57050c24-47d0-4a1e-a049-1cc60a2a4e9e,403,381,20,249,622
57051246-d88c-4951-8b81-1cd90a2a4e9e,345,146,277,523,536
5706813b-1700-469d-b3a3-21b80a2a4e9e,330,808,809,390,771
57078b88-75d0-47a8-b596-24890a2a4e9e,336,370,223,275,538
5707d33e-e0b0-4cd6-b27a-17d90a2ae7c0,168,330,231,120,783
570bba5a-a5b8-4b60-83e5-33310a2a4e9e,278,219,530,363,344
570cb1a3-ef08-405a-94c2-23a90a2ae7c0,326,806,227,367,91
570d4042-48b8-4db0-aa2c-38280a2a4e9e,646,185,184,399,314
570d65c1-8428-4f22-820e-38920a2a4e9e,319,333,123,219,71
570e5664-44d0-4be8-a093-27f10a2ae7c0,337,203,177,179,530
570e8e31-6378-4fce-94ae-288b0a2ae7c0,302,179,133,883,450
570fa1e7-b52c-4e5d-bcb1-2afc0a2ae7c0,211,704,361,431,478
570faf80-84f4-402b-af0f-408f0a2a4e9e,375,210,381,686,769
5714819c-c54c-413f-a114-09570a2a7ae1,403,116,381,286,34
5714ee70-45f4-414a-8f4d-0b320a2a3f76,200,794,91,715,633
5714f0d5-4f58-4623-b6eb-0a260a2a7ae1,333,622,210,615,31
5714ffd7-d7ec-4af5-a7d3-0a490a2a7ae1,219,530,696,24,704
571521d0-f250-417e-b42b-0b980a2a3f76,303,330,309,132,279
571574f7-62dc-42b9-b1e8-0b3a0a2a7ae1,278,112,252,280,354
571579df-43f8-479a-8ca0-0b460a2a7ae1,180,298,271,252,527
5715c870-e438-470d-b9c3-0bf00a2a7ae1,350,489,796,275,215
5715f0e1-8138-4036-a015-0d500a2a3f76,69,189,844,847,769
57164fcd-d460-4a8d-95d4-0cf50a2a7ae1,344,252,287,754,130
571787ab-ab10-454f-b8da-0f300a2a7ae1,507,590,673,269,668
5718e048-f370-4b33-9769-132d0a2a3f76,302,333,375,325,179
571926a9-7020-4620-a628-006a0a2a34e5,133,237,556,611,302
5719fc31-1fe0-4e72-ad66-01f80a2a5fc8,333,312,325,315,348
571a098a-b5e4-416c-b8ce-02180a2a34e5,11,13,281,356,786
571a746a-c774-4f91-85e6-02e30a2a34e5,278,161,355,272,311
571e02e3-2934-4d5d-a259-0a2d0a2a34e5,302,179,133,883,450
571e0852-06a0-4db0-9ab2-09b50a2a5fc8,344,44,530,648,685
571efc8b-8938-4c99-835d-0b970a2a5fc8,328,344,61,333,219
5720bd1c-c6cc-415b-8ffe-0fa50a2a34e5,503,499,353,523,440
57221ae7-a108-4c30-a194-12300a2a34e5,177,302,252,530,304
572232db-ba64-4f67-ab5a-126e0a2a34e5,243,363,373,203,255
57224638-52f4-460a-ac7e-119a0a2a5fc8,331,333,17,860,249
57224921-f734-42bd-b3ab-12ac0a2a34e5,189,13,769,844,774
572869d6-a11c-46f0-977a-1e930a2a34e5,368,578,348,630,227
5728d8b1-6740-4a5b-9850-1fe40a2a5fc8,219,206,97,530,119
572b3419-3034-4b13-b2fd-01670a2af858,213,321,808,722,491
572c638c-cf88-4eed-8996-00a90a2a6eaf,91,31,529,704,94
5730824c-d284-410b-9f71-00320a2ac04e,481,5,423,437,100
5733487e-5be8-43ab-94a8-00430a2ac04e,369,131,547,613,596
5735fb88-e830-421d-bdba-0e030a2a7023,622,325,255,624,627
5739bd0b-7cf4-48c3-9920-00960a2a7db7,356,218,87,196,594
5739c140-cf2c-4715-b72b-00a00a2a7db7,195,174,820,52,119
5739d474-441c-42a7-a0a1-00f30a2aa8ac,54,248,312,7,249
5739f1bb-26b0-4343-b0d0-003b0a2a27f1,333,354,219,280,391
573a8620-8690-4c9e-9018-00c20a2a58f7,196,187,510,668,486
573b1b45-9248-420e-a840-013c0a2a27f1,413,403,365,770,340
573b1dbc-3d7c-4071-aea7-01680a2a58f7,157,116,73,286,368
573c36fa-c3c8-4354-a6cc-02af0a2a58f7,115,349,112,176,595
573c7aa6-9174-4616-a390-02fe0a2a58f7,403,179,219,383,380
573d614a-1140-4226-bd62-04350a2a58f7,354,216,200,280,262
573d810d-83c0-46bc-80d3-054c0a2a27f1,311,52,530,179,97
573d83c7-d350-4c18-af39-05520a2a27f1,115,301,112,13,349
573dcecd-2698-4420-9d81-04d60a2a58f7,217,452,530,690,692
573ecd91-1418-466a-91cd-0dce0a2a58f7,344,847,844,71,879
5742d946-c70c-48db-bb91-00320a2a15a3,333,502,31,286,325
5744134a-d380-40c3-a564-002f0a2ab23c,394,108,564,816,244
57441cc5-d6ec-4993-b079-002f0a2ab23c,382,344,44,14,71
5745f403-fc24-43b2-87d0-00300a2acf55,362,793,9,326,175
57470080-2b34-4cc4-b929-002e0a2ac2ed,346,126,872,14,314
574721c1-2928-4a82-a402-002e0a2ac2ed,346,126,872,14,314
5747e281-7ce8-41f1-8940-002f0a2ac2ed,34,544,217,823,324
57481072-d28c-475e-8ab0-002e0a2a7f1e,250,208,417,868,162
57481129-7c24-4fd4-b420-002f0a2ac2ed,346,126,872,14,314
574846fa-667c-400e-b38d-004c0a2ac2ed,520,339,164,376,372
5748df48-ac70-42b2-b5ff-002f0a2ac2ed,367,841,701,810,109
574939aa-e8a8-49ca-a1c2-002e0a2a7f1e,331,269,219,344,248
574ab675-c32c-430e-9bdc-002e0a2a7f1e,367,841,397,478,227
574b7a32-0428-491d-8500-002e0a2ac2ed,276,368,573,495,430
574bf9d1-c614-49d1-9055-002f0a2a7f1e,416,395,359,287,128
574d11b8-3318-4746-9102-002f0a2a7f1e,325,333,627,622,624
574db38c-d0f4-4a4f-9a16-002e0a2a7f1e,436,441,449,851,221
574e91ca-9914-4fb3-97e8-002f0a2a7f1e,216,367,491,262,53
574ef1a6-47bc-4c51-b1a2-00320a2ab710,360,354,91,135,529
5750654a-6988-4ccc-bddc-00b00a2ac2ed,210,151,121,373,622
57509013-8744-4028-b814-00c00a2a7f1e,219,333,344,31,325
57513a55-f3a8-4d07-8635-00da0a2a7f1e,340,369,613,584,758
575159b9-f938-4338-8f97-00b10a2ac2ed,700,70,633,764,523
57553f54-2ef0-441a-962b-00c70a2a7f1e,116,383,98,337,790
57554841-642c-429d-8c51-00da0a2a7f1e,345,442,425,263,506
575792fa-e128-42e2-9c0e-00da0a2a7f1e,366,413,361,253,177
57581056-0b68-49cc-b05e-002c0a2a18ca,329,330,582,611,842
575956ba-4188-4346-8e18-002d0a2a4501,376,339,520,737,372
57596d66-5ff8-4c6b-8a96-002c0a2a150b,43,179,219,530,337
57598b83-7e24-40a8-b648-002d0a2a150b,321,332,410,775,213
5759b620-f4d0-422c-b2ac-002d0a2a4501,410,392,516,229,107
575aa892-b244-4163-a20b-002c0a2a150b,612,365,42,684,253
575ace18-7f9c-4cb7-961b-002d0a2a150b,24,219,526,530,43
575eb1c4-0d9c-46c9-8fb6-004d0a2a150b,263,428,387,442,268
57616b87-e08c-475a-9fb5-008a0a2a150b,311,200,53,117,478
5762aaad-7b8c-4822-99e1-002d0a2a0279,416,249,331,250,342
5762b5c6-5080-4b2c-9bfe-002d0a2a8f75,416,398,287,651,13
5762d896-0d88-40ba-be32-00430a2a8f75,416,287,620,13,590
57641dcb-dec0-47da-bc32-002d0a2a0279,195,174,33,37,820
57696709-3c5c-49c7-a47d-00690a2a8f75,332,233,423,816,562
576ab67c-db54-46ee-92b6-00350a2a0279,356,56,547,598,71
576ab6c3-0160-4268-b0a8-00690a2a8f75,372,339,164,376,208
576bd0c3-2170-4395-8bf6-00520a2a8f75,315,334,400,228,396
576c01c3-a17c-4cc2-b30a-00520a2a8f75,27,321,28,52,414
576d3c6b-5a64-4dfc-a708-00690a2a8f75,251,394,509,136,511
576f50e8-dc74-4ef0-8316-002d0a2aceff,195,498,529,119,544
57713665-0bdc-4d38-8feb-002d0a2a0137,435,100,192,268,423
577197ed-10b4-4bcd-bdfc-003a0a2aceff,41,47,435,150,423
5774dbfb-150c-4c7b-a3e5-002c0a2aceff,280,340,326,327,136
5775460b-37a4-49a8-aa42-002c0a2a0137,348,578,278,573,355
577565f4-6a30-44d7-918e-002c0a2a0137,450,521,790,446,52
5776364d-59d8-4445-a063-002c0a2a0137,464,457,477,522,579
577971f3-a9d4-4b11-890c-00310a2a0137,348,578,278,573,355
577a5d04-b224-44a4-90c2-00bf0a2aceff,164,520,23,730,643
577cdf4d-6d58-4670-a50a-00bf0a2aceff,360,529,347,262,91
577cf643-6b80-42a8-9e7c-00be0a2aceff,227,349,194,326,812
577d066c-d6c0-4180-b632-00ec0a2aceff,218,441,403,137,412
577d69ab-b5b8-47ec-a593-00310a2a0137,136,168,441,547,329
577f0dab-8f88-4ff1-a1a1-00bc0a2a0137,233,519,75,12,517
577f7d9e-5ca4-425f-859a-00ec0a2aceff,510,668,412,187,782
578095cd-123c-491c-a1dd-00bf0a2aceff,75,525,144,233,704
578359d0-91ac-4983-96f5-00bb0a2a0137,412,360,347,519,614
5783bc7b-d994-4990-bf7a-00bc0a2a0137,343,7,706,26,708
5783dd99-9fdc-487a-b901-01360a2a0137,75,144,233,704,852
5784b683-a710-43cd-a066-01740a2aceff,489,191,39,441,436
5785c3aa-71c4-45f6-8c12-013d0a2a0137,39,233,173,298,490
5786174d-1f44-4860-bfb2-01460a2a0137,627,272,530,255,381
578658e3-5498-4c75-937d-01580a2a0137,332,412,51,44,221
5786cac8-1164-44bc-95d3-01920a2aceff,441,439,201,464,728
5787882f-074c-4abb-8ccb-01580a2a0137,547,131,602,599,594
5787e499-4344-4b90-8dac-01920a2aceff,232,316,770,209,198
57880d84-1fc8-4272-8389-01590a2a0137,214,75,348,234,704
5788e481-1de8-44b6-99b1-017b0a2a0137,488,56,776,8,482
578c9080-b44c-48b9-adf1-002c0a2a6d31,218,137,187,196,583
578ca6e4-a918-46cc-ac39-002d0a2a6d31,311,303,279,278,112
578cc1c1-bcf4-4a44-9e1e-002d0a2ae60c,494,131,514,512,660
578d1b9b-12b8-47f9-81a9-002c0a2a14b5,368,527,479,495,331
578d3af4-83d4-4369-a391-002d0a2a14b5,272,553,27,44,704
578e24dd-6300-4823-823b-002d0a2a14b5,75,188,340,704,498
578e685d-181c-40a9-aac4-00320a2a6d31,227,112,354,490,433
578eb3fd-67f8-4804-bab1-002d0a2a14b5,553,674,414,546,682
578f40ff-a794-4e98-bb71-002d0a2a6d31,35,195,174,138,820
57908c8c-5170-4cf3-9f19-002d0a2ab38f,75,211,234,704,233
57936df4-6040-49cb-b1a0-002d0a2ab38f,88,449,304,154,52
5796b46c-5d44-49b2-bce3-002d0a2ab38f,528,508,522,823,527
5796c727-cb94-4051-8332-002d0a2ab38f,111,556,589,487,611
57977044-2b18-4126-bb57-002f0a2aa404,348,578,278,573,355
579782d4-f0b4-4117-8637-002d0a2aa404,340,668,510,486,680
57978f6a-8864-4e5c-8e0e-002d0a2aa404,366,361,359,216,327
57985ac0-af9c-4cf5-a751-002f0a2aa404,503,499,168,783,504
579865e2-9c54-4f62-a785-002d0a2ab38f,583,510,668,333,413
579868fa-d264-4958-af71-007d0a2aa404,622,624,255,325,333
57997e4c-780c-43f2-803a-007d0a2aa404,62,631,435,150,483
579a221e-76f8-408b-b7f3-00860a2aa404,507,547,602,131,606
579a5a22-c1ec-4e53-8795-007d0a2aa404,669,348,596,626,594
579ae66d-e760-44ca-bd8d-002d0a2ab38f,249,381,331,479,17
579b0924-c6e0-44ff-bac7-007d0a2aa404,507,176,504,600,196
579b2919-d868-484d-81f6-002d0a2ab38f,504,499,503,510,668
579b32d7-d3c8-4887-a1ee-00860a2aa404,504,499,510,668,253
579b3749-0388-4b83-895e-002d0a2ab38f,499,503,504,783,253
579ccd5b-c220-406d-9bff-007d0a2aa404,526,663,389,756,530
579f0640-9f28-4bcf-91ac-002d0a2ab38f,253,504,440,783,365
579f683e-cd28-4775-8139-00840a2aa404,511,499,513,487,504
57a060da-7e88-4a43-9922-00840a2aa404,512,660,518,606,131
57a0c5a6-0738-422c-ac93-01290a2ab38f,413,507,396,390,366
57a21151-e64c-4f17-a66c-00ef0a2aa404,243,203,274,363,178
57a2e398-dba4-4bbc-80ba-00f10a2aa404,111,556,589,487,611
57a325ac-0fcc-4219-a976-00860a2aa404,413,365,519,403,359
57a34f14-844c-46d3-b43e-00860a2aa404,701,772,721,666,348
57a47fba-27e0-46ba-ae8e-00f10a2aa404,35,33,525,52,530
57aaddcc-fe50-4954-83cf-00ef0a2aa404,421,532,509,86,479
57ac6bc5-9628-4dd5-9968-01640a2ab38f,465,101,423,470,385
57ac932c-a6ac-43fb-b2ff-01380a2ab38f,578,527,548,47,652
57acb2c8-d3fc-4bf0-b640-00ef0a2aa404,518,547,131,512,660
57acb4fa-11d8-4e77-91ce-00ef0a2aa404,328,77,75,123,681
57ad8e98-5194-48a9-b8c9-01640a2ab38f,424,612,498,75,210
57adeb7d-56a4-424a-87c3-01380a2ab38f,417,516,314,221,253
57b17397-64f4-4c36-81be-01380a2ab38f,530,518,547,606,131
57b1e0bf-5aa8-4132-8510-01f60a2ab38f,117,311,498,515,550
57b32342-7168-420d-b871-01f60a2ab38f,528,522,273,451,460
57b39eae-d75c-429a-a5c4-01aa0a2aa404,429,3,210,226,640
57b3d1ce-7554-4f6e-883f-02140a2ab38f,280,354,112,349,115
57b467cd-b1bc-475b-ab9e-01aa0a2aa404,320,197,525,36,414
57b52b64-6000-41e0-bca2-02150a2ab38f,527,311,538,517,112
57b56bd5-c218-4ce3-a208-02140a2ab38f,455,514,640,784,596
57b5e158-4ae0-4cfa-be2c-02140a2ab38f,214,581,546,122,154
57b64aa7-05ec-4cd6-a369-01ab0a2aa404,45,611,556,626,220
57b6e28f-84b4-4293-b6a2-01aa0a2aa404,650,232,259,258,198
57b7040f-cfb8-45d2-a983-01ab0a2aa404,376,430,372,732,737
57b74e70-f5fc-4b12-9305-02670a2ab38f,359,360,529,362,361
57bb086c-dafc-4949-8b1a-020f0a2aa404,86,257,515,241,198
57bb15de-cd98-4fc6-bf46-01f60a2aa404,274,203,164,76,204
57bc18d4-c81c-4512-bec2-02670a2ab38f,87,518,176,197,512
57bc71ef-02f0-405b-9e07-02200a2aa404,395,239,361,807,74
57bc98ad-a7c0-46a0-a263-02660a2ab38f,123,860,319,331,484
57bd65b8-1f1c-4ddd-937b-02100a2aa404,187,516,196,486,518
57bdbf33-9da8-410d-94e1-02410a2aa404,302,189,179,685,530
57be1a56-b1a0-40d8-a83d-028c0a2ab38f,274,372,520,23,376
57bf0395-56cc-4d2f-8eb5-02450a2aa404,334,315,91,551,811
57bf1ca9-c0c4-45f8-a8cd-026a0a2aa404,9,529,523,362,347
57c09288-cec4-4a44-992f-02c70a2ab38f,71,844,61,847,328
57c23b17-ea58-4fec-ba3c-02b10a2ab38f,218,441,489,353,603
57c33c98-ae00-4f72-bc2e-02c70a2ab38f,332,233,39,560,562
57c46160-7e00-470a-a9a2-02430a2aa404,641,116,167,477,821
57c6edfb-c91c-4135-936a-002c0a2a1cf8,207,610,817,280,748
57c82dd6-32dc-434d-8386-00340a2a1cf8,303,132,835,833,9
57c8368b-09bc-4343-898d-00340a2a1cf8,273,263,463,462,464
57c84f17-ce80-4f64-8150-002e0a2a8d11,531,157,573,167,725
57cd8024-831c-4620-abe7-003e0a2a8d11,578,333,274,585,331
57ce72d1-8de4-4aa1-a4fb-003e0a2a8d11,441,578,249,565,164
57ced248-21c8-4a02-88b4-00660a2a9eb3,157,167,286,274,726
57d18b1d-31f0-442e-a61a-00550a2a7972,18,333,550,719,325
57d19525-671c-4a43-8215-00550a2a7972,530,671,43,179,119
57d245a0-f9bc-48a9-adf2-00320a2a135f,361,366,355,359,239
57d27654-5d2c-4e16-83f1-00510a2a135f,410,255,392,325,627
57d656a0-c720-4bce-8965-00300a2a7972,394,517,523,146,136
57d6b7ff-31cc-4b31-8acf-00300a2a7972,738,508,788,341,151
57d97d4a-23b8-4148-a0a5-004a0a2ae3a6,138,332,322,35,823
57da61af-13c4-449d-b20c-002d0a2a9952,395,239,361,807,74
57daa7ca-8c3c-4bed-9359-00610a2a9952,546,581,722,414,553
57dbf8a2-fd40-401c-9ee7-00680a2ae3a6,355,541,396,315,811
57dc33c1-c954-4a09-9d40-00610a2a9952,401,112,473,845,227
57dc3797-25c4-486c-bb18-005a0a2a9952,401,112,523,354,278
57dd21fc-9d98-40ef-8007-00610a2a9952,525,550,470,52,544
57dfeed0-bd1c-4e0c-af2c-002c0a2af321,533,386,757,117,388
57e0e973-7e44-43b8-822c-002d0a2abcf8,509,413,86,224,770
57e135e1-4334-4b1e-b153-002c0a2a1238,542,178,34,82,624
57e13e03-17cc-4be2-b9ec-002d0a2a1238,186,633,687,74,135
57e213aa-5500-42eb-99c6-002d0a2a1238,666,596,599,131,595
57e3d27f-c028-498f-a41b-00530a2a1238,167,157,286,577,725
57e3d9d8-2d34-4a28-93b0-00920a2a1238,488,482,56,605,776
57e4d0bc-8ecc-43a7-a869-00500a2abcf8,552,657,325,579,383
57e4d9c9-e0fc-4767-8ddf-00450a2a1238,517,13,620,786,112
57e4da42-2494-44f4-a781-00920a2a1238,517,13,620,786,112
57e5254e-80c8-479b-979f-00530a2a1238,403,584,622,701,591
57e90041-26b8-47dd-85c9-00520a2abcf8,624,615,526,110,286
57e92828-5470-476b-b1aa-00500a2abcf8,61,506,333,425,180
57e93e49-60b4-4a1a-a54f-002d0a2abcf8,69,425,844,847,422
57ea348a-20b4-4c5d-ad3e-00500a2abcf8,519,625,834,848,523
57ea745a-0f0c-4b67-a251-002d0a2abcf8,243,112,278,523,433
57ea95e3-5d44-4330-81df-00500a2abcf8,516,253,504,503,783
57eaf7e4-2740-46d0-be25-00500a2abcf8,503,783,499,626,709
57ebe981-76d0-41ce-819b-015d0a2a1238,401,112,473,845,227
57ebeacd-d9f0-4321-9277-015c0a2a1238,702,136,610,748,559
57ebeb1c-8db4-40ad-8cd0-00520a2abcf8,366,359,361,279,355
57ec080b-9458-4a79-be44-01770a2abcf8,705,161,414,213,27
57ec991d-eb2c-4df0-8b82-015c0a2a1238,779,777,9,231,785
57eca6f4-e6e4-4ef6-8139-01750a2abcf8,136,702,559,748,564
57eccc59-2720-4697-a41f-00920a2a1238,720,854,187,782,740
57ecefb6-473c-4e01-afa7-00920a2a1238,669,626,594,596,670
57ed099e-0458-44fc-ba7d-00920a2a1238,494,439,267,834,598
57ed296e-50d4-46d0-97c4-015d0a2a1238,598,595,566,594,602
57ed47b7-9ffc-4ceb-9512-00920a2a1238,586,464,158,579,630
57edec76-1c0c-4876-ade9-01770a2abcf8,610,417,646,623,617
57ee280d-f348-46e0-bad4-00520a2abcf8,374,77,61,537,49
57ee6deb-9478-45c4-a382-00520a2abcf8,324,434,121,483,426
57eef224-3b38-49a0-ba2d-020c0a2abcf8,466,483,493,631,632
57f163a2-3c3c-48a9-82cc-01fe0a2a1238,374,61,537,371,630
57f26fa0-ea94-44f1-94f5-020c0a2abcf8,553,304,530,394,52
57f2726d-8300-4871-8b13-020d0a2abcf8,159,100,435,631,483
57f27301-ad34-42a1-999a-020c0a2abcf8,368,430,141,495,276
57f2b397-f6b0-456e-9156-02280a2abcf8,533,467,757,117,653
57f2ecd0-c758-477e-81fd-020d0a2abcf8,583,177,680,231,864
57f349bf-9740-4f13-a7c5-02280a2abcf8,123,860,319,331,484
57f3fe25-34f4-452c-a002-02280a2abcf8,102,180,348,147,573
57f40b30-12e8-427c-a8ec-021b0a2a1238,505,249,587,619,472
57f4cf63-0c5c-4869-87a4-020d0a2abcf8,71,281,711,561,356
57f5875e-26a8-44e8-8dbd-02810a2a1238,207,610,817,280,748
57f751d6-2eec-4d5e-a04d-02e40a2abcf8,488,482,776,56,8
57f75d68-e0cc-498d-85ef-02e20a2abcf8,684,373,479,202,249
57f79f51-01b8-4559-9e35-02e20a2abcf8,179,337,206,195,530
57f7a0bf-d068-4ca6-bb07-02e60a2a1238,281,403,711,356,783
57f7c163-4638-4e8b-bc44-02e60a2a1238,354,559,582,359,377
57f7d976-1c44-4d0f-a5ae-02e40a2abcf8,457,61,619,505,816
57f7de8c-20d8-42b4-9185-02e60a2a1238,157,286,577,502,167
57f7e69d-eb9c-4c44-acd8-02e30a2abcf8,533,467,76,165,451
57fa3a0b-a9e8-4afd-8870-03420a2abcf8,278,161,355,272,311
57fba5b0-977c-460f-b972-03600a2abcf8,532,86,579,658,12
57fd47c6-c724-42e3-9988-03520a2a1238,507,280,340,600,146
57fe1f84-ef00-4b5f-8789-02e40a2abcf8,375,66,483,456,631
57fe3fb4-54e0-42ea-9669-02ed0a2a1238,486,655,717,8,516
57fe40bc-38fc-491e-90ab-03600a2abcf8,668,510,486,519,571
57fe55ad-ec14-4474-9197-03600a2abcf8,533,757,117,653,95
57ff91c7-886c-42b8-a10f-03520a2a1238,400,642,187,836,109
580044d9-7f28-47fd-8980-03510a2a1238,238,263,41,483,442
58007479-7df0-4862-a744-03b90a2a1238,494,439,267,834,598
5800aca3-12dc-4c48-8ba1-03520a2a1238,838,401,843,836,841
5800b7d9-a650-44c2-b146-03520a2a1238,517,370,620,13,112
580278e6-01e0-4067-b2b0-03600a2abcf8,400,642,555,622,836
580386c5-c398-4a2a-8d9c-03510a2a1238,383,206,648,337,790
5803d3e5-547c-41bf-a832-03420a2abcf8,631,483,632,619,41
58048b4d-025c-4464-869f-03420a2abcf8,359,303,348,417,835
580499dd-98fc-4f26-9d25-03510a2a1238,70,359,700,377,841
5805ddc9-abcc-4050-9121-03600a2abcf8,337,383,550,790,52
58065b95-6844-41c1-8578-002d0a2acf97,413,366,327,359,390
5806e28e-11b8-4beb-bcf8-002d0a2acf97,147,368,430,865,199
58077c01-d698-48b8-97c3-002d0a2a6d99,717,205,510,668,203
5807c6dc-e72c-4c1a-971a-002d0a2a6d99,315,438,656,642,839
5808bd66-3cac-4247-8ed9-00410a2afefd,761,623,520,617,339
5808e832-9dac-4803-85a3-002d0a2a6d99,518,665,512,660,625
5809136c-c850-48b3-b987-002d0a2afefd,197,641,236,414,42
580a20c0-b468-4ca7-b115-00400a2a6d99,486,717,680,782,516
580a5d17-9b60-4263-a8f5-00410a2a6d99,677,624,622,255,121
580a6861-7474-45ba-89b9-002d0a2afefd,319,123,71,785,218
580d6126-c048-4449-b263-00410a2a6d99,517,507,370,112,280
580d8df2-ea2c-4a5e-8457-002d0a2a6d99,387,674,649,815,511
580d9fe1-496c-4133-8e52-00410a2afefd,517,13,620,786,112
580db532-f1bc-4c00-9c98-00410a2a6d99,717,486,187,782,8
580f324f-a614-4743-81e6-00e70a2afefd,413,504,499,770,669
581127f1-87cc-44f9-9900-00420a2afefd,269,314,17,860,331
5811db97-8b98-4f6c-ac61-00e70a2afefd,516,417,503,499,783
58132bd9-7ecc-4c25-8529-002d0a2aed5e,622,624,325,333,255
5813393e-c55c-4034-8bfe-00410a2aed5e,630,686,867,61,573
58170834-7fcc-43a0-8a9c-002d0a2aed5e,688,633,366,700,491
5817194e-79ec-427e-8834-002d0a2ae5ef,680,673,666,538,669
58172cd8-72ec-4a55-b63c-00640a2aed5e,185,646,399,543,368
5817321f-0710-4ea3-bfea-00730a2ae5ef,185,271,399,646,368
5817acf0-ddc4-4347-88eb-002d0a2aed5e,331,17,860,249,26
58186daf-72b0-4b6a-b30f-00640a2aed5e,706,69,271,314,646
58188a3f-01ec-4fa8-b927-002c0a2ae5ef,185,646,371,399,543
5818acad-5d98-46c4-9479-002d0a2aed5e,185,399,646,368,15
5818cd42-73a0-467d-89e9-002d0a2aed5e,387,649,815,351,112
5819b222-f5a8-4f2d-a3ab-002d0a2ae5ef,368,681,276,495,790
5819c698-6db4-45db-afe4-00410a2aed5e,774,847,816,844,845
581a3dbe-c054-4a27-be3c-00730a2ae5ef,259,394,421,258,650
581b40fb-d1c8-4865-9e51-002c0a2ae5ef,383,460,337,116,790
581b5641-b1e8-4412-a986-002c0a2a6842,600,594,601,595,131
581c5417-1ef8-49f6-91e2-00410a2aed5e,579,692,552,154,52
581fb9a5-9d48-4a2d-bb1a-003a0a2a6842,369,67,340,596,561
58204100-bc14-45ce-acde-003a0a2a6842,503,515,538,783,626
582192ea-9e80-491b-b5f0-00370a2a2cc3,365,253,486,875,828
5821dbec-bdf0-41ab-aa87-00ed0a2a6842,707,232,234,722,823
5821ff90-bb5c-4e89-b340-00ed0a2a6842,682,188,674,705,852
58246bd1-5a44-4567-9247-00570a2a090a,219,657,530,732,24
58248dbf-69a0-438c-9e3b-002c0a2adcc4,673,784,221,56,596
58249192-7d94-48cd-8757-002c0a2a090a,491,529,335,347,117
5824d353-239c-4318-8827-00570a2a090a,673,662,784,221,56
58253dce-61f0-48f6-a382-007d0a2a090a,511,662,185,271,646
5825e728-5b58-47a4-98a8-002c0a2ae944,185,646,399,543,368
5825f96c-b134-4324-a315-002d0a2a81a1,205,673,666,71,353
58299cd1-ba30-4e4d-81b6-002d0a2a81a1,157,752,725,442,531
5829a4b7-a2c4-459f-95e7-00550a2ae944,273,752,870,313,256
5829b833-11c4-4e4d-b800-002c0a2a81a1,382,708,221,561,876
5829d657-1f60-4685-b5d6-002d0a2a81a1,207,168,334,683,684
582ac7b6-4940-4b88-bd4d-002c0a2a81a1,319,123,71,785,218
582c3a63-9398-48b7-bff4-00b10a2a81a1,674,229,611,122,237
582c7196-8b40-415d-863e-00550a2ae944,202,219,684,636,530
582c7ca5-5d84-4d6b-beee-002d0a2a81a1,536,761,676,635,448
582dbcfd-de40-4c9a-b2d1-00b20a2a81a1,253,187,668,510,782
582dbde4-fb4c-4dee-b020-00b10a2a81a1,783,499,503,120,440
582e5e95-0ea0-4b28-87c3-002d0a2a81a1,518,613,340,711,71
582f3a11-f064-4aa9-b585-002c0a2a31f1,589,588,720,557,687
58316c39-b0a4-4afe-9dc9-00460a2a31f1,673,784,56,221,706
5835a540-b0c4-46a0-9a48-00460a2a31f1,758,782,131,566,606
5837def0-deec-4f91-809e-01040a2a31f1,583,594,131,567,670
583987d4-f8f4-46e9-b1e7-00470a2a31f1,766,158,579,693,464
583c288f-d2ec-465b-b192-00c60a2a31f1,735,630,61,727,726
583c295a-dbd0-415a-a2be-010e0a2a839b,737,730,256,73,376
583c3679-0a58-4baa-851c-00c60a2a31f1,634,286,526,202,337
583e3439-c1dc-49bc-91b9-01bb0a2a839b,182,254,324,116,483
583e9315-8584-4ff4-92c2-01bc0a2a839b,771,239,556,111,330
5844fde1-b3a4-4c90-ad03-01e40a2a839b,180,184,185,331,646
5845a26f-1ed4-4094-924a-01d90a2a31f1,766,579,158,693,464
5845a5f4-9c1c-4e79-9610-02170a2a839b,428,738,429,151,527
58469ffb-745c-41e8-b95d-024d0a2a839b,784,673,776,514,56
5846bf1a-e2d8-4d7e-8a27-024d0a2a839b,376,643,737,730,372
5846d799-f004-4540-92a6-01e40a2a839b,758,783,547,599,131
5847eaf5-9544-4548-bef2-02b50a2a31f1,87,808,809,770,330
584944f7-68cc-47e2-a2c7-02140a2a31f1,772,186,832,108,326
5849b38c-7a70-4995-98ff-02140a2a31f1,478,301,112,354,794
584aacf1-7724-4c2b-a004-02b50a2a31f1,413,770,582,247,86
584db85f-3d78-4c0b-96fa-024d0a2a839b,716,87,176,882,115
584f05db-9a68-44c0-9da1-02b10a2a839b,680,625,340,519,613
58502976-71d0-4abb-8e89-039e0a2a31f1,332,686,769,52,562
58517961-e704-45fe-a4db-03920a2a839b,220,611,120,556,626
58518ce2-1ba8-43a3-9c0f-03900a2a839b,680,724,625,519,613
58523026-0704-4ce0-bf99-03ae0a2a31f1,308,789,762,333,860
5852a568-5f48-4b4b-bf26-039f0a2a839b,826,41,58,544,179
5852bdb4-b2b0-4d6e-935f-03d40a2a839b,754,625,519,848,251
5853f36e-09a8-4945-a050-039f0a2a839b,345,425,616,824,719
58541585-fc40-4525-95dd-04190a2a31f1,784,849,71,864,56
58542666-a888-42d0-9de8-04050a2a31f1,587,121,783,789,591
5854391a-286c-498e-90d0-03920a2a839b,184,271,646,83,511
5854421a-2414-4f18-a3f1-03920a2a839b,828,627,587,583,255
58544f58-9104-42ad-9061-04190a2a31f1,478,301,112,354,794
58572b3f-6f44-4169-8128-04190a2a31f1,518,783,665,512,660
585777e1-42dc-4990-9d71-044e0a2a31f1,832,108,143,120,607
5858e074-7eb8-46d8-887b-04050a2a31f1,816,662,587,298,619
5858e941-f188-4fef-a38e-044e0a2a31f1,339,737,376,520,238
585a405e-3390-4fae-b6db-04440a2a839b,509,224,688,217,636
585aa614-4548-4945-b9da-04c40a2a31f1,528,435,761,465,483
585b0f1b-28e0-42fd-b6b1-04c40a2a31f1,365,701,326,207,668
585bbdac-53c0-48b6-bd9e-04c40a2a31f1,594,595,131,569,758
5862446f-a2fc-42fb-88a9-04fc0a2a839b,345,423,383,483,116
58629036-e528-41dd-a1cd-04fa0a2a31f1,87,176,538,712,349
5868f3ae-b420-4c0f-99ad-04fa0a2a31f1,353,357,71,218,666
586d2dfb-ece8-40a0-bbe2-05400a2a31f1,601,599,596,131,602
586e57b1-5f58-4d3f-82ff-05070a2a839b,819,556,626,611,190
586eb71d-d440-46fd-9c17-05360a2a31f1,87,176,603,819,131
586f8af8-8da0-4896-9ab8-05140a2a31f1,752,286,775,725,618
586fdbd1-a250-420a-8b3d-002d0a2ac68a,269,314,17,331,860
587285db-8458-45d5-acd1-00390a2ac68a,867,630,423,821,254
58735ebe-fb44-4f57-997a-002d0a2ac68a,819,556,626,611,190
5874e784-c5a8-40d4-aa9c-004e0a2a6136,587,121,619,162,192
5877557e-bbac-4e3f-944a-00810a2a6136,643,147,462,372,865
58775f13-5944-46d8-9ec7-00bd0a2a6136,271,578,860,180,732
587788f1-a39c-473f-8294-008a0a2a6136,753,826,692,641,410
5877e33e-21f8-472f-be30-00b70a2ac68a,865,643,756,372,462
58788ee8-bd40-4c20-992f-008a0a2a6136,363,197,683,219,168
5878982f-92f8-4803-8c4a-008a0a2a6136,185,399,646,368,15
5878c1c5-fe60-4018-9a89-00810a2a6136,847,844,851,328,71
