user_id,0,1,2,3,4,5,6,7,8,9,email_clicked
525fea18-db1c-451d-9902-469ad4718e13,757,875,318,388,627,231,325,624,272,432,[]
525ff28d-2d28-4cf2-a4d8-468bd4718e13,841,228,410,836,110,148,226,775,392,840,[]
5260234c-9878-4d49-9d26-46b2d4718e13,38,11,284,424,713,73,545,544,31,154,[]
5260f967-7d74-4f6e-9deb-4b7fd4718e13,203,302,274,219,20,24,179,52,27,424,[]
526131a8-dbc8-401b-989a-44afd4718e13,424,713,284,545,154,52,525,73,31,27,[]
526132a9-4280-4cc4-a2d8-42acd4718e13,826,218,200,819,223,201,312,370,71,439,[]
526640ab-ebd8-4593-9749-4002d4718e13,58,205,371,419,627,325,629,308,634,129,[]
52698ff9-0470-47c7-b027-d9c9d4718e13,412,374,436,49,568,506,584,527,592,828,[]
5283a1d7-dae0-4d34-b38f-493cd4718e13,204,506,212,640,100,101,102,103,104,105,[]
5283aeaa-d9e4-46ec-a318-3a1ed4718e13,550,719,630,148,4,586,58,664,886,528,[]
5285d0df-8e34-4eed-8e5f-4ecdd4718e13,100,101,102,103,104,105,106,107,108,109,[]
52860e54-2358-4862-a854-47b5d4718e13,676,451,464,472,826,469,47,621,761,315,[]
528de178-be0c-4af4-9324-4fc8d4718e13,114,790,337,98,829,383,442,767,634,691,[]
528f575a-c6a8-4fdb-9bd7-4662d4718e13,123,321,73,68,107,178,775,381,308,554,[]
5294828a-9ac8-4f9e-8f75-4b14d4718e13,442,82,749,320,827,338,165,138,166,495,[]
529492c1-d5c8-48d0-b411-4410d4718e13,442,338,166,114,383,263,283,165,110,337,[]
52949cdf-6860-496a-83e1-4e3bd4718e13,41,60,159,580,497,100,544,150,47,483,[]
5294de89-09e8-482f-899e-4cfcd4718e13,82,17,177,121,68,701,44,31,76,123,[]
5295c09f-6f3c-479f-9407-46b8d4718e13,442,82,749,320,827,338,165,138,166,495,[]
5296fe22-a518-48c8-96bd-42e0d4718e13,688,106,132,570,72,720,773,700,740,361,[]
5298c2bc-7e58-4bef-9644-4607d4718e13,35,286,634,138,322,167,726,621,206,82,[]
5298c7b1-1aa4-4fe3-b8d6-412bd4718e13,425,345,143,427,703,447,629,646,506,619,[]
5298c8f2-2970-4d88-bc92-41e6d4718e13,697,99,74,159,186,537,719,888,485,630,[]
529b4474-3e0c-4090-8606-4519d4718e13,324,121,536,110,426,402,619,343,162,483,[]
529c3b23-0828-4903-9f75-4950d4718e13,156,174,161,138,480,322,544,739,681,35,[]
529c4713-0df0-4723-bb42-410cd4718e13,739,750,480,681,38,105,322,243,161,138,[]
529c56ba-5694-4862-8123-402ed4718e13,263,245,117,579,442,165,48,158,464,338,[]
529c5ee3-915c-479f-a7cf-427bd4718e13,114,480,681,105,322,50,116,544,161,38,[]
529dd13e-a880-4ef0-bf1a-4d84d4718e13,104,51,103,313,59,693,679,676,867,172,[]
52a0b0e9-0284-488a-a2be-4c43d4718e13,121,20,17,76,282,204,266,202,249,155,[]
52a1a6d3-39d0-457b-aeaf-416ed4718e13,5,23,60,573,623,580,31,47,437,39,[]
52a1c6e3-3fb4-4b34-9530-4c9bd4718e13,632,159,338,171,631,162,172,110,423,270,[]
52a1e381-8f04-422e-85f1-400ed4718e13,87,115,176,489,349,709,56,507,336,340,[]
52a2ba39-953c-4ca7-a2ae-4c9ed4718e13,268,493,122,110,199,621,470,266,105,751,[]
52a5b282-fbdc-42de-ae5f-4124d4718e13,208,250,554,308,178,509,540,643,831,334,[]
52a5e465-2b54-4275-a11a-407bd4718e13,344,590,333,123,141,249,137,189,13,328,[]
52a6e2f2-c948-4be4-915f-447ed4718e13,42,54,208,250,554,178,7,540,334,730,[]
52a6fff7-b4fc-4a73-90c2-4d71d4718e13,186,75,707,74,233,234,722,852,316,509,[]
52a7021a-5dac-4c41-add0-4db7d4718e13,29,37,174,48,156,544,827,116,165,263,[]
52a71c04-4818-4ac6-9d91-4c14d4718e13,739,48,174,156,37,116,827,165,544,823,[]
52a73f7b-fca4-43fd-9383-44ced4718e13,29,339,172,103,693,580,552,429,869,520,[]
52a74a17-f26c-4c98-be5c-4f8bd4718e13,61,100,423,867,497,435,437,619,481,62,[]
52a81864-567c-4110-9c59-476ed4718e13,17,701,121,248,622,624,787,204,619,620,[]
52a835a7-f018-4618-aab8-4f04d4718e13,94,229,82,255,107,68,622,286,787,91,[]
52a84234-8c00-440b-9630-44fed4718e13,739,48,174,156,37,116,827,165,544,823,[]
52a8939e-ea3c-4a82-9f9a-4b0fd4718e13,36,118,599,247,211,340,758,637,369,365,[]
52a9d586-d7a0-43f0-a3e9-4d64d4718e13,263,159,283,167,238,338,266,250,150,254,[]
52ab0a8b-5498-41a5-9bae-2b33d4718e13,44,184,12,840,301,258,87,310,701,488,[]
52aee82a-0470-46f7-b140-4c4ed4718e13,87,607,191,218,11,190,137,56,543,514,[]
52aeecb9-a2cc-4acd-a207-4f78d4718e13,12,614,132,658,529,262,347,743,91,9,[]
52b04720-5cf4-4b40-9ad3-48aed4718e13,442,116,165,263,464,493,304,159,161,162,[]
52b3fe26-61e8-4d11-93e0-4035d4718e13,7,56,248,574,53,137,738,152,312,9,[]
52c2e6ff-dc40-4d75-9875-429ed4718e13,283,338,477,234,229,723,392,48,116,442,[]
52c59f63-d684-4983-adeb-4273d4718e13,544,208,554,250,60,178,24,734,426,116,[]
52ceb7e4-f064-4ab6-b8c0-430dd4718e13,364,378,242,609,702,136,490,244,432,575,[]
52d01965-f260-41e3-aa9b-40cdd4718e13,58,59,266,62,100,628,458,172,544,250,[]
52d95981-254c-4108-9038-493ed4718e13,100,101,102,103,104,105,106,107,108,109,[]
52de8c01-714c-4e67-8eab-4721d4718e13,133,44,100,101,102,103,104,105,106,107,[]
52e0efc5-676c-4f57-9f45-4377d4718e13,486,519,592,574,873,55,807,403,595,606,[]
52e21c7f-6c58-40aa-bf06-9317d4718e13,135,331,860,789,853,17,328,527,319,551,[]
52e28dc9-3df0-4c68-8c0e-4acbd4718e13,102,267,111,403,113,340,251,173,118,107,[]
52e2984e-76e0-457d-95bc-4bb5d4718e13,480,203,138,116,165,322,373,739,544,750,[]
52e7940d-2478-4ad2-abd2-4a8dd4718e13,557,361,132,614,135,193,244,773,118,359,[]
52e799c4-cccc-44cd-9b41-40cad4718e13,100,101,102,103,104,105,106,107,108,109,[]
52f0cd02-1588-409f-aa30-4928d4718e13,873,592,152,54,7,14,441,876,574,857,[]
52f0fc6f-a04c-441c-a737-4b78d4718e13,53,529,347,262,335,840,812,588,216,367,[]
52f12121-1168-4b4b-aa69-4905d4718e13,337,829,521,544,530,634,64,52,648,546,[]
52f224a9-2384-499b-a474-4303d4718e13,382,410,381,94,344,333,44,416,13,14,[]
52f4da04-f9a0-4974-b093-4701d4718e13,34,102,345,256,630,537,99,719,580,61,[]
53063262-91dc-4f83-a2b9-4d6fd4718e13,517,11,121,252,191,513,367,754,511,14,[]
530b4578-38c4-4567-b583-4b24d4718e13,22,523,805,152,747,489,146,329,702,280,[]
530f2b8c-9ee8-48c7-92d8-41a1d4718e13,441,39,187,68,381,449,282,588,2,735,[]
5314613e-7e74-4631-a2cb-4c77d4718e13,44,69,21,686,332,56,824,205,18,46,[]
5314d9d2-2ee4-49de-acef-46dfd4718e13,157,274,208,48,254,105,250,554,426,34,[]
5315a252-a50c-4157-8782-485ed4718e13,42,39,208,250,554,178,730,308,173,274,[]
531ed128-d5c4-41ed-aa36-4798d4718e13,22,176,489,115,507,709,336,349,280,340,[]
532199b9-eaa4-465b-a268-4fded4718e13,208,250,554,308,178,509,540,643,831,334,[]
5321e052-aa8c-454d-8e5d-4f9dd4718e13,203,479,202,40,373,339,238,528,47,38,[]
5326f148-ef50-4dc9-93dc-47e2d4718e13,808,705,303,413,330,213,770,771,239,132,[]
53281c05-e36c-4aec-8d9f-4537d4718e13,50,8,283,229,210,331,253,365,410,231,[]
53285415-3e34-41a0-820d-473ad4718e13,45,22,242,251,611,819,244,209,600,220,[]
532a4687-92a4-4b5b-9d92-4f05d4718e13,116,58,37,250,338,165,530,29,33,138,[]
532a8344-58a0-4b28-bd66-4946d4718e13,135,83,166,44,139,189,16,382,468,17,[]
532c48cf-ec30-42ab-aac3-45c0d4718e13,69,718,510,591,367,380,412,828,677,413,[]
5335567c-21f0-4aed-95d5-4285d4718e13,82,17,69,178,161,31,7,274,210,701,[]
53392dca-6780-495a-81f3-4cefd4718e13,83,461,449,143,168,345,212,21,182,304,[]
533d13cb-ac00-48e2-a395-4464d4718e13,55,808,330,303,413,215,213,770,771,239,[]
533d4d1b-89f0-4606-81ff-4180d4718e13,196,253,187,721,808,798,828,366,722,380,[]
533d7fb5-e560-4ac4-9000-4441d4718e13,797,795,798,808,722,721,813,772,366,799,[]
533e7d61-3370-4a63-8b9f-45a4d4718e13,87,115,798,176,349,721,808,772,112,134,[]
5342ba5f-732c-44d0-acf5-4ffed4718e13,177,139,83,2,75,186,233,234,707,179,[]
5344692a-b9c4-4048-9f92-4d42d4718e13,186,75,707,74,233,234,722,852,316,509,[]
534d4ed7-85ec-4f9d-a0cf-411dd4718e13,3,48,47,50,460,54,116,254,39,256,[]
534eb770-15c4-4ecc-a7fd-45d2d4718e13,17,50,798,722,808,721,562,772,813,3,[]
5358c8d3-21a8-4853-a7f3-46bdd4718e13,33,41,263,35,158,43,119,521,64,530,[]
5358d198-0a70-4cfc-bfd6-4947d4718e13,36,40,255,31,574,231,479,440,115,187,[]
535e2324-febc-427b-9fab-4604d4718e13,316,640,565,596,209,661,769,659,670,164,[]
536237b2-d6f0-403b-8236-4374d4718e13,730,208,98,64,618,75,157,57,734,54,[]
5367e2bf-8470-4655-9276-450fd4718e13,83,51,86,442,138,320,166,749,827,82,[]
5368b22b-b1f8-4b2d-8fda-4a32d4718e13,253,31,440,331,410,667,828,403,267,17,[]
536a0b34-5274-4a73-8deb-4162d4718e13,100,101,102,103,104,105,106,107,108,109,[]
53732a6c-f090-40a0-aa56-4594d4718e13,208,250,554,308,178,509,540,643,831,334,[]
53734070-2278-4451-ba29-4652d4718e13,186,75,707,74,233,234,722,852,316,509,[]
5385d6fb-0878-49a9-9878-4aa2d4718e13,50,47,76,208,554,250,274,60,426,456,[]
538cddeb-542c-4783-8a14-4ffad4718e13,208,250,554,308,178,509,540,643,831,334,[]
5391d42d-d77c-489c-b312-4b78d4718e13,17,123,331,527,68,551,590,685,69,571,[]
5392ac79-228c-4085-9b84-1bf0d4718e13,100,101,102,103,104,105,106,107,108,109,[]
53971beb-92fc-44bd-a148-4b18d4718e13,67,512,754,220,518,782,625,113,187,251,[]
53997d78-b34c-467f-a420-498ed4718e13,568,625,848,267,680,177,121,812,204,677,[]
53999e90-3198-4091-895d-4099d4718e13,22,711,584,100,101,102,103,104,105,106,[]
539ac01f-1edc-4548-b0f1-d073d4718e13,568,625,848,267,680,177,121,812,204,677,[]
53a0016b-fe20-4ac3-ad0a-4dabd4718e13,31,625,568,255,267,177,848,639,121,677,[]
53a02bd5-76d4-4bb9-85eb-4d54d4718e13,87,568,625,848,267,177,194,680,204,251,[]
53aac660-59c8-486d-80bc-4888d4718e13,332,179,191,231,218,417,71,187,864,516,[]
53ac22b9-a130-45b5-b2ef-452bd4718e13,58,48,159,150,268,47,437,100,41,3,[]
53b40846-72e4-4cbb-9641-4411d4718e13,115,112,218,191,13,140,56,190,71,603,[]
53b5694e-d754-4805-a056-4c8dd4718e13,100,101,102,103,104,105,106,107,108,109,[]
53baf4a2-0f2c-4945-b3e4-491ad4718e13,328,844,847,308,69,860,314,543,137,123,[]
53c66711-31a0-43ab-a45b-4be6d4718e13,561,711,514,613,130,518,129,237,427,247,[]
53c7b099-40d4-4c32-bd7f-4122d4718e13,163,58,544,88,304,219,692,735,241,530,[]
53c7cbb3-0980-40e9-afe2-418ad4718e13,60,76,23,208,250,274,554,426,178,643,[]
53d8e15b-6950-4369-8fae-6821d4718e13,282,629,706,847,712,134,218,243,274,711,[]
53e0f2b6-65f0-47d8-8f8f-4303d4718e13,159,100,88,116,423,544,631,195,579,41,[]
53e245e5-c860-4d7e-9e31-42ecd4718e13,78,71,56,49,851,69,269,190,603,312,[]
53e87d53-3e18-46c6-a7bf-499cd4718e13,116,283,210,75,338,211,234,477,48,723,[]
53eb7352-d53c-440b-b6af-47ecd4718e13,196,298,187,200,255,231,574,510,440,249,[]
53eca309-cc20-44ca-90f6-459cd4718e13,510,518,253,56,67,87,561,187,298,512,[]
53edba2e-5b6c-4d3f-befb-4a75d4718e13,516,503,187,255,440,196,231,253,115,574,[]
53f70172-8f10-4090-85e2-410fd4718e13,808,705,303,413,330,213,770,771,239,132,[]
540628a3-687c-4841-a3f6-40eed4718e13,371,61,129,15,328,344,205,368,249,269,[]
54157b70-62b4-47e6-b34f-4d0fd4718e13,89,460,456,790,383,166,256,521,105,159,[]
54184956-6318-475c-9942-4467d4718e13,197,73,236,36,255,320,388,31,627,525,[]
541c461a-047c-4be7-9a54-40fbd4718e13,87,35,361,327,366,572,599,118,106,485,[]
543264be-1040-42b9-93b0-0bdcd4718e13,100,101,102,103,104,105,106,107,108,109,[]
5433f289-aa70-46dd-8fd8-0882d4718e13,137,417,495,583,527,574,873,333,649,807,[]
543a6180-2f20-44ab-beb7-4402d4718e13,187,26,373,202,510,42,168,196,253,225,[]
543d0b47-d4a0-4e4a-962a-4985d4718e13,240,195,41,116,138,35,826,685,470,52,[]
5444f6dc-a560-4018-8f70-46fed4718e13,263,282,48,245,167,116,442,144,827,174,[]
54476e96-4d30-4f52-95f7-41fad4718e13,179,329,494,848,582,584,530,119,521,304,[]
5447b1b9-8cc0-4603-a036-4393d4718e13,345,103,497,240,829,385,172,59,88,238,[]
544e3359-a990-4df3-a441-a147d4718e13,301,227,275,189,774,312,396,112,387,377,[]
544eca98-48f0-4a70-b322-407ad4718e13,253,120,139,108,133,69,115,136,511,611,[]
54527334-f62c-495d-8982-4d27d4718e13,56,201,776,518,191,11,140,13,252,218,[]
545340b5-02c0-4124-9e06-4657d4718e13,136,748,700,242,181,610,523,507,702,277,[]
5457370f-4a9c-4144-92af-4ef6d4718e13,281,205,287,881,269,314,129,346,876,71,[]
54576eeb-5b50-47d0-9174-4dccd4718e13,776,46,561,518,511,534,575,59,784,71,[]
5457a954-4a1c-4e5b-a578-4687d4718e13,206,4,191,311,64,44,859,195,179,20,[]
5457ae12-52d4-4125-9b79-4167d4718e13,75,334,388,627,272,168,231,325,226,624,[]
5458b5d3-2728-49fe-9f8a-473bd4718e13,345,177,104,58,101,60,122,153,110,580,[]
5458b9bc-fd84-482f-972e-4c07d4718e13,530,52,316,704,735,727,154,168,687,97,[]
545962f6-b414-4009-a639-4617d4718e13,526,243,530,316,219,161,88,97,260,274,[]
545a32cc-435c-4054-8a0f-42bdd4718e13,487,112,251,513,625,813,280,754,848,191,[]
545a8ded-745c-4230-98c2-43c9d4718e13,819,439,494,534,728,312,190,603,215,22,[]
545b97ee-efb4-4f92-a831-45f1d4718e13,189,110,191,13,251,44,112,24,509,177,[]
545ccd72-7a8c-42d2-8556-4517d4718e13,43,634,167,735,286,138,530,337,322,206,[]
545e7a9b-55c0-4753-9a04-449bd4718e13,21,439,113,494,651,568,625,111,666,837,[]
5460b938-dc54-485d-aa89-411bd4718e13,212,878,815,541,279,657,19,342,513,96,[]
54621aa9-6280-4e1f-a94c-4226d4718e13,43,415,530,144,33,734,525,509,110,508,[]
5463a446-c6f4-416e-96ab-477ad4718e13,316,360,303,278,523,117,889,252,530,309,[]
5464c2d2-841c-4c5d-994e-4038d4718e13,116,480,322,174,138,522,456,681,820,35,[]
5464c464-e688-428b-ad05-4b21d4718e13,190,215,146,280,112,126,489,349,242,87,[]
5464cbf7-7bec-4893-bbbe-4274d4718e13,340,313,179,413,369,251,457,195,140,43,[]
54656b6d-d1ec-42d0-b82a-4836d4718e13,90,107,829,122,89,521,20,235,430,654,[]
54662135-9404-44ca-9eab-4249d4718e13,403,413,225,327,417,93,714,7,220,120,[]
546640e7-b22c-4dfa-8734-a0e0d4718e13,88,64,101,663,304,52,104,530,500,608,[]
5469f03d-1dfc-4833-ad51-47abd4718e13,190,112,280,106,118,13,91,377,570,700,[]
546a571f-fcf4-4976-841a-41fcd4718e13,196,413,340,707,115,758,7,365,187,510,[]
546f8602-07c4-44b0-b7d6-44dfd4718e13,116,464,208,528,719,630,544,158,254,61,[]
5472ec9f-e948-41bc-8d67-455fd4718e13,721,518,218,244,67,196,519,118,120,108,[]
547c96e2-358c-4451-89b2-4ddbd4718e13,98,96,77,73,61,41,205,333,31,624,[]
547c9e9c-b19c-40a0-a0eb-4d58d4718e13,116,77,48,681,96,15,165,138,544,496,[]
547f45e5-9aa4-4052-9a57-4edfd4718e13,105,107,526,725,531,790,577,157,634,77,[]
547f53dd-cc84-4791-9ca2-414fd4718e13,98,116,73,96,790,197,615,681,328,725,[]
54803e58-d168-41f4-b8f2-11dcd4718e13,576,340,461,804,187,603,854,871,354,357,[]
54b4f372-6b9c-4740-82a4-4b80d4718e13,667,277,349,351,90,440,253,326,729,801,[]
54c66a7a-2304-4d66-bc1f-4e1fd4718e13,503,516,237,499,626,611,504,253,111,220,[]
54c7a0b9-03bc-4151-ae6d-4e2dd4718e13,8,93,563,454,51,17,169,605,501,639,[]
54c7a203-5268-4594-811f-4d50d4718e13,100,101,102,103,104,105,106,107,108,109,[]
54c8c2c1-e328-456c-a320-480ed4718e13,100,101,102,103,104,105,106,107,108,109,[]
54ca4244-2dd8-4cd6-9ce5-4e5bd4718e13,159,174,165,167,544,283,102,522,182,172,[]
54d0b3d8-c4e8-4441-8761-4649d4718e13,48,47,76,30,123,18,141,162,254,283,[]
54d115d4-a1d4-49d5-a143-4bcdd4718e13,586,416,44,100,101,102,103,104,105,106,[]
54dcc56c-53f8-45fe-8b2d-0046ac11001f,177,142,179,180,191,151,78,530,161,163,[]
54de0fd7-bbe4-4224-8568-0045ac110022,349,589,181,889,351,535,557,871,801,344,[]
54e5c2b6-a044-4e81-89bb-003fac110028,718,591,510,668,367,380,412,677,828,413,[]
54e62c0f-18c8-4ed5-a676-0040ac110028,11,129,246,879,16,71,518,881,844,876,[]
54e7c7a9-93c4-46bd-b8a9-0040ac110028,427,129,356,237,246,501,375,343,105,201,[]
54eb054a-1a7c-492e-9ea7-0045ac110028,130,246,205,201,218,514,369,881,518,314,[]
54ecca6c-56f0-4f10-aea2-0046ac110028,129,246,314,218,881,71,281,344,137,205,[]
54ee01f3-feb4-4751-b34b-0047ac110028,494,439,173,534,519,514,131,582,267,39,[]
54eefcf9-a974-4885-8b68-0046ac110028,45,603,22,819,209,564,190,494,378,327,[]
54ef0adc-4618-488b-902f-0046ac110028,151,173,280,666,561,357,670,594,428,190,[]
54ef4806-b828-4cd6-8cc0-003bac11002b,859,173,20,122,44,592,402,195,560,21,[]
54f59741-bc64-4e9b-bd3d-003cac11002b,83,119,530,727,734,228,726,212,473,696,[]
54fb79e7-9ac8-46d4-a0ed-003cac11002b,576,439,592,494,534,518,173,12,233,565,[]
54fd65f6-418c-4782-93b6-003cac11002b,100,101,102,103,104,105,106,107,108,109,[]
54fdae6d-e2c4-4ac2-ab1e-003dac11002b,27,484,458,690,147,718,324,225,437,483,[]
5502f6ce-f0e0-43b9-b4ed-0045ac11002b,100,371,470,249,172,101,159,41,337,177,[]
55071297-648c-4e6e-ad38-0041ac11002e,140,776,534,56,518,387,812,336,367,11,[]
55073fa7-861c-44c6-9891-003cac11002e,585,142,225,252,128,46,298,191,492,344,[]
55096f17-47f4-425b-98aa-0044ac11002e,172,171,153,763,345,103,162,29,110,372,[]
550b01f2-e498-4448-8de7-0052ac11002e,143,528,105,368,752,585,630,61,298,719,[]
550b26ba-3d48-4531-a3f2-0052ac11002e,148,630,157,114,159,116,61,580,631,162,[]
550c0193-01b0-4114-95c1-0051ac11002e,219,697,74,99,186,719,630,537,449,704,[]
55141bb8-bb2c-445e-a1dd-0053ac11002e,104,116,322,174,138,456,480,505,102,383,[]
5518477d-c7bc-4444-a1d9-005aac11002e,188,75,233,682,227,146,186,553,852,280,[]
551913c2-b9b0-401b-a120-005aac11002e,440,230,597,46,246,67,879,779,382,881,[]
551bef20-e4b0-4b2e-baf0-0056ac11002e,62,48,544,174,156,116,827,165,37,263,[]
551c3a18-7b18-41c2-befd-0024ac11002e,888,675,719,630,585,736,887,685,664,824,[]
5522cd8e-6c1c-4787-9c77-0027ac11002d,210,177,341,168,151,312,788,111,375,761,[]
55253832-6e68-47ec-ac2f-0027ac11002d,749,599,704,340,247,44,758,762,211,637,[]
552633ed-a650-41b0-9df2-0027ac11002d,302,251,220,330,848,298,369,17,625,179,[]
552bed22-e1a8-4ea7-a330-0034ac110034,329,307,582,310,312,137,346,218,22,488,[]
552e639e-18e4-4627-9f6b-0037ac110034,302,179,233,195,189,252,75,177,174,530,[]
552f98fd-232c-4886-8f7d-0035ac110033,187,196,486,717,400,510,365,412,8,782,[]
55312695-2fbc-4f67-9d51-003eac110034,72,39,366,134,771,87,42,318,770,380,[]
55351a4f-b0f8-4ca0-8006-003fac110033,209,243,494,582,17,848,251,584,370,195,[]
553754bc-c850-4c37-a820-003dac110034,233,75,170,214,852,704,722,332,525,707,[]
5537e237-b98c-43f8-95eb-0040ac110033,783,220,807,781,808,120,794,499,738,510,[]
553f7cb8-9f9c-4a3a-820e-0041ac110033,175,310,9,715,759,378,362,315,326,318,[]
55403c16-5210-4a19-821e-0042ac110033,178,166,238,554,34,628,254,373,540,248,[]
55422a5a-c3dc-4c1c-9f45-0028ac110040,175,310,589,186,704,334,366,519,123,28,[]
55424b92-8144-42e3-b5d0-0028ac110040,56,326,336,776,633,140,321,534,387,687,[]
554250e9-9aac-4cce-b73c-0037ac110040,186,776,336,534,56,518,140,387,326,607,[]
55471306-2048-48be-8a90-0039ac11003f,776,534,56,336,518,387,140,46,851,367,[]
554890c1-aa24-44b9-b450-003aac11000d,130,87,132,318,625,136,53,568,771,507,[]
554a3a8f-1f64-44b6-b334-0027ac11006f,282,410,107,555,235,253,373,121,392,639,[]
554b52c4-446c-4a81-80c0-0033ac11003d,151,50,152,91,532,82,726,664,447,571,[]
5551af6a-cc40-442d-9b49-0045ac110049,22,351,115,267,340,196,611,584,253,828,[]
55520326-2134-46dc-8029-0045ac110049,75,170,161,27,154,122,414,483,47,214,[]
55545fa0-19e8-4b41-950b-0045ac110049,22,140,218,849,112,538,233,546,712,190,[]
55547f07-a1c4-47f9-8acc-0041ac110019,110,112,233,546,544,580,161,104,473,579,[]
555992a9-c144-4403-9fa6-0043ac110019,191,83,44,119,313,332,664,719,537,754,[]
5559d549-e818-435f-a7b7-0043ac110019,170,528,75,233,232,707,234,154,852,704,[]
5559f806-0ffc-4d43-83e8-0042ac110019,276,210,203,17,249,116,331,328,123,278,[]
5559fb40-f394-40cd-874c-0047ac110049,172,41,631,483,455,183,62,580,470,632,[]
555a00df-3c0c-49a4-9e47-0047ac110049,578,630,719,61,528,34,664,629,99,646,[]
555b04c2-cfe0-48b1-b934-0047ac110049,686,530,685,18,719,332,511,3,119,754,[]
555c40cc-3de8-4bfb-b2ea-004fac110019,213,550,100,58,101,654,159,470,630,546,[]
555cb469-fda0-4d59-bcf1-0050ac110019,177,179,302,530,311,701,663,17,282,684,[]
555da685-bcac-487e-8248-0052ac110019,166,34,628,554,48,442,630,82,540,58,[]
555db73d-eedc-43a3-a2cb-0050ac110019,41,114,116,172,767,435,587,423,100,679,[]
555dbdfd-a928-44f5-8bda-0051ac110049,88,177,183,736,61,58,691,870,163,579,[]
555e4e98-1cb4-43e4-9713-0051ac110019,208,852,332,704,233,726,110,175,562,75,[]
555ef7bb-a9e4-4da2-a02a-0051ac110049,351,230,709,801,882,828,403,141,814,271,[]
5563153d-dddc-43f8-b00e-0051ac110049,34,442,47,48,166,159,41,260,283,208,[]
55632d5a-39e8-4e13-9a6e-004fac110049,34,166,540,442,48,178,47,161,121,159,[]
55646e62-2aa4-4c6f-bb75-004fac110049,141,368,177,184,425,185,169,180,492,230,[]
5564a4a1-50ac-46be-aaf2-0050ac110049,205,199,13,71,78,776,246,190,881,603,[]
5565da73-7b74-429b-9d49-0053ac110019,69,344,157,185,141,177,331,371,399,140,[]
556d7542-9708-4674-9fe2-0053ac110049,115,191,56,128,776,46,488,112,78,176,[]
556eafdd-ace0-477f-ad59-0055ac110049,78,482,576,46,56,776,488,673,357,152,[]
55700965-f338-42d5-bc09-005aac110019,185,399,346,646,112,478,473,13,457,35,[]
55701889-7bdc-41c8-95fe-0056ac110049,138,75,233,322,35,530,234,704,852,316,[]
55706397-87b0-42c6-8e86-0056ac110049,116,197,206,236,322,35,50,544,138,160,[]
5571f84b-f43c-4c01-9334-005bac110019,345,185,304,646,511,399,530,685,179,61,[]
5577dfe1-8568-4be9-95f1-0056ac110049,56,46,357,594,510,538,776,146,784,673,[]
557ebdba-f440-49f8-80f1-005dac110019,370,190,312,439,369,489,507,819,191,538,[]
55804b7c-63f0-479c-877e-005bac110019,273,116,62,167,263,238,159,172,110,266,[]
5582db0c-4744-4c2f-9782-005cac110019,114,41,544,630,693,172,528,58,47,552,[]
55883f38-8fd8-4e9f-8675-0057ac110049,54,56,128,314,173,346,511,18,7,122,[]
5588d565-4d80-462f-95e7-005bac110019,60,477,437,159,116,100,165,58,162,101,[]
55893d77-17a0-4f22-b08f-005bac110019,54,548,93,231,129,603,230,417,709,881,[]
558a2f86-cd80-4941-a34d-005bac110019,217,34,690,158,442,157,544,324,263,452,[]
558abd31-7044-43b7-bfce-0057ac110049,197,235,462,66,35,236,37,311,322,33,[]
558bc3a1-2d1c-451c-9635-0059ac110049,236,197,255,235,66,231,144,36,160,820,[]
558c20bb-24ec-41e3-a4c9-0058ac110049,54,237,412,605,672,248,130,561,427,778,[]
558cccbd-3660-4d14-9984-0058ac110049,232,687,545,233,546,852,544,414,74,52,[]
55914d88-1420-4868-b72c-0059ac110049,270,631,89,632,676,32,451,47,472,464,[]
55955393-b180-488d-971c-0038ac110055,177,233,3,179,252,75,530,332,210,138,[]
559a7a2c-bd0c-4220-822f-0039ac110025,186,75,707,74,233,234,722,852,316,509,[]
559aeea4-8f04-4207-9a09-003bac110055,116,219,4,266,238,544,531,165,208,48,[]
559d699f-617c-45f9-8f5c-0031ac11002b,191,220,335,701,143,629,24,117,646,689,[]
559f8999-7810-4495-9f7f-0033ac11002b,187,14,218,196,146,198,281,137,356,44,[]
559f9f11-7978-4104-88fb-0031ac11002b,139,696,135,181,511,257,86,664,513,21,[]
55a13623-fe98-4756-8e01-0028ac11000d,174,165,544,823,116,35,208,37,157,821,[]
55a37d06-fcac-41b7-b6e3-0032ac11002b,69,301,218,190,280,312,201,215,507,307,[]
55a4fa2c-0c00-41da-bc00-0031ac11002b,193,216,95,200,262,431,318,53,557,438,[]
55a5845a-c4a4-4aa4-a204-0027ac11000d,177,530,17,113,119,304,302,158,121,117,[]
55a63566-58cc-4d64-9ed8-0033ac11002b,191,133,44,198,689,217,663,194,112,848,[]
55a658dd-49b4-4c6b-8162-0032ac11002b,189,287,252,501,177,143,341,113,500,344,[]
55a67d38-fda0-4425-9baa-0033ac11002b,198,304,311,174,452,224,473,117,335,144,[]
55a8ec4b-1938-4308-b985-0037ac110013,144,168,53,692,311,154,211,704,544,521,[]
55ad6e31-cf58-4754-b9e1-0038ac110013,831,551,117,143,461,474,528,588,642,692,[]
55ae2def-1aa0-41b3-9c0e-0035ac110013,94,354,253,146,340,191,131,314,369,128,[]
55ae5334-4108-4a17-a6e3-0039ac110013,4,719,158,630,58,110,254,159,183,116,[]
55aea399-da60-4cf6-98e0-0036ac110013,537,497,591,462,167,383,104,114,790,29,[]
55b0cfaf-69a8-4147-ab8e-0048ac110013,72,136,700,216,113,106,112,280,318,53,[]
55b0d407-68a8-4305-bdfe-0043ac110013,210,243,202,204,110,121,373,331,76,622,[]
55b78dc7-1090-4078-986e-0028ac110019,219,675,685,719,630,736,585,664,449,635,[]
55b8f420-5538-47a7-8e48-0027ac110019,190,603,356,128,13,314,353,312,11,441,[]
55bf2016-9374-41fa-aaca-003eac11000d,215,190,280,354,489,115,121,13,523,849,[]
55c0f881-75e4-465f-9ccc-0045ac110019,187,146,56,227,215,776,280,253,784,507,[]
55c35b4f-4370-427a-abf6-0043ac110019,544,579,48,38,766,254,524,554,580,528,[]
55c88c02-d314-4493-877a-0044ac110019,56,46,146,511,776,784,507,594,112,13,[]
55c9b834-5248-4804-a12b-0027ac11000d,210,182,178,204,163,172,3,630,50,719,[]
55ca2834-c52c-48e9-a925-0046ac11000d,157,531,167,726,528,573,99,537,630,719,[]
55cb3239-fa88-423e-a9fc-003aac11000d,191,287,354,115,251,179,75,189,252,212,[]
55cc73f4-ff08-4565-909d-0047ac11000d,114,528,283,338,250,383,630,159,61,263,[]
55cdd80a-a908-425d-9d96-0047ac11000d,263,285,550,630,484,867,473,94,648,272,[]
55cfee09-99c8-4f85-ac97-0047ac11000d,201,134,543,421,673,328,211,599,430,137,[]
55d1b7d4-6a60-4c78-913c-0041ac11000d,819,312,190,603,439,494,534,728,215,22,[]
55d1edcc-2be8-428f-a21f-0042ac11000d,120,503,168,253,321,133,108,783,86,611,[]
55d2cc71-3798-4785-ab51-0047ac11000d,439,370,190,819,133,534,194,312,489,494,[]
55ddf10a-5934-4c38-b246-0052ac11000d,194,513,278,754,786,840,100,101,102,103,[]
55e05586-105c-4b30-9b96-0055ac11000d,168,31,731,166,274,161,701,363,82,47,[]
55e54f7a-550c-4174-8a3d-004cac11000d,725,339,157,18,544,726,117,530,526,580,[]
55f1672f-1d24-4c98-a4f3-0037ac11000d,207,209,836,701,812,140,367,241,840,227,[]
55f692f3-cd9c-44a3-9326-0053ac11000d,179,133,67,220,209,582,118,329,494,848,[]
55f6c5ef-5264-4ad8-b0ef-003cac11000d,69,168,52,356,169,71,629,205,129,627,[]
55f83697-3f34-46cd-960e-0041ac11000d,100,101,102,103,104,105,106,107,108,109,[]
55fac04e-f324-4da2-a6b9-0048ac11000d,227,776,534,326,387,56,140,518,336,812,[]
55fae1fd-4b60-49c6-84f2-0048ac11000d,336,776,534,56,387,518,46,607,386,141,[]
55fcde49-d1e0-4055-9636-0048ac11000d,116,261,544,304,158,585,338,88,528,61,[]
560283b3-e69c-4845-85bd-003fac11000d,204,506,212,640,100,101,102,103,104,105,[]
56050754-e2c8-4f44-9a2d-0053ac11000d,196,87,387,280,489,253,176,709,507,187,[]
56050dfa-d400-45e6-ae95-0053ac11000d,226,504,503,120,225,499,611,133,511,516,[]
5608bec0-fa78-4da0-a6a2-0040ac11000d,269,582,218,566,574,494,403,343,598,510,[]
56091add-2a18-4396-97b2-0041ac11000d,101,470,304,183,385,159,41,423,117,481,[]
560aaec5-0c98-4e6c-8c19-0040ac11000d,313,676,766,51,679,761,263,166,212,522,[]
560e4cc2-2f14-49da-94b7-0059ac11000d,243,203,255,121,204,177,248,562,110,250,[]
560e833e-1a14-4ac1-bbe3-0058ac11000d,236,37,97,690,165,282,35,375,27,116,[]
5611a24d-ed94-4645-a3ac-004aac11000d,434,464,263,463,462,116,48,766,442,460,[]
561294b9-6f6c-436c-99e7-0057ac11000d,210,120,511,611,133,381,139,254,136,428,[]
56155f46-0de0-4f4f-b3c6-0058ac11000d,491,121,311,580,313,177,681,117,143,461,[]
56162d19-a890-4acc-93ed-004aac11000d,116,159,238,100,423,263,437,339,268,483,[]
561671e1-1934-44ea-b208-004aac11000d,52,304,119,457,154,195,101,423,179,449,[]
56192c94-cdfc-4861-a2a7-004aac11000d,216,262,95,200,193,431,689,194,551,504,[]
561badfa-e0cc-4a50-bbeb-004cac11000d,216,262,95,193,53,194,431,349,347,279,[]
561bc8ef-c090-490e-bf59-0028ac11000d,215,279,217,56,482,776,78,46,488,489,[]
561e1370-67a8-49fe-bad1-003fac11000d,353,538,534,215,56,201,776,784,46,78,[]
561fa948-383c-459f-92e4-0045ac11000d,234,35,138,75,322,707,186,852,722,233,[]
561fffec-5aec-4317-ad90-0046ac11000d,257,86,532,224,770,525,309,413,139,198,[]
56215356-45e4-4f17-a3bc-0024ac11000d,177,174,219,530,692,304,247,544,696,521,[]
5624e823-2130-4b32-879f-0044ac11000d,216,53,95,262,200,193,431,438,812,280,[]
56262825-e5d4-49cc-8845-0045ac11000d,263,202,110,462,497,528,477,442,162,434,[]
562639ac-5450-4ed8-9b05-0047ac11000d,187,525,600,87,280,333,770,340,24,563,[]
56264ee1-bc38-4200-82a7-0034ac11000d,238,521,154,156,520,41,696,179,52,692,[]
5626874d-84a4-4894-aa6c-0046ac11000d,72,523,702,188,700,136,22,279,146,359,[]
5627a675-bd90-4da9-b1a9-0046ac11000d,257,663,770,303,139,86,309,227,413,532,[]
5627d5db-73ec-40fe-aae5-0025ac11000d,545,505,100,101,102,103,104,105,106,107,[]
5628eba9-6668-4f91-8d36-0033ac11000d,532,257,86,770,413,394,816,139,198,509,[]
5628fcea-dca4-4cd9-8d57-0033ac11000d,120,133,139,611,108,136,511,556,873,220,[]
562d25a9-c998-4218-bde0-004fac11000d,276,282,280,491,354,600,272,433,594,131,[]
562f8325-35f0-4819-b398-004dac11000d,302,461,521,304,101,119,530,692,450,449,[]
562fa0c6-ddf8-4c55-8eeb-004eac11000d,249,96,161,497,248,199,527,298,865,250,[]
56320857-cb7c-4587-bad8-004fac11000d,260,546,693,663,867,429,695,495,167,463,[]
56324d45-cb18-4ce1-8153-0039ac11000d,138,322,298,249,484,140,35,413,316,179,[]
563257be-13b0-47a7-8ac7-0050ac11000d,335,529,347,146,530,304,606,696,452,53,[]
563326d3-7718-47fe-ac9f-003bac11000d,245,276,213,368,491,586,335,311,138,50,[]
563806ad-0ae0-4936-8186-0050ac11000d,133,120,237,770,267,111,818,611,12,113,[]
5638b120-f67c-45d5-9afd-003aac11000d,48,298,539,116,442,263,117,338,533,476,[]
5638bc68-45e8-4bd7-80a9-003bac11000d,130,302,136,132,72,770,87,303,771,327,[]
563b5d8e-dfe8-47c8-97d0-0050ac11000d,42,202,197,249,267,253,440,225,373,349,[]
563b7b8e-8d5c-40e4-9659-0050ac11000d,266,421,484,121,162,155,250,20,587,76,[]
56410160-9d64-4414-b151-0057ac11000d,783,504,807,365,781,794,499,738,510,503,[]
5641dc37-b5d4-41a2-b80c-0057ac11000d,73,48,274,76,96,18,279,685,98,383,[]
56421ecb-6480-4099-bfd7-0057ac11000d,195,304,552,636,177,52,41,337,88,104,[]
5643b8b0-8e08-495c-a11b-00360a2a73a5,269,777,314,574,646,629,143,336,832,510,[]
5645d3b5-ac18-4cb5-b406-002d0a2a5fa8,514,208,426,250,554,685,587,60,254,24,[]
564856ff-4214-4e54-b4e3-00330a2ac408,243,274,204,203,121,580,363,76,162,684,[]
5649d205-824c-484a-973d-00340a2a7b7f,798,176,369,100,101,102,103,104,105,106,[]
5649de69-2dd0-4242-bb08-00300a2a0e2d,243,121,274,498,684,203,376,76,204,162,[]
564aeba6-f7bc-4add-89d4-00330a2a1387,609,743,638,100,101,102,103,104,105,106,[]
564b2718-fe98-4142-b052-00310a2af576,705,117,140,27,413,461,474,642,692,701,[]
564b6c02-2f74-462a-9b9a-00300a2a89d1,121,202,863,203,373,210,739,243,250,587,[]
564dd425-f5c0-4a54-9202-00330a2a20d7,227,482,78,56,46,776,576,488,357,673,[]
564de013-5fb8-4f8f-836e-00310a2af835,578,141,199,271,142,272,137,123,211,178,[]
564dfd01-7194-4f91-8874-00320a2a63e6,249,360,34,26,713,731,563,398,578,701,[]
5651a020-7cd4-4098-b83f-00830a2aec9d,477,100,19,101,509,866,553,159,58,122,[]
5655c779-b664-40d5-874d-02a50a2aec9d,246,31,205,286,627,71,344,634,333,269,[]
5655d362-81d0-488a-8118-02a70a2aec9d,257,86,139,198,532,332,691,816,664,225,[]
5656ef28-e388-4b49-9f6f-036d0a2aec9d,253,168,499,118,783,701,504,510,828,282,[]
565c66d2-8a98-4559-8139-021c0a2a08ac,276,368,141,495,870,430,199,331,497,753,[]
565c8761-eb90-4ea1-bfea-02240a2a08ac,141,573,199,123,142,272,212,211,271,167,[]
565f5cf8-213c-4c3b-85e2-02800a2a08ac,97,530,206,732,161,24,219,696,179,685,[]
5661bc15-6cfc-43c2-bc8b-007f0a2addee,188,183,581,177,828,186,684,75,697,282,[]
56631f4b-2808-425c-9da2-00c30a2addee,209,516,558,604,118,418,106,225,559,390,[]
566579ad-7088-406d-a524-00320a2a5969,219,206,97,539,338,530,696,704,91,734,[]
5665bca3-1308-4374-bb24-00470a2a0dd4,143,210,703,447,629,717,646,51,744,475,[]
5666fc1f-523c-4b22-8be6-00c30a2a5969,278,274,204,279,497,252,328,161,203,433,[]
56691349-1724-4e7f-88e3-01260a2a0dd4,820,827,195,272,544,823,155,197,495,320,[]
56695a89-6630-447f-beab-01ba0a2a5969,881,205,201,287,189,218,129,246,14,168,[]
566a6855-6f94-4785-845f-01650a2a0dd4,9,262,644,362,715,877,285,303,175,181,[]
566e82eb-4e70-4a64-9fb9-01200a2a640e,209,740,280,136,720,126,688,87,568,606,[]
566f0bb9-b900-432f-8abb-002e0a2ac458,196,187,253,230,717,351,828,709,499,340,[]
566f19ac-eba0-43cf-97ab-002d0a2ac458,501,180,185,646,399,184,346,511,311,730,[]
566fe218-fbf4-44c8-9e55-00300a2a64f0,259,258,304,650,11,247,64,521,301,32,[]
567124c5-9230-4937-af7f-004f0a2ae4d8,91,227,213,530,112,12,203,529,13,523,[]
5671597f-10a8-459c-85c3-005b0a2ae4d8,78,344,776,179,56,449,518,629,657,140,[]
5672a8dc-4c9c-4399-8c87-00b10a2ae3a4,282,208,250,178,426,554,730,274,540,308,[]
5677fbc4-81bc-428b-b72f-03c30a2ae3a4,106,280,136,115,181,277,564,251,610,354,[]
56781cfb-27e4-4b68-8ee5-00300a2afd60,529,364,394,523,432,136,181,503,504,377,[]
568d4c15-5570-4456-85f0-041a0a2afd60,303,301,91,740,13,513,478,309,112,511,[]
568f52c5-1914-4ea2-9e26-048e0a2afd60,502,100,101,102,103,104,105,106,107,108,[]
568fd1b8-d224-4358-86e1-06aa0a2a883c,2,153,676,60,180,5,527,616,163,159,[]
5690126f-d2dc-475b-b81a-06ba0a2a883c,249,286,31,255,502,73,25,624,331,622,[]
569484f9-5dcc-4d34-a2cc-08470a2a883c,97,206,142,615,735,727,183,530,648,179,[]
5694ff6c-4f10-46bc-b110-05aa0a2afd60,287,302,605,311,304,848,111,251,499,494,[]
56967bf7-e9bc-417d-bf35-05f10a2afd60,278,311,681,496,77,161,328,544,38,138,[]
5697c4ea-0ca0-49e4-86b9-062a0a2afd60,259,258,650,93,675,651,113,830,7,736,[]
5698238f-2230-4926-bc88-063a0a2afd60,333,778,218,190,353,603,507,784,356,205,[]
569cd631-5948-4caa-b294-06e20a2afd60,685,133,120,664,139,225,511,258,304,611,[]
569ce9e9-a8d8-430e-8af8-06e10a2afd60,387,259,191,198,864,685,421,69,479,242,[]
569d088b-1648-4cfb-973f-06e20a2afd60,206,208,250,554,734,730,308,334,24,540,[]
569d1b9d-e078-4f88-a6ea-0a930a2a883c,647,208,250,333,286,206,325,35,334,312,[]
569e8f5b-8e70-4274-b529-07450a2afd60,328,496,333,123,210,199,308,141,331,303,[]
569f98e3-10c4-42c7-a9b2-0b3f0a2a883c,285,63,122,263,161,268,437,162,544,464,[]
569facdf-4e30-4182-9ca9-07b50a2afd60,238,150,159,256,631,505,41,250,632,654,[]
569fc463-cb7c-47e1-82fe-0b440a2a883c,278,91,355,287,280,312,217,315,303,513,[]
56a251e9-6100-48fd-856c-087d0a2afd60,273,34,313,256,552,870,162,579,171,110,[]
56a5fef1-7554-4b29-823e-092c0a2afd60,177,202,338,672,677,573,29,589,507,174,[]
56a63f4f-47c4-49af-a368-093d0a2afd60,100,101,102,103,104,105,106,107,108,109,[]
56a76a26-5474-4dd7-b57d-096d0a2afd60,237,503,133,111,611,626,394,516,220,710,[]
56a7961b-bde0-4b97-b883-0d6c0a2a883c,251,605,494,848,499,724,203,421,221,625,[]
56a7aa1e-6120-4062-bdc3-0d6e0a2a883c,218,353,666,489,712,711,439,603,594,607,[]
56a7b316-4658-4672-92b7-0d700a2a883c,333,280,340,319,118,441,44,191,112,312,[]
56a7ffc4-dca8-4ae5-b782-09950a2afd60,403,413,369,412,340,345,770,118,253,684,[]
56a8ca93-ef60-4231-bd39-0dc40a2a883c,302,530,474,119,316,311,24,741,655,179,[]
56a8f050-aa1c-4e81-8ef1-09c90a2afd60,274,263,539,203,615,338,460,272,102,383,[]
56abda14-e980-4620-b3ad-0a720a2afd60,339,679,632,100,162,270,470,423,631,435,[]
56b0d944-2e68-4df0-99d2-10060a2a883c,238,339,679,100,423,524,580,122,435,471,[]
56b0f1e1-0ef8-4c67-a959-10060a2a883c,314,421,131,46,173,221,231,196,494,417,[]
56b20572-edc8-4eed-890f-0ca90a2afd60,328,308,496,199,68,69,825,333,844,847,[]
56b21f10-4528-4138-8138-0cb00a2afd60,208,339,256,73,737,643,730,250,455,734,[]
56b227d6-f398-455a-a2ba-0cb90a2afd60,196,187,253,717,365,400,510,412,486,8,[]
56b2737f-d100-4c93-8bc4-10770a2a883c,41,455,256,339,375,270,631,483,580,640,[]
56b316e1-87bc-4a73-89b1-10b00a2a883c,100,101,102,103,104,105,106,107,108,109,[]
56b3dadc-4ba8-477e-ab4a-0d540a2afd60,203,231,718,255,373,197,424,363,498,204,[]
56b45431-4488-43ed-9faf-11240a2a883c,553,138,213,52,183,581,75,546,704,722,[]
56b85012-d33c-4b5f-bacb-00c50a2af616,5,268,437,238,435,423,342,150,254,266,[]
56b8d4a2-8164-4cf7-ba60-11000a2afd60,346,312,351,612,709,230,828,201,403,882,[]
56bb3eda-b4d8-42aa-bb9a-134f0a2afd60,246,230,218,314,421,14,115,201,253,190,[]
56bdc09d-798c-440f-8db8-023e0a2af616,486,187,196,717,325,298,7,503,595,253,[]
56c0a8b5-f6f0-4fca-ae55-011c0a2a3ca6,187,312,230,280,362,201,516,196,709,122,[]
56c1e3a5-5644-498e-8ac6-01940a2a6be7,196,187,230,351,709,828,882,403,387,141,[]
56c244b5-1210-4530-b3e1-01bf0a2a6be7,203,274,204,424,713,284,31,197,27,525,[]
56c2de0e-f1fc-4651-861b-01f90a2a3ca6,27,375,647,321,852,97,52,704,75,682,[]
56c31212-73e0-43b9-9195-02080a2a6be7,333,208,31,286,178,321,250,734,554,325,[]
56c31df3-08cc-4574-83af-020a0a2a6be7,249,555,283,683,325,210,338,479,334,298,[]
56c4e4bf-c844-43c3-8e97-02b50a2a6be7,286,325,618,775,624,255,25,333,526,31,[]
56c5a056-eae4-4e2b-b11d-02d40a2a3ca6,116,48,165,544,266,174,155,159,102,631,[]
56c62805-1d38-402b-84d6-03120a2a3ca6,165,162,114,208,47,544,99,537,719,648,[]
56c68a0e-20fc-4a5e-ab2f-03450a2a6be7,105,865,41,98,110,261,326,479,730,76,[]
56c70927-9908-4663-a9e1-03520a2a6be7,648,208,99,114,581,537,719,162,273,630,[]
56cdd471-f020-4357-8fa6-05460a2a3ca6,353,218,670,312,864,46,439,503,314,499,[]
56d0378b-bcb4-4490-a433-06450a2a6be7,311,276,217,344,348,315,530,24,337,304,[]
56d42842-93a4-4ee9-be19-06c30a2a3ca6,442,116,274,102,41,165,174,266,161,256,[]
56d4a3cb-d7bc-42f0-99b6-07b00a2a6be7,447,544,524,51,157,443,162,38,454,114,[]
56d614b5-eef4-4579-95f9-07220a2a3ca6,628,385,888,539,831,250,266,466,631,48,[]
56dd5216-639c-4ef9-9f9f-0e1b0a2a4bff,217,324,284,690,452,442,263,34,542,826,[]
56dd53d7-d184-4ce5-abed-11a60a2a6d78,286,73,725,31,167,271,333,752,621,147,[]
56dfb62a-4ef0-45e7-9de0-152c0a2a4bff,210,253,178,51,94,121,282,402,571,151,[]
56e01f5f-bb14-499a-8d79-00650a2aace4,413,87,312,184,340,310,664,218,403,516,[]
56e031ae-6ed4-45be-a5fe-002e0a2aca4b,507,607,747,603,856,220,819,187,864,218,[]
56e09d46-262c-4fd1-b354-01300a2a417f,137,622,248,329,331,152,624,566,7,298,[]
56e0cce5-cef4-43fc-8ce1-01980a2ad81e,152,248,207,566,857,343,365,602,608,717,[]
56e1948d-9340-4af5-ba68-042f0a2a417f,210,333,151,622,231,325,226,381,50,255,[]
56e1c208-9154-412c-b719-04cf0a2a417f,210,51,50,226,428,381,20,867,3,508,[]
56e1c3d4-a868-48a0-b4d0-04300a2ad81e,441,486,248,152,566,622,624,343,7,331,[]
56e29125-75b4-4c1f-af67-068e0a2ad81e,226,381,210,51,398,429,586,447,738,20,[]
56e2ffd3-e1f4-423b-a380-00360a2adc86,368,540,673,37,536,343,537,338,430,276,[]
56e301bb-9ca4-4f4a-b770-00370a2adc86,106,648,35,495,322,119,179,138,117,304,[]
56e32820-1078-47f5-a406-007e0a2a6889,210,508,686,410,652,50,548,226,403,528,[]
56e68620-2efc-4bfb-bf49-09870a2a6889,210,226,99,51,428,632,631,869,509,151,[]
56e68c04-b8b0-4850-a9c7-0b140a2adc86,583,864,504,590,382,187,828,253,514,561,[]
56e6a9e3-c238-422d-a13a-09e30a2a6889,301,13,507,396,220,607,603,772,819,856,[]
56e70bac-5abc-4a63-9ede-0c5d0a2adc86,151,210,226,302,249,788,429,51,428,337,[]
56e76715-0ba4-48b5-aa58-0d8f0a2adc86,655,105,546,260,425,537,374,49,579,100,[]
56e83033-fecc-42c5-8cde-0f880a2adc86,226,51,210,428,151,548,454,231,50,341,[]
56e8ce20-54b0-4971-bd28-11a60a2adc86,196,253,187,440,510,366,351,813,828,709,[]
56e92688-0940-49b7-93e9-10590a2a6889,333,172,276,331,563,501,344,17,249,719,[]
56eaad1f-fd18-49bf-8fe6-00610a2a0b7f,95,216,262,200,193,194,431,53,812,715,[]
56ec10f5-8b28-40c9-a01c-03b80a2a0b7f,184,141,376,351,230,228,348,387,276,199,[]
56eca39c-7bf8-4927-b437-00fa0a2a1fd5,133,413,770,394,86,12,330,818,808,722,[]
56ee50b3-76bc-4697-8062-04f10a2a1fd5,351,9,796,181,396,759,792,795,802,262,[]
56f00164-290c-4707-959e-0b550a2a0ff1,53,200,216,431,115,194,262,193,11,176,[]
56f00b4f-0618-4742-a7d5-09090a2a1fd5,133,209,225,516,106,118,390,604,340,194,[]
56f00ef2-3174-42f2-8875-09140a2a1fd5,136,345,387,280,132,139,576,191,496,513,[]
56f13469-7084-48f0-a1d2-0f200a2a0ff1,700,280,136,106,218,134,126,279,215,112,[]
56f41692-b7d8-4b32-9262-16ef0a2a0ff1,39,173,859,576,122,45,560,209,233,780,[]
56f50559-77dc-4d0b-ad64-140c0a2a1fd5,628,725,530,348,735,138,177,199,322,73,[]
56f53b0d-7908-40b4-8ae7-14820a2a1fd5,44,189,649,311,112,302,401,13,754,487,[]
56fccbb3-52b8-4297-84e4-30d50a2a0ff1,216,200,262,95,193,53,194,136,812,106,[]
57024f04-7e04-4460-ad26-12fe0a2a4e9e,147,286,167,102,49,114,31,157,156,43,[]
57029d8c-402c-42ae-bc6d-0c670a2ae7c0,318,359,759,366,361,95,175,700,378,193,[]
5703a19c-1df4-4f05-9ee7-177e0a2a4e9e,333,542,690,324,442,263,99,719,528,452,[]
5703a59d-c260-4c8b-846f-17870a2a4e9e,336,223,538,275,190,130,534,603,851,215,[]
5703d08c-8750-4d74-a187-0f050a2ae7c0,359,773,95,361,132,759,792,795,802,262,[]
570503fd-81a0-4905-b2f3-1ca40a2a4e9e,178,628,34,166,554,540,82,630,442,20,[]
57050c24-47d0-4a1e-a049-1cc60a2a4e9e,20,403,381,178,738,628,166,701,31,249,[]
57051246-d88c-4951-8b81-1cd90a2a4e9e,277,345,146,514,280,11,543,349,534,507,[]
5706813b-1700-469d-b3a3-21b80a2a4e9e,330,349,115,327,181,564,513,772,510,351,[]
57078b88-75d0-47a8-b596-24890a2a4e9e,336,538,370,190,489,514,223,534,603,215,[]
5707d33e-e0b0-4cd6-b27a-17d90a2ae7c0,326,168,330,231,120,227,710,237,242,207,[]
570bba5a-a5b8-4b60-83e5-33310a2a4e9e,287,213,278,18,219,363,722,344,147,808,[]
570cb1a3-ef08-405a-94c2-23a90a2ae7c0,227,310,812,336,140,347,193,303,175,239,[]
570d4042-48b8-4db0-aa2c-38280a2a4e9e,184,185,212,12,527,368,646,314,543,511,[]
570d65c1-8428-4f22-820e-38920a2a4e9e,333,123,325,219,31,255,107,453,16,206,[]
570e5664-44d0-4be8-a093-27f10a2ae7c0,337,203,637,287,247,111,177,233,179,118,[]
570e8e31-6378-4fce-94ae-288b0a2ae7c0,302,639,123,713,741,427,16,332,308,775,[]
570fa1e7-b52c-4e5d-bcb1-2afc0a2ae7c0,753,361,112,478,321,473,431,491,184,354,[]
570faf80-84f4-402b-af0f-408f0a2a4e9e,210,381,686,270,20,50,3,226,641,788,[]
5714819c-c54c-413f-a114-09570a2a7ae1,403,563,430,116,381,286,17,51,454,34,[]
5714ee70-45f4-414a-8f4d-0b320a2a3f76,200,134,318,771,366,72,770,87,239,132,[]
5714f0d5-4f58-4623-b6eb-0a260a2a7ae1,333,42,107,286,255,325,267,210,31,282,[]
5714ffd7-d7ec-4af5-a7d3-0a490a2a7ae1,219,309,107,310,439,113,645,204,251,721,[]
571521d0-f250-417e-b42b-0b980a2a3f76,132,303,347,330,309,279,529,813,359,9,[]
571574f7-62dc-42b9-b1e8-0b3a0a2a7ae1,278,302,242,112,252,280,348,279,771,215,[]
571579df-43f8-479a-8ca0-0b460a2a7ae1,180,271,298,184,18,252,249,527,44,248,[]
5715c870-e438-470d-b9c3-0bf00a2a7ae1,350,538,326,190,215,90,819,489,547,277,[]
5715f0e1-8138-4036-a015-0d500a2a3f76,69,189,75,186,707,234,233,343,74,852,[]
57164fcd-d460-4a8d-95d4-0cf50a2a7ae1,252,344,130,287,75,186,331,280,129,707,[]
571787ab-ab10-454f-b8da-0f300a2a7ae1,269,54,14,510,514,312,864,574,518,249,[]
5718e048-f370-4b33-9769-132d0a2a3f76,302,618,333,319,427,375,562,31,123,332,[]
571926a9-7020-4620-a628-006a0a2a34e5,611,108,302,403,330,413,490,394,120,12,[]
5719fc31-1fe0-4e72-ad66-01f80a2a5fc8,333,312,478,600,310,315,99,819,348,380,[]
571a098a-b5e4-416c-b8ce-02180a2a34e5,281,11,13,853,189,740,301,26,7,510,[]
571a55f5-591c-4e06-95e7-02ae0a2a34e5,121,651,177,741,259,675,644,139,183,258,[]
571a746a-c774-4f91-85e6-02e30a2a34e5,278,161,116,174,544,272,654,155,274,165,[]
571aade5-91bc-4321-9765-033d0a2a34e5,398,51,391,429,229,153,381,828,100,101,[]
571e02e3-2934-4d5d-a259-0a2d0a2a34e5,302,123,344,141,590,276,308,137,328,333,[]
571e0852-06a0-4db0-9ab2-09b50a2a5fc8,344,853,740,189,461,707,301,26,281,187,[]
571efc8b-8938-4c99-835d-0b970a2a5fc8,328,344,789,527,333,137,61,331,219,269,[]
5720bd1c-c6cc-415b-8ffe-0fa50a2a34e5,440,503,516,499,353,253,523,417,599,340,[]
572214c5-25b8-42e3-b8a4-11330a2a5fc8,130,201,237,44,590,882,427,518,881,105,[]
57221ae7-a108-4c30-a194-12300a2a34e5,177,252,75,302,186,304,316,530,234,233,[]
572232db-ba64-4f67-ab5a-126e0a2a34e5,627,363,231,622,255,523,624,388,325,318,[]
57224638-52f4-460a-ac7e-119a0a2a5fc8,17,333,563,123,141,249,402,308,210,269,[]
57224921-f734-42bd-b3ab-12ac0a2a34e5,189,186,75,707,74,852,234,233,675,722,[]
5726a93f-9e80-4553-9d9c-1b120a2a5fc8,271,180,348,100,101,102,103,104,105,106,[]
5727f83e-4758-44a8-b100-1d9f0a2a34e5,271,348,100,101,102,103,104,105,106,107,[]
572869d6-a11c-46f0-977a-1e930a2a34e5,578,276,141,123,348,590,344,54,681,527,[]
57289e7b-caf8-4678-a272-1fa30a2a5fc8,100,101,102,103,104,105,106,107,108,109,[]
5728d8b1-6740-4a5b-9850-1fe40a2a5fc8,219,97,206,461,101,304,530,88,704,734,[]
572a0a63-002c-433a-8069-02e40a2a3e54,618,319,427,374,562,391,331,17,31,492,[]
572b3419-3034-4b13-b2fd-01670a2af858,213,29,770,52,341,515,808,64,232,321,[]
572c4b81-33a8-446b-9c6c-0c290a2a4f90,750,270,210,676,451,464,472,447,826,469,[]
572c638c-cf88-4eed-8996-00a90a2a6eaf,100,94,31,229,410,529,704,696,347,235,[]
5730824c-d284-410b-9f71-00320a2ac04e,481,5,339,423,437,100,6,268,497,59,[]
5731b802-af20-4aa2-a88c-002d0a2a18f1,603,22,45,190,209,564,378,755,819,352,[]
57324868-fc20-4bca-8d75-002f0a2a18f1,339,640,256,476,737,580,372,73,725,208,[]
5733487e-5be8-43ab-94a8-00430a2ac04e,613,369,356,547,711,518,851,561,708,71,[]
5735fb88-e830-421d-bdba-0e030a2a7023,325,622,624,627,243,255,722,18,879,808,[]
5739bd0b-7cf4-48c3-9920-00960a2a7db7,357,353,218,356,87,115,594,190,595,670,[]
5739c140-cf2c-4715-b72b-00a00a2a7db7,195,206,652,123,255,865,276,174,119,88,[]
5739d474-441c-42a7-a0a1-00f30a2aa8ac,54,248,312,7,152,441,249,574,381,137,[]
5739f1bb-26b0-4343-b0d0-003b0a2a27f1,391,624,333,354,286,73,24,280,526,577,[]
573a8620-8690-4c9e-9018-00c20a2a58f7,196,351,510,440,813,230,366,253,709,387,[]
573b1b45-9248-420e-a840-013c0a2a27f1,413,403,441,574,248,137,312,417,738,486,[]
573b1dbc-3d7c-4071-aea7-01680a2a58f7,96,157,102,116,73,286,199,368,147,685,[]
573c36fa-c3c8-4354-a6cc-02af0a2a58f7,115,776,534,387,518,56,140,812,349,176,[]
573c7aa6-9174-4616-a390-02fe0a2a58f7,403,380,179,219,383,340,177,309,113,204,[]
573d299d-8584-4dcb-9dc0-04ca0a2a27f1,887,644,548,888,429,212,640,177,172,182,[]
573d614a-1140-4226-bd62-04350a2a58f7,216,354,193,200,499,280,262,347,215,95,[]
573d810d-83c0-46bc-80d3-054c0a2a27f1,52,144,119,217,117,474,304,154,337,33,[]
573d83c7-d350-4c18-af39-05520a2a27f1,115,301,776,387,140,534,56,518,336,513,[]
573dcecd-2698-4420-9d81-04d60a2a58f7,217,509,452,770,161,544,38,413,174,309,[]
573ecd91-1418-466a-91cd-0dce0a2a58f7,344,847,844,881,71,353,44,879,415,314,[]
5742d946-c70c-48db-bb91-00320a2a15a3,333,331,789,527,319,68,31,157,286,325,[]
5744134a-d380-40c3-a564-002f0a2ab23c,394,28,618,775,825,321,25,564,605,136,[]
57441cc5-d6ec-4993-b079-002f0a2ab23c,382,44,344,281,130,14,16,71,13,518,[]
5744be9e-bf4c-460e-84d2-002d0a2acf55,116,32,153,886,41,826,749,320,174,868,[]
5745f403-fc24-43b2-87d0-00300a2acf55,362,396,9,326,813,689,759,262,95,351,[]
5746f423-d9d0-4495-a345-002f0a2a7f1e,82,167,206,634,286,652,756,775,98,790,[]
57470080-2b34-4cc4-b929-002e0a2ac2ed,126,620,142,307,143,14,275,370,314,277,[]
574721c1-2928-4a82-a402-002e0a2ac2ed,346,14,126,314,277,570,307,478,46,91,[]
5747e281-7ce8-41f1-8940-002f0a2ac2ed,544,217,34,663,324,117,636,550,533,692,[]
57481072-d28c-475e-8ab0-002e0a2a7f1e,250,208,417,118,247,637,599,562,340,234,[]
57481129-7c24-4fd4-b420-002f0a2ac2ed,346,310,99,600,176,587,819,588,350,175,[]
574846fa-667c-400e-b38d-004c0a2ac2ed,208,730,238,455,274,250,256,23,24,34,[]
5748df48-ac70-42b2-b5ff-002f0a2ac2ed,701,335,227,109,140,245,239,303,132,191,[]
574939aa-e8a8-49ca-a1c2-002e0a2a7f1e,331,269,248,551,219,344,527,7,17,186,[]
574ab675-c32c-430e-9bdc-002e0a2a7f1e,367,397,78,190,776,603,478,46,538,370,[]
574aeb06-7b14-4239-ad9f-002f0a2a7f1e,276,540,141,344,137,649,368,15,371,860,[]
574b4dbb-c46c-4bc2-8fac-002f0a2ac2ed,54,828,398,371,123,858,860,590,152,399,[]
574b7a32-0428-491d-8500-002e0a2ac2ed,276,271,69,328,141,269,368,137,344,68,[]
574bf9d1-c614-49d1-9055-002f0a2a7f1e,416,395,658,396,541,216,315,355,637,335,[]
574d11b8-3318-4746-9102-002f0a2a7f1e,325,624,622,333,787,645,255,775,302,734,[]
574db38c-d0f4-4a4f-9a16-002e0a2a7f1e,449,441,177,429,212,221,332,172,474,436,[]
574e8be4-9658-43fd-a567-002f0a2a7f1e,776,534,56,336,518,387,140,46,851,367,[]
574e91ca-9914-4fb3-97e8-002f0a2a7f1e,262,216,53,367,491,529,347,572,637,335,[]
574ef1a6-47bc-4c51-b1a2-00320a2ab710,360,614,658,354,91,135,379,355,9,118,[]
5750654a-6988-4ccc-bddc-00b00a2ac2ed,210,151,121,373,402,382,20,50,622,381,[]
57509013-8744-4028-b814-00c00a2a7f1e,333,219,325,31,787,734,526,879,344,617,[]
57513a55-f3a8-4d07-8635-00da0a2a7f1e,340,369,561,613,711,436,680,71,584,489,[]
575159b9-f938-4338-8f97-00b10a2ac2ed,700,134,318,72,136,216,702,70,507,633,[]
57553f54-2ef0-441a-962b-00c70a2a7f1e,383,116,98,790,337,141,477,276,368,27,[]
57554841-642c-429d-8c51-00da0a2a7f1e,345,442,425,790,141,337,371,383,368,762,[]
575792fa-e128-42e2-9c0e-00da0a2a7f1e,253,413,312,177,361,366,510,504,282,359,[]
57581056-0b68-49cc-b05e-002c0a2a18ca,329,330,237,611,239,771,582,108,120,244,[]
575956ba-4188-4346-8e18-002d0a2a4501,376,339,208,730,643,734,238,250,455,737,[]
57596d66-5ff8-4c6b-8a96-002c0a2a150b,526,302,119,154,311,304,333,16,138,33,[]
57598b83-7e24-40a8-b648-002d0a2a150b,28,332,775,825,410,618,25,414,707,168,[]
5759b620-f4d0-422c-b2ac-002d0a2a4501,410,54,828,123,398,590,417,69,860,371,[]
575a9d2f-a12c-4449-853d-004d0a2a150b,739,48,174,156,37,116,827,165,544,823,[]
575aa892-b244-4163-a20b-002c0a2a150b,612,365,107,113,340,309,310,568,721,652,[]
575ace18-7f9c-4cb7-961b-002d0a2a150b,43,726,671,119,177,195,461,530,302,32,[]
575eb1c4-0d9c-46c9-8fb6-004d0a2a150b,263,268,428,497,387,528,442,122,437,434,[]
57616b87-e08c-475a-9fb5-008a0a2a150b,200,53,311,117,478,95,262,557,572,193,[]
57616ded-e73c-4ed5-92ac-00570a2a4501,658,200,396,637,811,885,418,53,541,355,[]
5762aaad-7b8c-4822-99e1-002d0a2a0279,342,61,719,250,331,619,537,249,58,100,[]
5762b5c6-5080-4b2c-9bfe-002d0a2a8f75,416,398,719,537,619,100,61,114,673,58,[]
5762d896-0d88-40ba-be32-00430a2a8f75,287,13,114,189,139,128,359,258,250,314,[]
5763cd6e-1f28-4b5b-b995-002c0a2a0279,259,675,809,139,183,258,691,769,225,257,[]
57641dcb-dec0-47da-bc32-002d0a2a0279,195,174,33,612,52,550,37,304,88,829,[]
57696709-3c5c-49c7-a47d-00690a2a8f75,233,332,423,619,173,493,122,562,435,587,[]
576ab67c-db54-46ee-92b6-00350a2a0279,141,199,201,350,129,187,343,128,131,11,[]
576ab6c3-0160-4268-b0a8-00690a2a8f75,164,372,730,339,376,520,471,737,643,23,[]
576bd0c3-2170-4395-8bf6-00520a2a8f75,334,400,315,388,228,168,852,325,396,627,[]
576c01c3-a17c-4cc2-b30a-00520a2a8f75,27,321,237,239,329,424,327,108,74,848,[]
576d3c6b-5a64-4dfc-a708-00690a2a8f75,251,136,209,611,509,302,237,70,513,394,[]
576f50e8-dc74-4ef0-8316-002d0a2aceff,195,498,97,165,690,37,529,282,641,255,[]
57713665-0bdc-4d38-8feb-002d0a2a0137,435,639,546,686,618,525,100,31,770,775,[]
577197ed-10b4-4bcd-bdfc-003a0a2aceff,47,270,41,631,153,419,100,632,435,472,[]
57741615-617c-4937-89bb-002c0a2a0137,700,303,361,132,280,773,366,118,359,720,[]
5774dbfb-150c-4c7b-a3e5-002c0a2aceff,280,309,118,327,216,710,262,340,175,136,[]
5775460b-37a4-49a8-aa42-002c0a2a0137,348,578,278,573,355,469,303,228,279,436,[]
577565f4-6a30-44d7-918e-002c0a2a0137,521,450,579,460,4,256,790,434,442,38,[]
5776364d-59d8-4445-a063-002c0a2a0137,464,457,477,263,116,544,261,122,63,679,[]
57767a97-007c-4aa6-b83b-002c0a2aceff,341,761,89,263,398,648,461,644,15,103,[]
577971f3-a9d4-4b11-890c-00310a2a0137,578,278,355,469,303,228,279,271,219,252,[]
577a5d04-b224-44a4-90c2-00bf0a2aceff,520,23,339,469,274,376,372,462,471,476,[]
577cdf4d-6d58-4670-a50a-00bf0a2aceff,347,364,285,792,262,351,361,362,551,132,[]
577cf643-6b80-42a8-9e7c-00be0a2aceff,349,194,227,431,812,281,146,772,198,326,[]
577d066c-d6c0-4180-b632-00ec0a2aceff,412,218,441,416,403,605,561,54,130,237,[]
577d69ab-b5b8-47ec-a593-00310a2a0137,441,136,168,547,137,329,574,519,312,738,[]
577e922f-2078-4207-9fd1-00bc0a2a0137,424,365,717,428,360,486,167,42,412,882,[]
577f0dab-8f88-4ff1-a1a1-00bc0a2a0137,233,519,248,738,574,137,7,807,152,312,[]
577f7d9e-5ca4-425f-859a-00ec0a2aceff,510,574,248,137,738,486,312,381,7,177,[]
577fa336-76e0-45ff-b5f7-00bf0a2aceff,574,738,248,137,807,152,850,486,7,312,[]
578095cd-123c-491c-a1dd-00bf0a2aceff,75,525,704,304,808,396,72,146,457,830,[]
57829aca-c700-4837-b342-00310a2a0137,574,738,248,137,807,152,850,486,7,312,[]
578359d0-91ac-4983-96f5-00bb0a2a0137,412,360,347,519,386,8,614,9,490,309,[]
5783bc7b-d994-4990-bf7a-00bc0a2a0137,7,249,298,356,26,221,17,123,248,129,[]
5783dd99-9fdc-487a-b901-01360a2a0137,553,234,704,188,144,233,682,722,546,138,[]
5783e1b4-2a80-4213-8d18-016e0a2aceff,237,672,130,412,605,427,778,105,714,66,[]
5784b683-a710-43cd-a066-01740a2aceff,489,191,56,436,776,518,39,441,534,851,[]
5785c3aa-71c4-45f6-8c12-013d0a2a0137,233,490,771,600,770,173,87,330,298,134,[]
5786174d-1f44-4860-bfb2-01460a2a0137,627,518,203,17,828,272,401,449,381,530,[]
578658e3-5498-4c75-937d-01580a2a0137,332,412,44,225,212,221,298,685,177,429,[]
578689d3-08e0-4075-95d2-01580a2a0137,367,701,810,53,836,812,335,241,245,227,[]
5786cac8-1164-44bc-95d3-01920a2aceff,441,439,201,776,784,269,464,13,778,205,[]
5787882f-074c-4abb-8ccb-01580a2a0137,131,507,356,849,369,439,494,512,518,534,[]
5787e499-4344-4b90-8dac-01920a2aceff,232,247,118,316,186,340,234,599,637,758,[]
57880d84-1fc8-4272-8389-01590a2a0137,75,704,722,852,348,553,332,154,546,321,[]
5788e481-1de8-44b6-99b1-017b0a2a0137,488,484,458,684,225,56,437,542,162,324,[]
578c9080-b44c-48b9-adf1-002c0a2a6d31,201,583,137,187,596,223,218,196,56,78,[]
578ca6e4-a918-46cc-ac39-002d0a2a6d31,303,311,279,132,139,513,280,355,390,278,[]
578cc1c1-bcf4-4a44-9e1e-002d0a2ae60c,494,514,566,596,598,606,543,131,512,784,[]
578cc50a-01b4-4975-bcef-002d0a2a6d31,509,304,88,117,461,474,642,692,701,159,[]
578d1b9b-12b8-47f9-81a9-002c0a2a14b5,368,308,328,69,276,199,371,427,141,479,[]
578d3af4-83d4-4369-a391-002d0a2a14b5,518,553,17,203,581,546,530,828,531,704,[]
578e24dd-6300-4823-823b-002d0a2a14b5,75,188,722,340,707,771,611,498,553,108,[]
578e685d-181c-40a9-aac4-00320a2a6d31,227,490,349,431,112,812,146,281,115,354,[]
578eb3fd-67f8-4804-bab1-002d0a2a14b5,553,674,808,309,414,213,770,413,722,303,[]
578f40ff-a794-4e98-bb71-002d0a2a6d31,35,195,75,138,322,186,174,189,707,234,[]
57908c8c-5170-4cf3-9f19-002d0a2ab38f,75,211,234,852,704,233,144,186,321,74,[]
57936df4-6040-49cb-b1a0-002d0a2ab38f,449,88,259,651,304,12,302,416,685,432,[]
5796b46c-5d44-49b2-bce3-002d0a2ab38f,509,100,101,451,159,41,110,162,423,114,[]
5796c727-cb94-4051-8332-002d0a2ab38f,329,413,220,267,494,244,487,237,439,327,[]
57977044-2b18-4126-bb57-002f0a2aa404,348,271,578,278,573,355,303,228,469,279,[]
579782d4-f0b4-4117-8637-002d0a2aa404,510,507,369,218,603,747,864,856,220,819,[]
57978f6a-8864-4e5c-8e0e-002d0a2aa404,361,359,366,216,327,355,280,523,700,279,[]
57985ac0-af9c-4cf5-a751-002f0a2aa404,499,503,168,351,253,783,504,709,828,230,[]
579865e2-9c54-4f62-a785-002d0a2ab38f,583,343,828,853,706,413,665,129,441,510,[]
579868fa-d264-4958-af71-007d0a2aa404,624,627,325,333,255,403,873,249,622,381,[]
57997e4c-780c-43f2-803a-007d0a2aa404,631,435,150,483,100,183,654,470,159,268,[]
579a221e-76f8-408b-b7f3-00860a2aa404,507,547,776,518,603,56,534,46,356,602,[]
579a5a22-c1ec-4e53-8795-007d0a2aa404,669,271,452,54,698,45,882,123,486,492,[]
579ae66d-e760-44ca-bd8d-002d0a2ab38f,331,381,17,123,253,249,828,525,121,54,[]
579b0924-c6e0-44ff-bac7-007d0a2aa404,507,504,187,670,856,711,595,574,499,312,[]
579b2919-d868-484d-81f6-002d0a2ab38f,504,510,503,499,253,349,115,196,181,564,[]
579b32d7-d3c8-4887-a1ee-00860a2aa404,510,504,499,253,349,115,196,181,620,380,[]
579b3749-0388-4b83-895e-002d0a2ab38f,503,499,504,349,253,115,181,564,196,516,[]
579b91d1-a950-42fd-a7a1-007d0a2aa404,546,58,100,455,159,150,266,153,172,648,[]
579ccd5b-c220-406d-9bff-007d0a2aa404,526,741,195,663,24,341,416,461,530,337,[]
579f0640-9f28-4bcf-91ac-002d0a2ab38f,253,115,349,181,588,510,196,828,610,564,[]
579f683e-cd28-4775-8139-00840a2aa404,513,510,518,514,754,504,253,349,115,503,[]
57a060da-7e88-4a43-9922-00840a2aa404,512,494,596,518,566,606,131,514,598,543,[]
57a0c5a6-0738-422c-ac93-01290a2ab38f,396,413,507,700,72,438,136,366,280,390,[]
57a0d6e9-14dc-4e55-aacf-007d0a2aa404,187,196,351,400,828,804,230,387,436,709,[]
57a21151-e64c-4f17-a66c-00ef0a2aa404,243,203,274,363,204,161,718,624,178,388,[]
57a2e398-dba4-4bbc-80ba-00f10a2aa404,111,93,113,516,120,394,7,247,611,724,[]
57a325ac-0fcc-4219-a976-00860a2aa404,359,361,365,413,279,519,31,118,510,348,"[519, 31]"
57a34f14-844c-46d3-b43e-00860a2aa404,701,359,721,348,772,666,715,115,279,252,[]
57a47fba-27e0-46ba-ae8e-00f10a2aa404,35,525,415,186,33,234,75,707,722,322,[]
57aaddcc-fe50-4954-83cf-00ef0a2aa404,328,421,532,509,86,344,479,137,15,186,[]
57ac6bc5-9628-4dd5-9968-01640a2ab38f,101,465,385,470,691,423,183,52,88,100,[]
57ac932c-a6ac-43fb-b2ff-01380a2ab38f,527,548,82,571,58,554,578,551,540,60,[]
57acb2c8-d3fc-4bf0-b640-00ef0a2aa404,518,46,547,244,532,131,512,602,606,569,[]
57acb4fa-11d8-4e77-91ce-00ef0a2aa404,15,344,137,123,681,271,68,612,332,613,[]
57ad8e98-5194-48a9-b8c9-01640a2ab38f,82,612,424,498,210,75,252,191,229,195,[]
57adeb7d-56a4-424a-87c3-01380a2ab38f,417,574,137,248,738,7,486,177,312,677,[]
57b17397-64f4-4c36-81be-01380a2ab38f,530,518,547,201,606,359,602,131,512,685,[]
57b1b687-991c-4e91-8951-00ef0a2aa404,359,361,835,839,700,355,799,278,132,633,[]
57b1e0bf-5aa8-4132-8510-01f60a2ab38f,117,193,311,498,515,710,262,95,216,541,[]
57b32342-7168-420d-b871-01f60a2ab38f,528,460,522,766,273,116,451,579,464,458,[]
57b39eae-d75c-429a-a5c4-01aa0a2aa404,429,3,212,640,210,402,226,788,447,454,[]
57b3d1ce-7554-4f6e-883f-02140a2ab38f,280,349,365,354,279,112,115,700,136,72,[]
57b467cd-b1bc-475b-ab9e-01aa0a2aa404,320,197,525,749,827,138,82,442,338,144,[]
57b52b64-6000-41e0-bca2-02150a2ab38f,527,311,538,517,184,646,511,851,649,474,[]
57b56bd5-c218-4ce3-a208-02140a2ab38f,455,514,208,250,467,238,24,869,426,60,[]
57b5e158-4ae0-4cfa-be2c-02140a2ab38f,170,546,122,154,47,162,268,304,414,483,[]
57b64aa7-05ec-4cd6-a369-01ab0a2aa404,45,209,516,118,225,267,106,340,194,599,[]
57b6e28f-84b4-4293-b6a2-01aa0a2aa404,650,651,232,585,719,468,321,142,160,225,[]
57b7040f-cfb8-45d2-a983-01ab0a2aa404,376,271,430,685,741,372,737,730,520,476,[]
57b74e70-f5fc-4b12-9305-02670a2ab38f,359,529,360,362,361,326,91,347,813,262,[]
57bb086c-dafc-4949-8b1a-020f0a2aa404,257,139,515,198,532,12,664,241,133,677,[]
57bb15de-cd98-4fc6-bf46-01f60a2aa404,203,76,164,23,202,102,256,204,238,249,[]
57bb1789-6ec8-4703-8b0a-02670a2ab38f,159,268,437,150,48,34,100,631,183,153,[]
57bc18d4-c81c-4512-bec2-02670a2ab38f,518,176,197,87,115,349,613,510,187,196,[]
57bc71ef-02f0-405b-9e07-02200a2aa404,395,74,689,490,364,377,310,798,378,11,[]
57bc98ad-a7c0-46a0-a263-02660a2ab38f,123,54,7,152,441,14,403,137,864,670,[]
57bd4c46-6844-48a8-86ab-028c0a2ab38f,804,589,330,515,327,351,557,611,871,242,[]
57bd65b8-1f1c-4ddd-937b-02100a2aa404,516,187,196,176,87,486,518,510,512,365,[]
57bd8f58-2668-4f8e-8923-028c0a2ab38f,603,22,45,190,209,564,378,755,819,352,[]
57bdbf33-9da8-410d-94e1-02410a2aa404,313,685,328,179,308,140,119,161,177,123,[]
57be1a56-b1a0-40d8-a83d-028c0a2ab38f,372,520,505,730,23,164,471,238,643,865,"[372, 520, 505, 23, 238]"
57bf0395-56cc-4d2f-8eb5-02450a2aa404,315,334,731,168,843,355,388,228,325,400,[]
57bf1ca9-c0c4-45f8-a8cd-026a0a2aa404,362,9,529,523,347,262,396,326,91,813,[]
57c09288-cec4-4a44-992f-02c70a2ab38f,78,61,77,844,425,71,847,328,69,514,[]
57c23b17-ea58-4fec-ba3c-02b10a2ab38f,353,666,439,190,223,131,218,275,123,215,[]
57c33c98-ae00-4f72-bc2e-02c70a2ab38f,332,560,859,233,39,562,173,7,680,518,[]
57c46160-7e00-470a-a9a2-02430a2aa404,641,539,338,497,116,167,477,631,202,621,[]
57c6edfb-c91c-4135-936a-002c0a2a1cf8,207,836,701,812,110,140,367,840,241,227,[]
57c6ffec-109c-440a-8f48-002c0a2a9eb3,164,339,520,580,238,524,865,256,274,199,[]
57c82dd6-32dc-434d-8386-00340a2a1cf8,303,278,132,523,889,316,9,309,355,359,[]
57c8368b-09bc-4343-898d-00340a2a1cf8,263,116,579,165,159,110,195,158,172,256,[]
57c84f17-ce80-4f64-8150-002e0a2a8d11,531,157,573,762,34,484,502,402,162,520,[]
57c90519-c170-443d-97af-002e0a2a8d11,147,528,29,121,554,562,19,725,4,539,[]
57c90521-007c-42dc-86bb-005d0a2a9eb3,147,528,29,121,554,562,19,725,4,539,[]
57cd8024-831c-4620-abe7-003e0a2a8d11,578,274,580,331,585,333,138,442,82,203,[]
57ce72d1-8de4-4aa1-a4fb-003e0a2a8d11,578,441,82,571,360,731,161,551,7,204,[]
57ced248-21c8-4a02-88b4-00660a2a9eb3,167,286,274,502,208,157,49,337,31,25,[]
57cf1aaf-5e9c-4ea0-ae8e-00320a2a135f,574,738,248,137,807,152,850,486,7,312,[]
57cf4baa-a0b4-4222-809e-00300a2a7972,351,759,792,795,802,791,813,633,364,793,[]
57d1291f-be4c-4b67-b84e-00300a2a7972,537,719,100,619,286,870,58,59,821,673,[]
57d18b1d-31f0-442e-a61a-00550a2a7972,18,333,859,173,44,325,550,402,122,249,[]
57d19525-671c-4a43-8215-00550a2a7972,530,179,278,671,473,161,217,311,320,415,[]
57d245a0-f9bc-48a9-adf2-00320a2a135f,361,700,72,366,359,136,688,216,134,280,[]
57d27654-5d2c-4e16-83f1-00510a2a135f,410,255,229,325,627,622,624,231,31,775,[]
57d27eb0-d778-4b43-946e-00510a2a135f,262,773,118,359,541,710,216,175,557,95,[]
57d375be-392c-451f-af83-00300a2a7972,628,266,458,48,581,217,263,100,208,238,[]
57d656a0-c720-4bce-8965-00300a2a7972,517,394,146,523,688,490,252,513,740,112,[]
57d6b7ff-31cc-4b31-8acf-00300a2a7972,423,122,527,61,544,58,528,52,521,505,[]
57d97d4a-23b8-4148-a0a5-004a0a2ae3a6,544,35,254,322,283,104,234,203,116,119,[35]
57da61af-13c4-449d-b20c-002d0a2a9952,395,689,74,490,364,377,310,798,378,11,[]
57daa7ca-8c3c-4bed-9359-00610a2a9952,546,581,722,414,553,260,385,424,545,172,[]
57dbf8a2-fd40-401c-9ee7-00680a2ae3a6,355,541,396,335,658,557,633,731,315,589,[]
57dc33c1-c954-4a09-9d40-00610a2a9952,401,278,272,523,433,826,112,473,227,845,[]
57dc3797-25c4-486c-bb18-005a0a2a9952,401,523,112,278,354,433,334,272,146,280,[]
57dd07b2-2064-46a5-b330-00670a2ae3a6,100,101,102,103,104,105,106,107,108,109,[]
57dd21fc-9d98-40ef-8007-00610a2a9952,525,186,74,562,550,687,852,704,470,248,[]
57dfeed0-bd1c-4e0c-af2c-002c0a2af321,533,386,117,388,617,491,419,95,551,573,[]
57e0e973-7e44-43b8-822c-002d0a2abcf8,509,413,316,770,86,684,119,224,27,704,[86]
57e135e1-4334-4b1e-b153-002c0a2a1238,178,82,542,34,548,652,36,496,624,283,"[178, 542, 34]"
57e13e03-17cc-4be2-b9ec-002d0a2a1238,186,74,633,687,852,562,248,490,298,704,[]
57e213aa-5500-42eb-99c6-002d0a2a1238,666,9,596,599,633,597,280,529,777,131,"[596, 599, 597]"
57e37ced-9e74-4fb8-8a56-00520a2abcf8,888,509,831,631,632,28,869,159,41,100,[]
57e3d27f-c028-498f-a41b-00530a2a1238,157,286,167,502,526,624,634,98,577,630,"[157, 286, 167, 502, 577]"
57e3d9d8-2d34-4a28-93b0-00920a2a1238,488,776,56,605,482,534,46,518,784,387,[]
57e4d0bc-8ecc-43a7-a869-00500a2abcf8,552,657,325,383,634,98,138,286,167,726,[]
57e4d9c9-e0fc-4767-8ddf-00450a2a1238,517,740,688,513,146,14,13,252,511,478,[]
57e4da08-5b3c-4880-a385-00500a2abcf8,688,740,146,513,589,252,181,889,350,754,[]
57e4da42-2494-44f4-a781-00920a2a1238,517,740,688,513,146,14,13,252,511,478,[]
57e5254e-80c8-479b-979f-00530a2a1238,403,584,848,519,622,701,828,365,591,231,"[403, 584, 622, 591]"
57e585a4-8f94-4840-9f72-00530a2a1238,828,93,706,853,665,287,625,298,519,582,[]
57e90041-26b8-47dd-85c9-00520a2abcf8,615,526,624,110,204,539,24,286,59,121,"[526, 110]"
57e92828-5470-476b-b1aa-00500a2abcf8,328,157,141,443,102,167,180,453,298,337,[]
57e93e49-60b4-4a1a-a54f-002d0a2abcf8,69,425,13,71,314,844,436,847,416,78,[69]
57ea348a-20b4-4c5d-ad3e-00500a2abcf8,519,625,523,279,348,359,118,361,848,354,"[519, 625, 523]"
57ea745a-0f0c-4b67-a251-002d0a2abcf8,243,112,278,568,177,625,267,848,204,203,"[243, 112, 278]"
57ea95e3-5d44-4330-81df-00500a2abcf8,516,504,253,503,510,783,168,499,365,177,"[516, 504, 253, 503, 510, 168]"
57eaf7e4-2740-46d0-be25-00500a2abcf8,503,221,783,597,440,131,709,499,173,594,[503]
57ebe981-76d0-41ce-819b-015d0a2a1238,401,278,272,433,826,112,473,227,845,228,[]
57ebeacd-d9f0-4321-9277-015c0a2a1238,702,136,610,564,106,812,134,721,673,318,[]
57ebeb1c-8db4-40ad-8cd0-00520a2abcf8,366,359,279,361,239,132,309,134,582,771,"[366, 359, 279, 361, 582]"
57ec080b-9458-4a79-be44-01770a2abcf8,705,414,161,545,546,284,168,231,424,27,"[414, 161]"
57ec626a-41f0-42f6-925f-00520a2abcf8,489,603,569,215,599,538,547,312,849,131,[]
57ec991d-eb2c-4df0-8b82-015c0a2a1238,779,777,9,529,347,262,698,231,633,421,[]
57eca6f4-e6e4-4ef6-8139-01750a2abcf8,136,396,688,658,610,181,813,633,715,559,[136]
57eccc59-2720-4697-a41f-00920a2a1238,854,720,181,349,364,115,510,187,740,610,[]
57ecefb6-473c-4e01-afa7-00920a2a1238,669,353,71,417,314,218,56,864,708,129,[]
57ed008d-e1f4-4531-9c5e-01770a2abcf8,796,650,519,558,604,773,118,352,836,336,[]
57ed099e-0458-44fc-ba7d-00920a2a1238,494,439,534,267,819,312,584,849,582,538,[494]
57ed296e-50d4-46d0-97c4-015d0a2a1238,598,390,770,87,134,279,380,132,330,582,[]
57ed47b7-9ffc-4ceb-9512-00920a2a1238,586,196,187,603,514,230,223,575,534,747,[]
57edec76-1c0c-4876-ade9-01770a2abcf8,610,417,646,623,658,396,688,181,303,715,[]
57ee280d-f348-46e0-bad4-00520a2abcf8,77,374,161,61,78,762,269,443,311,38,[77]
57ee6deb-9478-45c4-a382-00520a2abcf8,324,434,121,160,483,426,202,402,637,373,[324]
57eef224-3b38-49a0-ba2d-020c0a2abcf8,466,632,493,116,631,485,48,483,442,250,"[466, 632, 493, 631, 485]"
57f163a2-3c3c-48a9-82cc-01fe0a2a1238,371,49,331,102,114,249,344,105,338,100,[]
57f26fa0-ea94-44f1-94f5-020c0a2abcf8,553,394,304,86,27,532,257,509,321,233,"[553, 394, 304]"
57f2726d-8300-4871-8b13-020d0a2abcf8,109,435,477,383,338,167,465,283,483,208,"[435, 465]"
57f27301-ad34-42a1-999a-020c0a2abcf8,368,141,430,495,371,860,790,276,331,527,[]
57f2b1ef-eacc-4818-b78a-021b0a2a1238,559,814,589,377,557,136,242,431,610,658,[]
57f2b397-f6b0-456e-9156-02280a2abcf8,117,165,163,451,468,109,419,47,454,162,[]
57f2ecd0-c758-477e-81fd-020d0a2abcf8,583,177,680,514,864,519,381,613,403,115,[]
57f349bf-9740-4f13-a7c5-02280a2abcf8,123,639,713,427,319,308,333,16,68,332,[123]
57f3fe25-34f4-452c-a002-02280a2abcf8,102,180,348,147,271,685,573,741,726,630,"[102, 180, 348, 147]"
57f40b30-12e8-427c-a8ec-021b0a2a1238,619,261,451,402,60,162,153,47,12,483,[]
57f4cf63-0c5c-4869-87a4-020d0a2abcf8,281,71,201,246,711,439,851,518,131,356,[]
57f5875e-26a8-44e8-8dbd-02810a2a1238,207,812,682,836,140,367,838,227,326,239,[207]
57f5f0bc-d630-4fb6-91c8-020d0a2abcf8,739,445,386,542,580,245,456,750,48,174,[]
57f751d6-2eec-4d5e-a04d-02e40a2abcf8,488,482,776,56,534,46,336,518,784,387,[]
57f75d68-e0cc-498d-85ef-02e20a2abcf8,684,373,479,202,542,587,622,76,274,282,[]
57f79f51-01b8-4559-9e35-02e20a2abcf8,83,206,337,461,195,304,101,119,473,449,"[83, 206, 337, 195]"
57f7a0bf-d068-4ca6-bb07-02e60a2a1238,674,281,218,14,168,277,107,287,140,15,[]
57f7c163-4638-4e8b-bc44-02e60a2a1238,700,136,280,366,106,216,318,211,181,507,[]
57f7d976-1c44-4d0f-a5ae-02e40a2abcf8,679,448,536,62,61,402,270,676,619,505,[]
57f7de8c-20d8-42b4-9185-02e60a2a1238,157,286,502,526,577,624,719,634,630,550,[]
57f7e69d-eb9c-4c44-acd8-02e30a2abcf8,533,467,117,454,200,76,549,109,165,116,[467]
57fa3a0b-a9e8-4afd-8870-03420a2abcf8,278,523,161,355,311,272,433,348,203,401,[]
57fba5b0-977c-460f-b972-03600a2abcf8,532,86,579,658,132,740,541,135,720,126,[]
57fd47c6-c724-42e3-9988-03520a2a1238,507,543,146,196,569,340,115,547,131,599,"[507, 543, 146, 196, 340, 115]"
57fe1f84-ef00-4b5f-8789-02e40a2abcf8,375,197,474,461,424,473,7,827,194,775,[]
57fe3fb4-54e0-42ea-9669-02ed0a2a1238,486,655,220,747,396,603,507,856,607,424,[486]
57fe40bc-38fc-491e-90ab-03600a2abcf8,510,486,519,571,507,220,603,864,607,856,[]
57fe55ad-ec14-4474-9197-03600a2abcf8,533,117,76,426,653,462,263,617,51,651,[]
57ff91c7-886c-42b8-a10f-03520a2a1238,400,642,94,109,555,836,283,168,410,196,[]
580044d9-7f28-47fd-8980-03510a2a1238,116,158,150,159,313,102,110,195,119,317,[]
58007479-7df0-4862-a744-03b90a2a1238,494,566,514,596,598,574,784,543,439,131,[]
5800aca3-12dc-4c48-8ba1-03520a2a1238,401,838,836,843,841,845,228,334,400,697,[401]
5800b7d9-a650-44c2-b146-03520a2a1238,370,507,620,184,716,13,112,511,517,513,"[370, 517]"
580278e6-01e0-4067-b2b0-03600a2abcf8,400,642,555,109,94,622,283,168,410,836,"[400, 642, 555, 622]"
580386c5-c398-4a2a-8d9c-03510a2a1238,206,337,121,167,110,162,16,177,344,204,[]
5803d3e5-547c-41bf-a832-03420a2abcf8,632,631,619,540,178,483,464,41,59,628,"[632, 178, 464]"
58048b4d-025c-4464-869f-03420a2abcf8,359,303,361,348,132,355,417,700,278,835,"[359, 303, 417]"
580499dd-98fc-4f26-9d25-03510a2a1238,70,359,700,72,688,134,136,216,126,303,[70]
5804d962-de5c-47d2-afa1-03520a2a1238,362,351,9,759,792,795,802,262,644,791,[]
5805559b-76ec-4117-82c1-03420a2abcf8,269,346,205,287,13,314,794,620,252,872,[]
5805ddc9-abcc-4050-9121-03600a2abcf8,337,383,790,98,159,648,116,241,442,400,[]
58065b95-6844-41c1-8578-002d0a2acf97,413,366,390,132,303,367,327,359,633,770,"[413, 366, 390, 132, 303, 367, 327, 359, 633]"
5806e28e-11b8-4beb-bcf8-002d0a2acf97,368,685,271,199,77,741,147,544,826,530,"[368, 199, 77, 147]"
580772cf-f614-4035-8cf0-002d0a2a6d99,713,731,787,549,166,701,716,161,578,628,[]
58077c01-d698-48b8-97c3-002d0a2a6d99,205,717,203,507,510,220,603,856,607,424,[]
58079952-081c-4f3b-a540-00410a2a6d99,652,234,341,424,226,612,622,381,548,707,[]
5807c6dc-e72c-4c1a-971a-002d0a2a6d99,315,438,656,731,642,841,762,366,334,545,"[315, 438, 656]"
5808bd66-3cac-4247-8ed9-00410a2afefd,623,339,617,580,520,102,256,116,643,737,[]
5808e832-9dac-4803-85a3-002d0a2a6d99,665,518,512,660,625,677,568,606,711,670,[518]
5809136c-c850-48b3-b987-002d0a2afefd,311,424,20,35,36,324,338,434,138,165,[]
580a20c0-b468-4ca7-b115-00400a2a6d99,486,747,220,507,396,603,717,607,856,819,[486]
580a5d17-9b60-4263-a8f5-00410a2a6d99,677,624,177,548,99,212,429,332,225,622,[]
580a6861-7474-45ba-89b9-002d0a2afefd,319,123,68,427,492,31,332,578,604,71,[319]
580d6126-c048-4449-b263-00410a2a6d99,507,370,517,716,184,112,280,600,354,620,[517]
580d8df2-ea2c-4a5e-8457-002d0a2a6d99,387,674,357,709,230,507,369,218,607,838,[387]
580d9fe1-496c-4133-8e52-00410a2afefd,517,507,716,370,184,620,13,112,513,278,[]
580db532-f1bc-4c00-9c98-00410a2a6d99,717,46,56,488,673,776,784,78,482,576,[]
580f324f-a614-4743-81e6-00e70a2afefd,327,279,504,359,355,714,563,832,684,278,[]
580f3685-62c8-4ff8-a549-00420a2afefd,281,287,876,44,189,468,246,252,128,754,[]
581127f1-87cc-44f9-9900-00420a2afefd,269,860,17,331,271,853,333,344,328,218,[269]
5811db97-8b98-4f6c-ac61-00e70a2afefd,516,417,503,499,808,390,330,504,86,275,[]
58132bd9-7ecc-4c25-8529-002d0a2aed5e,622,286,624,325,502,333,157,617,623,526,[]
5813393e-c55c-4034-8bfe-00410a2aed5e,630,686,544,528,41,693,61,103,110,172,[630]
58138ddd-920c-47bc-b7ef-002c0a2ae5ef,141,268,739,368,243,161,767,261,273,480,[]
58170834-7fcc-43a0-8a9c-002d0a2aed5e,633,688,126,366,715,491,351,285,740,541,"[633, 688, 126, 366, 491, 541]"
5817194e-79ec-427e-8834-002d0a2ae5ef,680,538,56,673,666,776,669,518,784,534,[]
58172cd8-72ec-4a55-b63c-00640a2aed5e,185,646,78,543,399,271,15,368,77,143,[]
5817321f-0710-4ea3-bfea-00730a2ae5ef,185,271,646,78,543,399,368,184,730,15,[185]
581737b0-32cc-45e6-be83-00730a2ae5ef,185,399,646,271,78,543,858,143,626,703,[]
5817acf0-ddc4-4347-88eb-002d0a2aed5e,331,18,17,860,249,271,184,123,590,248,[331]
58186daf-72b0-4b6a-b30f-00640a2aed5e,706,298,271,69,123,853,185,646,77,252,[646]
58188a3f-01ec-4fa8-b927-002c0a2ae5ef,185,646,298,853,123,371,678,543,314,269,"[185, 646]"
5818acad-5d98-46c4-9479-002d0a2aed5e,185,646,78,543,271,15,368,753,77,510,[]
5818cd42-73a0-467d-89e9-002d0a2aed5e,387,396,220,607,747,507,603,819,2,645,[]
5819b222-f5a8-4f2d-a3ab-002d0a2ae5ef,368,681,276,308,331,860,269,328,137,344,"[368, 681, 276]"
5819c698-6db4-45db-afe4-00410a2aed5e,774,847,816,845,818,830,827,813,659,603,[]
581a3dbe-c054-4a27-be3c-00730a2ae5ef,394,259,421,139,220,225,120,258,487,664,[]
581b40fb-d1c8-4865-9e51-002c0a2ae5ef,383,544,116,460,157,159,790,524,208,664,"[383, 460]"
581b5641-b1e8-4412-a986-002c0a2a6842,600,601,594,758,131,567,603,569,543,596,"[600, 601, 594]"
581c5417-1ef8-49f6-91e2-00410a2aed5e,579,692,552,154,461,101,88,304,52,521,"[552, 154]"
581fb9a5-9d48-4a2d-bb1a-003a0a2a6842,67,369,251,118,512,421,220,597,708,595,"[67, 369]"
58204100-bc14-45ce-acde-003a0a2a6842,503,221,515,538,597,120,440,246,783,421,[503]
5820fe43-ec18-4f15-af3b-00370a2a2cc3,116,628,48,544,766,195,823,495,457,261,[]
582192ea-9e80-491b-b5f0-00370a2a2cc3,365,382,828,486,568,504,230,709,680,87,[365]
5821dbec-bdf0-41ab-aa87-00ed0a2a6842,707,223,499,413,504,611,605,574,507,220,[]
5821ff90-bb5c-4e89-b340-00ed0a2a6842,682,674,705,188,400,229,546,414,683,838,"[682, 674, 705, 400]"
58246bd1-5a44-4567-9247-00570a2a090a,657,326,227,140,43,414,449,167,367,31,[657]
58248dbf-69a0-438c-9e3b-002c0a2adcc4,673,784,776,56,518,534,221,853,46,561,[221]
58249192-7d94-48cd-8757-002c0a2a090a,104,285,217,347,161,278,311,321,28,415,[]
5824d353-239c-4318-8827-00570a2a090a,673,662,56,784,221,864,708,128,71,514,"[673, 662]"
58253dce-61f0-48f6-a382-007d0a2a090a,271,511,662,185,646,18,184,44,860,590,[]
5825e728-5b58-47a4-98a8-002c0a2ae944,646,116,32,368,153,470,41,455,465,415,[646]
5825f911-d180-4052-b59a-002c0a2a81a1,226,50,443,210,674,840,204,51,744,481,[]
5825f96c-b134-4324-a315-002d0a2a81a1,205,673,666,353,44,864,71,130,56,561,[]
58299cd1-ba30-4e4d-81b6-002d0a2a81a1,442,286,167,4,116,456,208,49,114,43,"[442, 456]"
5829a4b7-a2c4-459f-95e7-00550a2ae944,116,579,110,256,171,159,162,172,165,163,[]
5829b833-11c4-4e4d-b800-002c0a2a81a1,382,708,7,54,14,864,574,152,403,381,[]
5829d657-1f60-4685-b5d6-002d0a2a81a1,334,168,843,684,683,695,400,586,326,207,"[334, 168, 400, 326, 207]"
582ac7b6-4940-4b88-bd4d-002c0a2a81a1,123,68,427,31,332,218,319,314,190,215,"[123, 319]"
582aea26-9078-4a4c-b56b-002d0a2a81a1,319,123,68,427,374,391,31,492,332,864,[]
582c3a63-9398-48b7-bff4-00b10a2a81a1,674,191,168,367,229,122,611,237,622,701,[]
582c7196-8b40-415d-863e-00550a2ae944,674,636,219,202,684,229,324,17,682,477,[674]
582c7ca5-5d84-4d6b-beee-002d0a2a81a1,536,761,676,635,448,736,75,186,707,679,[]
582dbcfd-de40-4c9a-b2d1-00b20a2a81a1,187,510,486,566,624,596,412,574,253,514,"[510, 624]"
582dbde4-fb4c-4dee-b020-00b10a2a81a1,783,499,503,245,263,253,504,117,533,516,[]
582e5e95-0ea0-4b28-87c3-002d0a2a81a1,724,673,518,613,340,706,711,71,56,851,"[724, 673, 518, 613, 340]"
582f3a11-f064-4aa9-b585-002c0a2a31f1,589,588,720,266,628,458,48,217,557,581,"[589, 588, 720]"
58316c39-b0a4-4afe-9dc9-00460a2a31f1,673,56,662,864,784,221,71,776,514,412,[673]
5835a540-b0c4-46a0-9a48-00460a2a31f1,782,606,566,131,680,598,596,600,594,602,[680]
5837def0-deec-4f91-809e-01040a2a31f1,583,708,221,851,436,56,356,828,567,561,[]
583987d4-f8f4-46e9-b1e7-00470a2a31f1,766,461,101,83,579,88,158,104,304,159,[83]
583c2664-b03c-4ed9-afb8-01040a2a31f1,208,250,554,308,178,509,540,643,831,334,[]
583c288f-d2ec-465b-b192-00c60a2a31f1,735,630,423,587,268,437,867,679,122,150,[735]
583c295a-dbd0-415a-a2be-010e0a2a839b,737,824,254,151,640,51,675,11,429,645,[]
583c3679-0a58-4baa-851c-00c60a2a31f1,634,790,337,98,681,383,442,96,456,77,[634]
583c56b1-465c-45ef-b108-00c60a2a31f1,776,534,56,518,387,140,46,851,810,141,[]
583e3439-c1dc-49bc-91b9-01bb0a2a839b,116,686,41,338,339,337,171,159,110,342,[]
583e9315-8584-4ff4-92c2-01bc0a2a839b,771,314,221,71,417,225,330,251,173,596,[]
583ee66e-5fd8-4284-a50f-01d90a2a31f1,870,143,26,703,345,719,273,40,2,142,[]
5843ef62-97e4-4226-a07c-01d90a2a31f1,100,101,102,103,104,105,106,107,108,109,[]
5844fde1-b3a4-4c90-ad03-01e40a2a839b,184,180,185,271,331,646,18,399,708,860,"[184, 180, 185, 271, 331, 646, 708]"
5845a26f-1ed4-4094-924a-01d90a2a31f1,48,442,165,116,338,166,162,263,158,138,[]
5845a5f4-9c1c-4e79-9610-02170a2a839b,428,429,151,738,226,527,51,437,381,210,"[428, 429, 738]"
58469ffb-745c-41e8-b95d-024d0a2a839b,784,546,852,233,687,154,545,655,544,27,[]
5846bf1a-e2d8-4d7e-8a27-024d0a2a839b,376,643,199,141,737,102,730,430,476,496,"[376, 643]"
5846d799-f004-4540-92a6-01e40a2a839b,758,783,547,131,601,507,709,340,489,599,[]
5847eaf5-9544-4548-bef2-02b50a2a31f1,87,808,176,809,489,115,349,336,709,507,[]
5848983c-4628-45f0-b533-02170a2a839b,888,675,719,630,585,736,887,685,664,824,[]
584944f7-68cc-47e2-a2c7-02140a2a31f1,772,186,832,377,142,74,771,689,490,529,[]
5849b38c-7a70-4995-98ff-02140a2a31f1,301,112,354,570,213,200,740,13,321,228,[]
5849dffa-2234-449f-b3f9-02140a2a31f1,795,349,589,181,889,557,871,799,801,344,[]
584aacf1-7724-4c2b-a004-02b50a2a31f1,413,770,309,257,818,113,510,177,772,267,[413]
584db85f-3d78-4c0b-96fa-024d0a2a839b,716,87,349,176,115,538,828,798,507,112,"[716, 87]"
584e63b7-c5d4-490d-968c-02140a2a31f1,801,176,351,230,387,709,277,22,349,115,[]
584f05db-9a68-44c0-9da1-02b10a2a839b,680,625,113,512,118,251,220,67,369,518,[]
58502976-71d0-4abb-8e89-039e0a2a31f1,332,686,221,708,298,659,860,677,249,436,[]
58513544-68b0-40f5-9e62-03920a2a839b,179,209,67,22,45,17,611,242,412,556,[]
5851417c-f9c8-4082-bfed-03900a2a839b,83,537,719,824,105,585,313,139,343,769,[]
58517961-e704-45fe-a4db-03920a2a839b,220,611,67,179,209,45,17,412,113,244,[]
58518963-b814-4df9-a49d-03900a2a839b,93,113,393,45,7,650,100,101,102,103,[]
58518ce2-1ba8-43a3-9c0f-03900a2a839b,518,625,519,613,512,568,607,510,561,56,[]
58523026-0704-4ce0-bf99-03ae0a2a31f1,789,328,333,199,123,331,271,17,269,218,[789]
5852a568-5f48-4b4b-bf26-039f0a2a839b,826,41,766,116,544,827,579,462,48,174,[]
5852ac57-9c6c-4eeb-a2cc-03920a2a839b,700,72,748,134,136,126,216,688,280,803,[]
5852bdb4-b2b0-4d6e-935f-03d40a2a839b,754,625,519,67,209,179,251,118,113,568,[754]
5853048f-14e8-4522-b046-039f0a2a839b,131,758,606,567,849,112,569,523,190,566,[]
5853f36e-09a8-4945-a050-039f0a2a839b,345,616,425,116,824,628,172,261,579,48,[]
5853fa3a-1980-4c44-a476-039f0a2a839b,801,349,795,773,176,589,115,181,889,351,[]
58541585-fc40-4525-95dd-04190a2a31f1,849,784,776,851,864,538,673,56,201,488,"[201, 488]"
58542666-a888-42d0-9de8-04050a2a31f1,587,177,548,783,789,429,204,110,172,61,[]
5854391a-286c-498e-90d0-03920a2a839b,184,271,646,185,83,399,346,511,219,180,"[184, 271, 646]"
5854421a-2414-4f18-a3f1-03920a2a839b,828,627,587,548,177,204,429,61,212,640,[]
58544f58-9104-42ad-9061-04190a2a31f1,478,301,112,354,570,213,13,228,321,211,[478]
58572b3f-6f44-4169-8128-04190a2a31f1,518,783,665,221,596,708,561,314,131,543,[]
585777e1-42dc-4990-9d71-044e0a2a31f1,832,698,633,700,108,607,136,314,387,143,[]
5858e074-7eb8-46d8-887b-04050a2a31f1,662,816,314,221,856,596,225,173,131,332,"[662, 816]"
5858e941-f188-4fef-a38e-044e0a2a31f1,238,339,376,730,520,737,643,471,372,180,"[238, 339, 376, 730, 520, 737, 643, 471, 372, 180]"
585a405e-3390-4fae-b6db-04440a2a839b,509,234,118,321,553,12,233,247,224,599,[509]
585aa614-4548-4945-b9da-04c40a2a31f1,528,435,761,632,544,48,465,156,116,37,"[528, 435, 761, 632, 465]"
585b0f1b-28e0-42fd-b6b1-04c40a2a31f1,365,701,326,207,253,510,227,712,710,499,"[365, 701, 326, 207]"
585bbdac-53c0-48b6-bd9e-04c40a2a31f1,569,758,594,131,595,602,599,547,567,598,"[569, 758, 594, 595]"
585d19da-7eb4-45d0-a04d-04c40a2a31f1,110,162,122,483,470,268,631,183,691,426,[]
5862446f-a2fc-42fb-88a9-04fc0a2a839b,345,383,462,423,116,172,48,73,471,766,[]
58629036-e528-41dd-a1cd-04fa0a2a31f1,87,538,176,849,534,819,362,370,439,312,"[87, 538, 176]"
5868f3ae-b420-4c0f-99ad-04fa0a2a31f1,353,714,439,494,819,848,357,534,87,518,[]
586d2dfb-ece8-40a0-bbe2-05400a2a31f1,601,596,599,131,602,566,606,543,547,569,"[601, 596, 599]"
586e57b1-5f58-4d3f-82ff-05070a2a839b,819,131,603,566,567,606,569,602,543,600,[]
586eb71d-d440-46fd-9c17-05360a2a31f1,87,819,176,603,538,190,312,712,849,349,"[87, 819, 176, 603]"
586f77a9-64c0-41d8-b2b9-05320a2a839b,509,304,88,117,461,474,642,692,701,159,[]
586f8af8-8da0-4896-9ab8-05140a2a31f1,752,618,319,286,31,427,775,123,562,425,[319]
586fdbd1-a250-420a-8b3d-002d0a2ac68a,7,314,17,14,343,249,331,137,333,44,[]
587285db-8458-45d5-acd1-00390a2ac68a,423,435,630,437,254,59,159,485,100,6,[]
58735ebe-fb44-4f57-997a-002d0a2ac68a,819,849,190,489,603,215,851,538,547,600,[]
5874e784-c5a8-40d4-aa9c-004e0a2a6136,587,116,322,174,505,138,456,121,480,423,[]
5875faf9-7ba8-4be9-995a-00770a2ac68a,849,489,851,190,215,538,547,603,602,131,[]
5876357e-50a8-4584-bdbd-00860a2ac68a,849,489,851,190,215,538,547,603,602,131,[]
5877557e-bbac-4e3f-944a-00810a2a6136,147,865,102,199,643,623,617,640,627,63,"[147, 865, 643]"
58775f13-5944-46d8-9ec7-00bd0a2a6136,184,180,399,478,252,272,13,228,371,301,[]
587788f1-a39c-473f-8294-008a0a2a6136,753,826,116,338,121,261,63,138,165,544,[753]
5877e33e-21f8-472f-be30-00b70a2ac68a,865,643,756,96,102,147,199,685,83,372,"[643, 756]"
58788ee8-bd40-4c20-992f-008a0a2a6136,723,545,197,713,683,27,840,388,231,718,"[723, 545, 197, 713, 683, 718]"
5878982f-92f8-4803-8c4a-008a0a2a6136,185,116,32,153,41,749,6,470,174,455,[]
5878c1c5-fe60-4018-9a89-00810a2a6136,847,844,538,9,205,489,851,190,328,482,[]
5878f2d1-a1a8-4155-b583-00320a2a9d99,879,881,100,101,102,103,104,105,106,107,[]
5879fa50-eecc-4812-8892-002f0a2a2cca,168,701,807,810,781,836,812,110,382,794,[]
