user_id,0,1,2,3,4,email_clicked
5260234c-9878-4d49-9d26-46b2d4718e13,11,38,798,776,483,[]
5260f967-7d74-4f6e-9deb-4b7fd4718e13,274,302,20,189,203,[]
526132a9-4280-4cc4-a2d8-42acd4718e13,826,200,218,201,207,[]
526640ab-ebd8-4593-9749-4002d4718e13,58,707,867,557,50,[]
528de178-be0c-4af4-9324-4fc8d4718e13,114,707,867,461,790,[]
528f575a-c6a8-4fdb-9bd7-4662d4718e13,68,73,107,123,726,[]
529492c1-d5c8-48d0-b411-4410d4718e13,166,114,442,38,73,[]
52949cdf-6860-496a-83e1-4e3bd4718e13,60,3,5,41,47,[]
5294de89-09e8-482f-899e-4cfcd4718e13,82,17,48,68,76,[]
5296fe22-a518-48c8-96bd-42e0d4718e13,106,70,72,91,112,[]
5298c2bc-7e58-4bef-9644-4607d4718e13,35,286,577,322,726,[]
529b4474-3e0c-4090-8606-4519d4718e13,324,693,695,557,707,[]
529c3b23-0828-4903-9f75-4950d4718e13,156,161,174,693,524,[]
529c56ba-5694-4862-8123-402ed4718e13,117,245,263,60,467,[]
529c5ee3-915c-479f-a7cf-427bd4718e13,114,707,867,461,790,[]
529dd13e-a880-4ef0-bf1a-4d84d4718e13,103,104,51,59,153,[]
52a0b0e9-0284-488a-a2be-4c43d4718e13,707,867,557,709,541,[]
52a1a6d3-39d0-457b-aeaf-416ed4718e13,23,5,31,39,47,[]
52a1c6e3-3fb4-4b34-9530-4c9bd4718e13,171,173,270,338,342,[]
52a1e381-8f04-422e-85f1-400ed4718e13,87,31,56,93,115,[]
52a5e465-2b54-4275-a11a-407bd4718e13,561,707,867,13,541,[]
52a6e2f2-c948-4be4-915f-447ed4718e13,42,54,142,707,867,[]
52a7021a-5dac-4c41-add0-4db7d4718e13,29,557,709,710,378,[]
52a73f7b-fca4-43fd-9383-44ced4718e13,29,557,709,710,378,[]
52a74a17-f26c-4c98-be5c-4f8bd4718e13,61,707,867,50,29,[]
52a81864-567c-4110-9c59-476ed4718e13,17,707,867,557,12,[]
52a835a7-f018-4618-aab8-4f04d4718e13,44,68,82,91,93,[]
52a8939e-ea3c-4a82-9f9a-4b0fd4718e13,36,707,867,557,709,[]
52a9d586-d7a0-43f0-a3e9-4d64d4718e13,167,238,240,640,62,[]
52ab0a8b-5498-41a5-9bae-2b33d4718e13,12,44,561,15,13,[]
52aee82a-0470-46f7-b140-4c4ed4718e13,79,87,191,218,310,[]
52aeecb9-a2cc-4acd-a207-4f78d4718e13,132,74,106,175,181,[]
52b04720-5cf4-4b40-9ad3-48aed4718e13,62,707,867,50,47,[]
52b3fe26-61e8-4d11-93e0-4035d4718e13,7,9,53,56,74,[]
52c59f63-d684-4983-adeb-4273d4718e13,544,672,322,707,867,[]
52ceb7e4-f064-4ab6-b8c0-430dd4718e13,364,378,557,707,867,[]
52d01965-f260-41e3-aa9b-40cdd4718e13,58,59,62,23,37,[]
52e21c7f-6c58-40aa-bf06-9317d4718e13,707,867,557,709,541,[]
52e28dc9-3df0-4c68-8c0e-4acbd4718e13,107,111,267,67,68,[]
52e2984e-76e0-457d-95bc-4bb5d4718e13,39,50,84,116,177,[]
52f0fc6f-a04c-441c-a737-4b78d4718e13,53,707,867,557,709,[]
52f12121-1168-4b4b-aa69-4905d4718e13,30,77,97,659,736,[]
52f224a9-2384-499b-a474-4303d4718e13,707,867,557,663,709,[]
52f4da04-f9a0-4974-b093-4701d4718e13,34,102,695,726,787,[]
53063262-91dc-4f83-a2b9-4d6fd4718e13,11,52,55,70,179,[]
530f2b8c-9ee8-48c7-92d8-41a1d4718e13,441,39,187,68,15,[]
5314613e-7e74-4631-a2cb-4c77d4718e13,21,44,69,8,12,[]
5314d9d2-2ee4-49de-acef-46dfd4718e13,157,48,105,254,274,[]
5315a252-a50c-4157-8782-485ed4718e13,39,42,707,867,122,[]
531ed128-d5c4-41ed-aa36-4798d4718e13,22,45,707,867,557,[]
5321e052-aa8c-454d-8e5d-4f9dd4718e13,203,479,23,38,47,[]
53281c05-e36c-4aec-8d9f-4537d4718e13,8,50,142,54,107,[]
53285415-3e34-41a0-820d-473ad4718e13,45,22,134,242,251,[]
532a4687-92a4-4b5b-9d92-4f05d4718e13,29,37,50,58,5,[]
532a8344-58a0-4b28-bd66-4946d4718e13,81,85,2,139,707,[]
532c48cf-ec30-42ab-aac3-45c0d4718e13,69,649,557,707,867,[]
5335567c-21f0-4aed-95d5-4285d4718e13,17,82,7,50,67,[]
53392dca-6780-495a-81f3-4cefd4718e13,83,85,81,88,168,[]
533d13cb-ac00-48e2-a395-4464d4718e13,55,707,867,557,239,[]
533d4d1b-89f0-4606-81ff-4180d4718e13,187,196,253,689,609,[]
533e7d61-3370-4a63-8b9f-45a4d4718e13,87,115,134,467,798,[]
5342ba5f-732c-44d0-acf5-4ffed4718e13,81,139,177,2,83,[]
534d4ed7-85ec-4f9d-a0cf-411dd4718e13,3,8,39,47,48,[]
534eb770-15c4-4ecc-a7fd-45d2d4718e13,17,50,12,557,7,[]
5358c8d3-21a8-4853-a7f3-46bdd4718e13,33,35,41,43,58,[]
5358d198-0a70-4cfc-bfd6-4947d4718e13,36,40,12,244,707,[]
536237b2-d6f0-403b-8236-4374d4718e13,54,57,64,75,98,[]
5367e2bf-8470-4655-9276-450fd4718e13,51,83,84,86,89,[]
5368b22b-b1f8-4b2d-8fda-4a32d4718e13,14,17,26,31,96,[]
5385d6fb-0878-49a9-9878-4aa2d4718e13,47,50,76,12,23,[]
5391d42d-d77c-489c-b312-4b78d4718e13,17,77,82,123,49,[]
53971beb-92fc-44bd-a148-4b18d4718e13,67,707,867,557,709,[]
53a0016b-fe20-4ac3-ad0a-4dabd4718e13,31,726,787,707,867,[]
53a02bd5-76d4-4bb9-85eb-4d54d4718e13,87,707,867,557,357,[]
53aac660-59c8-486d-80bc-4888d4718e13,55,145,179,187,191,[]
53ac22b9-a130-45b5-b2ef-452bd4718e13,58,3,47,48,50,[]
53b40846-72e4-4cbb-9641-4411d4718e13,112,115,132,129,140,[]
53baf4a2-0f2c-4945-b3e4-491ad4718e13,328,629,557,707,867,[]
53c66711-31a0-43ab-a45b-4be6d4718e13,79,707,867,275,282,[]
53c7b099-40d4-4c32-bd7f-4122d4718e13,163,62,219,20,21,[]
53c7cbb3-0980-40e9-afe2-418ad4718e13,23,60,76,12,99,[]
53d8e15b-6950-4369-8fae-6821d4718e13,282,76,78,48,49,[]
53e0f2b6-65f0-47d8-8f8f-4303d4718e13,88,100,159,426,5,[]
53e245e5-c860-4d7e-9e31-42ecd4718e13,71,78,49,9,56,[]
53e87d53-3e18-46c6-a7bf-499cd4718e13,75,116,210,211,557,[]
53eb7352-d53c-440b-b6af-47ecd4718e13,196,200,298,557,707,[]
53eca309-cc20-44ca-90f6-459cd4718e13,13,56,67,84,87,[]
53edba2e-5b6c-4d3f-befb-4a75d4718e13,503,516,196,267,486,[]
540628a3-687c-4841-a3f6-40eed4718e13,707,867,557,709,541,[]
54157b70-62b4-47e6-b34f-4d0fd4718e13,89,122,707,867,557,[]
54184956-6318-475c-9942-4467d4718e13,197,236,35,36,88,[]
541c461a-047c-4be7-9a54-40fbd4718e13,35,87,322,707,867,[]
543a6180-2f20-44ab-beb7-4402d4718e13,187,168,16,26,54,[]
543d0b47-d4a0-4e4a-962a-4985d4718e13,183,240,195,202,324,[]
5444f6dc-a560-4018-8f70-46fed4718e13,144,167,245,263,282,[]
54476e96-4d30-4f52-95f7-41fad4718e13,179,557,461,707,867,[]
5447b1b9-8cc0-4603-a036-4393d4718e13,345,2,5,39,50,[]
544e3359-a990-4df3-a441-a147d4718e13,301,227,275,312,316,[]
544eca98-48f0-4a70-b322-407ad4718e13,253,69,74,82,108,[]
54527334-f62c-495d-8982-4d27d4718e13,201,186,191,11,13,[]
545340b5-02c0-4124-9e06-4657d4718e13,136,242,266,279,609,[]
5457370f-4a9c-4144-92af-4ef6d4718e13,281,205,55,269,16,[]
54576eeb-5b50-47d0-9174-4dccd4718e13,13,79,798,11,776,[]
5457a954-4a1c-4e5b-a578-4687d4718e13,4,206,64,191,311,[]
5457ae12-52d4-4125-9b79-4167d4718e13,75,707,867,557,402,[]
5458b5d3-2728-49fe-9f8a-473bd4718e13,84,345,60,83,177,[]
5458b9bc-fd84-482f-972e-4c07d4718e13,28,219,52,195,213,[]
545962f6-b414-4009-a639-4617d4718e13,526,84,88,97,147,[]
545b97ee-efb4-4f92-a831-45f1d4718e13,110,189,107,186,191,[]
545ccd72-7a8c-42d2-8556-4517d4718e13,43,707,867,461,179,[]
54621aa9-6280-4e1f-a94c-4226d4718e13,43,707,867,179,541,[]
5463a446-c6f4-416e-96ab-477ad4718e13,316,117,303,360,557,[]
5464c464-e688-428b-ad05-4b21d4718e13,146,215,242,277,689,[]
5464cbf7-7bec-4893-bbbe-4274d4718e13,108,136,152,93,609,[]
54656b6d-d1ec-42d0-b82a-4836d4718e13,90,89,107,109,122,[]
54662135-9404-44ca-9eab-4249d4718e13,93,327,403,714,113,[]
546640e7-b22c-4dfa-8734-a0e0d4718e13,64,88,101,654,521,[]
5469f03d-1dfc-4833-ad51-47abd4718e13,112,13,91,609,355,[]
546a571f-fcf4-4976-841a-41fcd4718e13,112,115,120,168,196,[]
546f8602-07c4-44b0-b7d6-44dfd4718e13,464,116,208,426,477,[]
5472ec9f-e948-41bc-8d67-455fd4718e13,134,22,67,108,118,[]
547c96e2-358c-4451-89b2-4ddbd4718e13,77,96,98,21,31,[]
547c9e9c-b19c-40a0-a0eb-4d58d4718e13,15,48,77,96,116,[]
547f45e5-9aa4-4052-9a57-4edfd4718e13,707,867,618,709,557,[]
547f53dd-cc84-4791-9ca2-414fd4718e13,73,96,98,116,197,[]
54c66a7a-2304-4d66-bc1f-4e1fd4718e13,516,499,36,108,168,[]
54c7a0b9-03bc-4151-ae6d-4e2dd4718e13,8,93,561,605,417,[]
54ca4244-2dd8-4cd6-9ce5-4e5bd4718e13,5,48,147,159,167,[]
54d0b3d8-c4e8-4441-8761-4649d4718e13,18,30,47,48,76,[]
54dcc56c-53f8-45fe-8b2d-0046ac11001f,84,142,21,151,161,[]
54e62c0f-18c8-4ed5-a676-0040ac110028,71,129,205,246,16,[]
54e7c7a9-93c4-46bd-b8a9-0040ac110028,707,867,541,709,557,[]
54eb054a-1a7c-492e-9ea7-0045ac110028,246,130,205,67,118,[]
54ecca6c-56f0-4f10-aea2-0046ac110028,129,246,69,130,218,[]
54ee01f3-feb4-4751-b34b-0047ac110028,494,627,39,115,221,[]
54eefcf9-a974-4885-8b68-0046ac110028,45,707,867,557,709,[]
54ef0adc-4618-488b-902f-0046ac110028,151,173,557,709,378,[]
54f59741-bc64-4e9b-bd3d-003cac11002b,83,119,557,709,378,[]
54fdae6d-e2c4-4ac2-ab1e-003dac11002b,27,371,307,357,707,[]
5502f6ce-f0e0-43b9-b4ed-0045ac11002b,161,707,867,557,709,[]
55071297-648c-4e6e-ad38-0041ac11002e,140,557,798,776,707,[]
55073fa7-861c-44c6-9891-003cac11002e,707,867,402,252,541,[]
55096f17-47f4-425b-98aa-0044ac11002e,172,153,171,183,268,[]
550b01f2-e498-4448-8de7-0052ac11002e,143,537,707,867,879,[]
550b26ba-3d48-4531-a3f2-0052ac11002e,148,157,189,82,102,[]
550c0193-01b0-4114-95c1-0051ac11002e,219,707,867,557,461,[]
55141bb8-bb2c-445e-a1dd-0053ac11002e,104,707,867,153,557,[]
5518477d-c7bc-4444-a1d9-005aac11002e,75,188,235,280,707,[]
551913c2-b9b0-401b-a120-005aac11002e,440,707,867,557,709,[]
551bef20-e4b0-4b2e-baf0-0056ac11002e,62,707,867,557,709,[]
5522cd8e-6c1c-4787-9c77-0027ac11002d,341,111,151,168,177,[]
55253832-6e68-47ec-ac2f-0027ac11002d,749,44,178,206,301,[]
552633ed-a650-41b0-9df2-0027ac11002d,302,220,251,330,17,[]
552bed22-e1a8-4ea7-a330-0034ac110034,329,707,867,557,225,[]
552e639e-18e4-4627-9f6b-0037ac110034,189,302,161,177,179,[]
552f98fd-232c-4886-8f7d-0035ac110033,187,196,486,609,312,[]
55312695-2fbc-4f67-9d51-003eac110034,72,39,42,95,223,[]
55351a4f-b0f8-4ca0-8006-003fac110033,209,17,39,161,195,[]
553754bc-c850-4c37-a820-003dac110034,233,75,170,214,859,[]
553f7cb8-9f9c-4a3a-820e-0041ac110033,175,707,867,557,609,[]
55403c16-5210-4a19-821e-0042ac110033,166,178,238,23,225,[]
55422a5a-c3dc-4c1c-9f45-0028ac110040,175,186,310,609,698,[]
55424b92-8144-42e3-b5d0-0028ac110040,72,176,213,311,798,[]
554250e9-9aac-4cce-b73c-0037ac110040,186,201,205,482,798,[]
554890c1-aa24-44b9-b450-003aac11000d,53,31,95,115,179,[]
554a3a8f-1f64-44b6-b334-0027ac11006f,107,54,142,31,152,[]
554b52c4-446c-4a81-80c0-0033ac11003d,151,152,557,709,378,[]
5551af6a-cc40-442d-9b49-0045ac110049,22,707,867,541,709,[]
55520326-2134-46dc-8029-0045ac110049,75,351,707,867,213,[]
55545fa0-19e8-4b41-950b-0045ac110049,22,67,78,94,112,[]
55547f07-a1c4-47f9-8acc-0041ac110019,110,112,557,709,712,[]
555992a9-c144-4403-9fa6-0043ac110019,191,25,119,195,219,[]
5559d549-e818-435f-a7b7-0043ac110019,170,528,75,232,488,[]
5559f806-0ffc-4d43-83e8-0042ac110019,276,116,203,210,279,[]
5559fb40-f394-40cd-874c-0047ac110049,172,41,62,183,104,[]
555a00df-3c0c-49a4-9e47-0047ac110049,578,707,867,557,548,[]
555b04c2-cfe0-48b1-b934-0047ac110049,191,242,251,133,189,[]
555c40cc-3de8-4bfb-b2ea-004fac110019,213,557,709,707,867,[]
555cb469-fda0-4d59-bcf1-0050ac110019,177,179,302,311,512,[]
555da685-bcac-487e-8248-0052ac110019,166,48,110,168,171,[]
555db73d-eedc-43a3-a2cb-0050ac110019,41,114,116,167,172,[]
555dbdfd-a928-44f5-8bda-0051ac110049,88,163,177,183,654,[]
555e4e98-1cb4-43e4-9713-0051ac110019,208,110,175,207,557,[]
5563153d-dddc-43f8-b00e-0051ac110049,34,178,48,707,867,[]
55632d5a-39e8-4e13-9a6e-004fac110049,34,166,540,628,619,[]
55646e62-2aa4-4c6f-bb75-004fac110049,141,169,177,180,184,[]
5564a4a1-50ac-46be-aaf2-0050ac110049,13,199,205,798,776,[]
5565da73-7b74-429b-9d49-0053ac110019,69,157,185,501,646,[]
556d7542-9708-4674-9fe2-0053ac110049,115,191,11,13,22,[]
55700965-f338-42d5-bc09-005aac110019,185,707,867,557,541,[]
55701889-7bdc-41c8-95fe-0056ac110049,138,189,35,60,143,[]
55706397-87b0-42c6-8e86-0056ac110049,206,197,116,50,51,[]
5571f84b-f43c-4c01-9334-005bac110019,345,21,220,271,2,[]
5577dfe1-8568-4be9-95f1-0056ac110049,510,146,190,227,253,[]
557ebdba-f440-49f8-80f1-005dac110019,370,201,191,133,220,[]
55804b7c-63f0-479c-877e-005bac110019,273,62,5,99,163,[]
5582db0c-4744-4c2f-9782-005cac110019,114,23,41,47,73,[]
55883f38-8fd8-4e9f-8675-0057ac110049,54,707,867,557,314,[]
5588d565-4d80-462f-95e7-005bac110019,60,437,73,116,163,[]
55893d77-17a0-4f22-b08f-005bac110019,54,314,673,122,707,[]
558a2f86-cd80-4941-a34d-005bac110019,217,34,324,158,92,[]
558abd31-7044-43b7-bfce-0057ac110049,235,197,545,707,867,[]
558c20bb-24ec-41e3-a4c9-0058ac110049,54,707,867,557,314,[]
558cccbd-3660-4d14-9984-0058ac110049,232,557,707,867,709,[]
55914d88-1420-4868-b72c-0059ac110049,270,635,676,557,402,[]
55955393-b180-488d-971c-0038ac110055,3,177,29,51,84,[]
559aeea4-8f04-4207-9a09-003bac110055,4,116,219,461,557,[]
559d699f-617c-45f9-8f5c-0031ac11002b,191,220,312,798,557,[]
559f8999-7810-4495-9f7f-0033ac11002b,187,14,139,146,196,[]
559f9f11-7978-4104-88fb-0031ac11002b,139,707,867,2,557,[]
55a13623-fe98-4756-8e01-0028ac11000d,174,165,212,35,116,[]
55a37d06-fcac-41b7-b6e3-0032ac11002b,301,69,130,152,187,[]
55a4fa2c-0c00-41da-bc00-0031ac11002b,193,95,200,216,318,[]
55a5845a-c4a4-4aa4-a204-0027ac11000d,220,707,867,557,709,[]
55a63566-58cc-4d64-9ed8-0033ac11002b,191,44,108,112,126,[]
55a658dd-49b4-4c6b-8162-0032ac11002b,189,707,867,541,557,[]
55a67d38-fda0-4425-9baa-0033ac11002b,707,867,541,709,557,[]
55a8ec4b-1938-4308-b985-0037ac110013,53,168,326,75,211,[]
55ae2def-1aa0-41b3-9c0e-0035ac110013,218,253,312,201,140,[]
55ae5334-4108-4a17-a6e3-0039ac110013,4,116,158,166,171,[]
55aea399-da60-4cf6-98e0-0036ac110013,216,261,273,337,283,[]
55b0cfaf-69a8-4147-ab8e-0048ac110013,53,113,39,72,106,[]
55b0d407-68a8-4305-bdfe-0043ac110013,110,210,243,331,48,[]
55b78dc7-1090-4078-986e-0028ac110019,219,707,867,557,461,[]
55b8f420-5538-47a7-8e48-0027ac110019,218,776,223,798,482,[]
55bf2016-9374-41fa-aaca-003eac11000d,215,707,867,13,557,[]
55c0f881-75e4-465f-9ccc-0045ac110019,187,347,146,215,227,[]
55c35b4f-4370-427a-abf6-0043ac110019,142,707,867,557,709,[]
55c88c02-d314-4493-877a-0044ac110019,9,11,13,55,115,[]
55c9b834-5248-4804-a12b-0027ac11000d,163,178,182,204,210,[]
55ca2834-c52c-48e9-a925-0046ac11000d,157,531,147,577,707,[]
55cb3239-fa88-423e-a9fc-003aac11000d,55,115,179,189,191,[]
55cc73f4-ff08-4565-909d-0047ac11000d,114,283,147,166,169,[]
55cdd80a-a908-425d-9d96-0047ac11000d,263,34,76,161,217,[]
55cfee09-99c8-4f85-ac97-0047ac11000d,134,201,776,798,534,[]
55d1edcc-2be8-428f-a21f-0042ac11000d,120,168,503,86,108,[]
55d2cc71-3798-4785-ab51-0047ac11000d,439,133,194,370,759,[]
55e05586-105c-4b30-9b96-0055ac11000d,168,707,867,557,239,[]
55e54f7a-550c-4174-8a3d-004cac11000d,18,157,219,339,437,[]
55f1672f-1d24-4c98-a4f3-0037ac11000d,207,209,707,867,557,[]
55f692f3-cd9c-44a3-9326-0053ac11000d,67,118,121,133,152,[]
55f6c5ef-5264-4ad8-b0ef-003cac11000d,52,69,168,169,356,[]
55fac04e-f324-4da2-a6b9-0048ac11000d,227,431,707,867,458,[]
55fae1fd-4b60-49c6-84f2-0048ac11000d,336,386,798,776,223,[]
55fcde49-d1e0-4055-9636-0048ac11000d,116,261,672,707,867,[]
56050754-e2c8-4f44-9a2d-0053ac11000d,196,301,87,109,227,[]
56050dfa-d400-45e6-ae95-0053ac11000d,226,201,225,503,504,[]
5608bec0-fa78-4da0-a6a2-0040ac11000d,269,218,327,347,175,[]
56091add-2a18-4396-97b2-0041ac11000d,470,101,183,88,385,[]
560e4cc2-2f14-49da-94b7-0059ac11000d,243,110,147,178,203,[]
560e833e-1a14-4ac1-bbe3-0058ac11000d,236,557,707,867,709,[]
5611a24d-ed94-4645-a3ac-004aac11000d,434,464,263,462,463,[]
561294b9-6f6c-436c-99e7-0057ac11000d,210,189,254,304,381,[]
56162d19-a890-4acc-93ed-004aac11000d,116,238,5,159,249,[]
561671e1-1934-44ea-b208-004aac11000d,707,867,557,709,210,[]
56192c94-cdfc-4861-a2a7-004aac11000d,200,216,242,262,87,[]
561badfa-e0cc-4a50-bbeb-004cac11000d,262,216,279,53,95,[]
561bc8ef-c090-490e-bf59-0028ac11000d,215,217,279,695,689,[]
561e1370-67a8-49fe-bad1-003fac11000d,201,215,353,87,108,[]
561fa948-383c-459f-92e4-0045ac11000d,35,234,138,322,537,[]
561fffec-5aec-4317-ad90-0046ac11000d,257,224,309,525,557,[]
56215356-45e4-4f17-a3bc-0024ac11000d,174,177,191,206,219,[]
5624e823-2130-4b32-879f-0044ac11000d,53,216,95,200,252,[]
56262825-e5d4-49cc-8845-0045ac11000d,202,263,110,462,477,[]
562639ac-5450-4ed8-9b05-0047ac11000d,187,22,24,55,87,[]
56264ee1-bc38-4200-82a7-0034ac11000d,238,147,154,156,179,[]
5626874d-84a4-4894-aa6c-0046ac11000d,72,251,279,70,609,[]
5627a675-bd90-4da9-b1a9-0046ac11000d,257,557,709,707,867,[]
562d25a9-c998-4218-bde0-004fac11000d,276,280,282,609,698,[]
562f8325-35f0-4819-b398-004dac11000d,302,73,650,83,174,[]
562fa0c6-ddf8-4c55-8eeb-004eac11000d,161,199,249,96,248,[]
56320857-cb7c-4587-bad8-004fac11000d,260,707,867,557,709,[]
56324d45-cb18-4ce1-8153-0039ac11000d,707,867,252,709,402,[]
563257be-13b0-47a7-8ac7-0050ac11000d,335,557,707,867,607,[]
563326d3-7718-47fe-ac9f-003bac11000d,245,217,276,142,155,[]
563806ad-0ae0-4936-8186-0050ac11000d,120,133,237,244,36,[]
5638b120-f67c-45d5-9afd-003aac11000d,48,298,790,557,461,[]
5638bc68-45e8-4bd7-80a9-003bac11000d,280,187,327,326,191,[]
563b5d8e-dfe8-47c8-97d0-0050ac11000d,42,197,202,249,267,[]
563b7b8e-8d5c-40e4-9659-0050ac11000d,266,421,484,852,860,[]
5641dc37-b5d4-41a2-b80c-0057ac11000d,48,73,76,96,274,[]
56421ecb-6480-4099-bfd7-0057ac11000d,195,183,302,189,304,[]
5643b8b0-8e08-495c-a11b-00360a2a73a5,269,707,867,557,239,[]
5645d3b5-ac18-4cb5-b406-002d0a2a5fa8,514,587,168,177,425,[]
564856ff-4214-4e54-b4e3-00330a2ac408,204,243,274,203,363,[]
5649de69-2dd0-4242-bb08-00300a2a0e2d,243,707,867,557,709,[]
564dd425-f5c0-4a54-9202-00330a2a20d7,227,431,707,867,458,[]
564de013-5fb8-4f8f-836e-00310a2af835,707,867,210,541,709,[]
564dfd01-7194-4f91-8874-00320a2a63e6,249,557,707,867,402,[]
5655c779-b664-40d5-874d-02a50a2aec9d,246,31,205,269,286,[]
5655d362-81d0-488a-8118-02a70a2aec9d,257,707,867,557,709,[]
5656ef28-e388-4b49-9f6f-036d0a2aec9d,253,168,8,118,121,[]
565c66d2-8a98-4559-8139-021c0a2a08ac,276,368,371,707,867,[]
565c8761-eb90-4ea1-bfea-02240a2a08ac,707,867,557,210,709,[]
565f5cf8-213c-4c3b-85e2-02800a2a08ac,206,732,15,94,97,[]
5661bc15-6cfc-43c2-bc8b-007f0a2addee,183,188,581,161,204,[]
566579ad-7088-406d-a524-00320a2a5969,206,219,557,707,867,[]
5666fc1f-523c-4b22-8be6-00c30a2a5969,77,252,274,278,279,[]
56695a89-6630-447f-beab-01ba0a2a5969,707,867,541,709,557,[]
566e82eb-4e70-4a64-9fb9-01200a2a640e,209,707,867,557,776,[]
566f0bb9-b900-432f-8abb-002e0a2ac458,187,196,253,689,609,[]
566f19ac-eba0-43cf-97ab-002d0a2ac458,271,501,180,261,311,[]
566fe218-fbf4-44c8-9e55-00300a2a64f0,259,11,258,304,664,[]
567124c5-9230-4937-af7f-004f0a2ae4d8,278,280,301,91,13,[]
5671597f-10a8-459c-85c3-005b0a2ae4d8,78,179,248,261,344,[]
5672a8dc-4c9c-4399-8c87-00b10a2ae3a4,282,557,707,867,231,[]
5677fbc4-81bc-428b-b72f-03c30a2ae3a4,106,115,136,251,280,[]
56781cfb-27e4-4b68-8ee5-00300a2afd60,364,529,432,242,251,[]
568d4c15-5570-4456-85f0-041a0a2afd60,301,303,312,707,867,[]
568fd1b8-d224-4358-86e1-06aa0a2a883c,2,153,99,474,557,[]
5690126f-d2dc-475b-b81a-06ba0a2a883c,249,286,25,31,73,[]
569484f9-5dcc-4d34-a2cc-08470a2a883c,97,142,206,183,707,[]
5694ff6c-4f10-46bc-b110-05aa0a2afd60,287,111,242,251,302,[]
56967bf7-e9bc-417d-bf35-05f10a2afd60,278,557,707,867,15,[]
5697c4ea-0ca0-49e4-86b9-062a0a2afd60,259,258,707,867,685,[]
5698238f-2230-4926-bc88-063a0a2afd60,333,205,218,353,46,[]
569cd631-5948-4caa-b294-06e20a2afd60,685,133,225,258,259,[]
569ce9e9-a8d8-430e-8af8-06e10a2afd60,387,259,29,69,113,[]
569d088b-1648-4cfb-973f-06e20a2afd60,206,557,707,867,709,[]
569d1b9d-e078-4f88-a6ea-0a930a2a883c,647,707,867,648,557,[]
569e8f5b-8e70-4274-b529-07450a2afd60,96,328,726,787,443,[]
569f98e3-10c4-42c7-a9b2-0b3f0a2a883c,285,228,307,707,867,[]
569facdf-4e30-4182-9ca9-07b50a2afd60,101,118,150,153,159,[]
569fc463-cb7c-47e1-82fe-0b440a2a883c,278,91,217,280,284,[]
56a251e9-6100-48fd-856c-087d0a2afd60,273,707,867,557,150,[]
56a5fef1-7554-4b29-823e-092c0a2afd60,589,21,29,47,90,[]
56a76a26-5474-4dd7-b57d-096d0a2afd60,237,557,707,867,709,[]
56a7961b-bde0-4b97-b883-0d6c0a2a883c,251,557,707,867,609,[]
56a7aa1e-6120-4062-bdc3-0d6e0a2a883c,218,707,867,557,357,[]
56a7b316-4658-4672-92b7-0d700a2a883c,280,333,15,16,44,[]
56a7ffc4-dca8-4ae5-b782-09950a2afd60,369,403,413,345,412,[]
56a8ca93-ef60-4231-bd39-0dc40a2a883c,302,557,707,867,551,[]
56a8f050-aa1c-4e81-8ef1-09c90a2afd60,274,263,203,615,869,[]
56abda14-e980-4620-b3ad-0a720a2afd60,339,5,270,632,423,[]
56b0d944-2e68-4df0-99d2-10060a2a883c,238,339,505,580,471,[]
56b0f1e1-0ef8-4c67-a959-10060a2a883c,314,534,582,665,122,[]
56b20572-edc8-4eed-890f-0ca90a2afd60,328,629,557,707,867,[]
56b21f10-4528-4138-8138-0cb00a2afd60,256,339,73,208,203,[]
56b227d6-f398-455a-a2ba-0cb90a2afd60,196,253,707,867,557,[]
56b2737f-d100-4c93-8bc4-10770a2a883c,375,29,41,256,270,[]
56b3dadc-4ba8-477e-ab4a-0d540a2afd60,707,867,541,709,557,[]
56b45431-4488-43ed-9faf-11240a2a883c,553,183,213,233,52,[]
56b85012-d33c-4b5f-bacb-00c50a2af616,5,6,240,268,339,[]
56b8d4a2-8164-4cf7-ba60-11000a2afd60,346,201,312,612,776,[]
56bb3eda-b4d8-42aa-bb9a-134f0a2afd60,230,246,14,115,190,[]
56bdc09d-798c-440f-8db8-023e0a2af616,187,196,298,325,486,[]
56c0a8b5-f6f0-4fca-ae55-011c0a2a3ca6,187,201,230,280,312,[]
56c1e3a5-5644-498e-8ac6-01940a2a6be7,196,187,707,867,312,[]
56c244b5-1210-4530-b3e1-01bf0a2a6be7,203,204,274,707,867,[]
56c2de0e-f1fc-4651-861b-01f90a2a3ca6,27,307,321,345,357,[]
56c31212-73e0-43b9-9195-02080a2a6be7,333,31,286,321,25,[]
56c31df3-08cc-4574-83af-020a0a2a6be7,249,557,707,867,402,[]
56c4e4bf-c844-43c3-8e97-02b50a2a6be7,286,325,570,231,639,[]
56c5a056-eae4-4e2b-b11d-02d40a2a3ca6,116,48,283,707,867,[]
56c62805-1d38-402b-84d6-03120a2a3ca6,165,707,867,174,212,[]
56c68a0e-20fc-4a5e-ab2f-03450a2a6be7,41,110,261,98,248,[]
56cdd471-f020-4357-8fa6-05460a2a3ca6,353,230,109,120,122,[]
56d0378b-bcb4-4490-a433-06450a2a6be7,276,311,217,315,344,[]
56d42842-93a4-4ee9-be19-06c30a2a3ca6,30,274,452,495,462,[]
56d4a3cb-d7bc-42f0-99b6-07b00a2a6be7,447,454,686,709,557,[]
56dd5216-639c-4ef9-9f9f-0e1b0a2a4bff,284,324,217,695,551,[]
56dd53d7-d184-4ce5-abed-11a60a2a6d78,147,271,73,286,31,[]
56dfb62a-4ef0-45e7-9de0-152c0a2a4bff,51,94,178,210,253,[]
56e01f5f-bb14-499a-8d79-00650a2aace4,413,348,46,187,191,[]
56e031ae-6ed4-45be-a5fe-002e0a2aca4b,9,11,44,55,115,[]
56e09d46-262c-4fd1-b354-01300a2a417f,137,622,9,67,145,[]
56e1948d-9340-4af5-ba68-042f0a2a417f,210,333,726,787,557,[]
56e1c208-9154-412c-b719-04cf0a2a417f,50,51,210,12,557,[]
56e1c3d4-a868-48a0-b4d0-04300a2ad81e,441,331,486,622,629,[]
56e29125-75b4-4c1f-af67-068e0a2ad81e,226,557,707,867,402,[]
56e2ffd3-e1f4-423b-a380-00360a2adc86,368,34,308,338,540,[]
56e301bb-9ca4-4f4a-b770-00370a2adc86,707,867,557,709,541,[]
56e32820-1078-47f5-a406-007e0a2a6889,210,331,403,410,508,[]
56e68620-2efc-4bfb-bf49-09870a2a6889,210,557,707,867,402,[]
56e68c04-b8b0-4850-a9c7-0b140a2adc86,118,187,196,200,279,[]
56e6a9e3-c238-422d-a13a-09e30a2a6889,13,301,689,11,312,[]
56e70bac-5abc-4a63-9ede-0c5d0a2adc86,302,151,189,210,226,[]
56e83033-fecc-42c5-8cde-0f880a2adc86,51,210,226,341,557,[]
56e8ce20-54b0-4971-bd28-11a60a2adc86,196,253,187,280,510,[]
56e92688-0940-49b7-93e9-10590a2a6889,341,333,271,276,287,[]
56eaad1f-fd18-49bf-8fe6-00610a2a0b7f,200,95,216,193,262,[]
56ec10f5-8b28-40c9-a01c-03b80a2a0b7f,184,185,199,501,726,[]
56eca39c-7bf8-4927-b437-00fa0a2a1fd5,133,707,867,557,244,[]
56f00164-290c-4707-959e-0b550a2a0ff1,53,200,87,115,334,[]
56f00b4f-0618-4742-a7d5-09090a2a1fd5,133,707,867,557,244,[]
56f00ef2-3174-42f2-8875-09140a2a1fd5,136,345,387,496,852,[]
56f13469-7084-48f0-a1d2-0f200a2a0ff1,72,700,366,698,609,[]
56f41692-b7d8-4b32-9262-16ef0a2a0ff1,39,173,707,867,398,[]
56f50559-77dc-4d0b-ad64-140c0a2a1fd5,334,400,177,202,213,[]
56f53b0d-7908-40b4-8ae7-14820a2a1fd5,44,112,190,302,311,[]
56fccbb3-52b8-4297-84e4-30d50a2a0ff1,200,216,53,136,193,[]
57024f04-7e04-4460-ad26-12fe0a2a4e9e,147,707,867,286,557,[]
57029d8c-402c-42ae-bc6d-0c670a2ae7c0,318,707,867,541,663,[]
5703a19c-1df4-4f05-9ee7-177e0a2a4e9e,333,542,324,286,338,[]
5703a59d-c260-4c8b-846f-17870a2a4e9e,336,798,776,483,223,[]
570503fd-81a0-4905-b2f3-1ca40a2a4e9e,178,707,867,557,709,[]
57050c24-47d0-4a1e-a049-1cc60a2a4e9e,20,381,403,759,771,[]
57051246-d88c-4951-8b81-1cd90a2a4e9e,146,277,345,658,689,[]
5706813b-1700-469d-b3a3-21b80a2a4e9e,330,734,670,704,707,[]
57078b88-75d0-47a8-b596-24890a2a4e9e,336,202,223,360,370,[]
5707d33e-e0b0-4cd6-b27a-17d90a2ae7c0,120,168,207,231,237,[]
570bba5a-a5b8-4b60-83e5-33310a2a4e9e,278,287,142,213,219,[]
570cb1a3-ef08-405a-94c2-23a90a2ae7c0,207,310,316,367,397,[]
570d4042-48b8-4db0-aa2c-38280a2a4e9e,185,184,707,867,708,[]
570d65c1-8428-4f22-820e-38920a2a4e9e,219,333,16,31,54,[]
570e5664-44d0-4be8-a093-27f10a2ae7c0,203,337,111,24,39,[]
570e8e31-6378-4fce-94ae-288b0a2ae7c0,302,707,867,557,709,[]
570fa1e7-b52c-4e5d-bcb1-2afc0a2ae7c0,707,867,557,541,709,[]
570faf80-84f4-402b-af0f-408f0a2a4e9e,161,189,210,356,381,[]
5714819c-c54c-413f-a114-09570a2a7ae1,403,34,116,286,381,[]
5714ee70-45f4-414a-8f4d-0b320a2a3f76,200,318,326,366,633,[]
5714f0d5-4f58-4623-b6eb-0a260a2a7ae1,42,333,286,325,344,[]
5714ffd7-d7ec-4af5-a7d3-0a490a2a7ae1,219,707,867,557,461,[]
571521d0-f250-417e-b42b-0b980a2a3f76,132,279,303,309,330,[]
571574f7-62dc-42b9-b1e8-0b3a0a2a7ae1,242,278,112,200,215,[]
571579df-43f8-479a-8ca0-0b460a2a7ae1,180,298,271,2,169,[]
5715c870-e438-470d-b9c3-0bf00a2a7ae1,350,670,707,867,557,[]
5715f0e1-8138-4036-a015-0d500a2a3f76,69,189,343,551,557,[]
57164fcd-d460-4a8d-95d4-0cf50a2a7ae1,130,252,344,129,280,[]
571787ab-ab10-454f-b8da-0f300a2a7ae1,269,118,221,298,312,[]
5718e048-f370-4b33-9769-132d0a2a3f76,302,333,375,557,551,[]
571926a9-7020-4620-a628-006a0a2a34e5,134,403,257,120,244,[]
5719fc31-1fe0-4e72-ad66-01f80a2a5fc8,333,312,315,348,707,[]
571a098a-b5e4-416c-b8ce-02180a2a34e5,11,13,281,798,776,[]
571a746a-c774-4f91-85e6-02e30a2a34e5,278,557,707,867,15,[]
571e02e3-2934-4d5d-a259-0a2d0a2a34e5,302,707,867,179,663,[]
571e0852-06a0-4db0-9ab2-09b50a2a5fc8,344,879,707,867,557,[]
571efc8b-8938-4c99-835d-0b970a2a5fc8,328,25,61,219,333,[]
5720bd1c-c6cc-415b-8ffe-0fa50a2a34e5,353,365,436,440,488,[]
57221ae7-a108-4c30-a194-12300a2a34e5,177,251,252,302,304,[]
572232db-ba64-4f67-ab5a-126e0a2a34e5,363,627,774,38,707,[]
57224638-52f4-460a-ac7e-119a0a2a5fc8,333,707,867,210,557,[]
57224921-f734-42bd-b3ab-12ac0a2a34e5,189,557,551,707,867,[]
572869d6-a11c-46f0-977a-1e930a2a34e5,578,145,227,348,738,[]
5728d8b1-6740-4a5b-9850-1fe40a2a5fc8,97,206,219,461,144,[]
572b3419-3034-4b13-b2fd-01670a2af858,213,557,709,707,867,[]
572c638c-cf88-4eed-8996-00a90a2a6eaf,31,94,726,787,707,[]
5730824c-d284-410b-9f71-00320a2ac04e,481,5,339,6,423,[]
5733487e-5be8-43ab-94a8-00430a2ac04e,369,547,356,613,335,[]
5735fb88-e830-421d-bdba-0e030a2a7023,325,491,622,53,243,[]
5739bd0b-7cf4-48c3-9920-00960a2a7db7,356,87,115,196,201,[]
5739c140-cf2c-4715-b72b-00a00a2a7db7,195,32,707,867,557,[]
5739d474-441c-42a7-a0a1-00f30a2aa8ac,54,248,312,122,609,[]
5739f1bb-26b0-4343-b0d0-003b0a2a27f1,391,280,333,354,362,[]
573a8620-8690-4c9e-9018-00c20a2a58f7,196,510,486,499,504,[]
573b1b45-9248-420e-a840-013c0a2a27f1,413,365,403,441,808,[]
573b1dbc-3d7c-4071-aea7-01680a2a58f7,157,73,96,99,116,[]
573c36fa-c3c8-4354-a6cc-02af0a2a58f7,115,707,867,557,609,[]
573c7aa6-9174-4616-a390-02fe0a2a58f7,179,219,380,383,403,[]
573d614a-1140-4226-bd62-04350a2a58f7,200,216,354,870,193,[]
573d810d-83c0-46bc-80d3-054c0a2a27f1,52,609,707,867,698,[]
573d83c7-d350-4c18-af39-05520a2a27f1,115,301,277,190,707,[]
573dcecd-2698-4420-9d81-04d60a2a58f7,217,707,867,541,709,[]
573ecd91-1418-466a-91cd-0dce0a2a58f7,344,847,353,415,844,[]
5742d946-c70c-48db-bb91-00320a2a15a3,319,333,23,31,50,[]
5744134a-d380-40c3-a564-002f0a2ab23c,394,722,664,388,639,[]
57441cc5-d6ec-4993-b079-002f0a2ab23c,382,344,13,14,16,[]
5745f403-fc24-43b2-87d0-00300a2acf55,362,707,867,620,776,[]
57470080-2b34-4cc4-b929-002e0a2ac2ed,707,867,541,709,225,[]
574721c1-2928-4a82-a402-002e0a2ac2ed,346,707,867,557,239,[]
5747e281-7ce8-41f1-8940-002f0a2ac2ed,34,217,324,533,544,[]
57481072-d28c-475e-8ab0-002e0a2a7f1e,208,250,417,557,770,[]
57481129-7c24-4fd4-b420-002f0a2ac2ed,346,707,867,541,557,[]
574846fa-667c-400e-b38d-004c0a2ac2ed,208,376,505,238,372,[]
5748df48-ac70-42b2-b5ff-002f0a2ac2ed,707,867,557,541,609,[]
574939aa-e8a8-49ca-a1c2-002e0a2a7f1e,186,219,248,269,324,[]
574ab675-c32c-430e-9bdc-002e0a2a7f1e,367,397,351,478,309,[]
574b7a32-0428-491d-8500-002e0a2ac2ed,276,707,867,557,709,[]
574bf9d1-c614-49d1-9055-002f0a2a7f1e,395,416,557,707,867,[]
574d11b8-3318-4746-9102-002f0a2a7f1e,325,570,696,772,231,[]
574db38c-d0f4-4a4f-9a16-002e0a2a7f1e,441,449,707,867,489,[]
574e91ca-9914-4fb3-97e8-002f0a2a7f1e,53,216,262,326,367,[]
574ef1a6-47bc-4c51-b1a2-00320a2ab710,360,9,91,118,135,[]
5750654a-6988-4ccc-bddc-00b00a2ac2ed,210,557,707,867,402,[]
57509013-8744-4028-b814-00c00a2a7f1e,219,31,53,157,161,[]
57513a55-f3a8-4d07-8635-00da0a2a7f1e,340,711,707,867,557,[]
575159b9-f938-4338-8f97-00b10a2ac2ed,700,707,867,557,541,[]
57553f54-2ef0-441a-962b-00c70a2a7f1e,116,383,98,27,76,[]
57554841-642c-429d-8c51-00da0a2a7f1e,345,425,442,443,461,[]
575792fa-e128-42e2-9c0e-00da0a2a7f1e,361,87,177,186,227,[]
57581056-0b68-49cc-b05e-002c0a2a18ca,329,330,707,867,557,[]
575956ba-4188-4346-8e18-002d0a2a4501,339,376,476,471,730,[]
57596d66-5ff8-4c6b-8a96-002c0a2a150b,302,101,286,333,453,[]
57598b83-7e24-40a8-b648-002d0a2a150b,25,332,363,410,440,[]
5759b620-f4d0-422c-b2ac-002d0a2a4501,410,759,707,867,570,[]
575aa892-b244-4163-a20b-002c0a2a150b,365,612,712,239,707,[]
575ace18-7f9c-4cb7-961b-002d0a2a150b,43,433,32,179,302,[]
575eb1c4-0d9c-46c9-8fb6-004d0a2a150b,263,268,387,428,452,[]
57616b87-e08c-475a-9fb5-008a0a2a150b,53,117,200,311,467,[]
5762aaad-7b8c-4822-99e1-002d0a2a0279,331,342,61,249,250,[]
5762b5c6-5080-4b2c-9bfe-002d0a2a8f75,398,416,557,419,250,[]
5762d896-0d88-40ba-be32-00430a2a8f75,707,867,557,709,250,[]
57641dcb-dec0-47da-bc32-002d0a2a0279,33,174,195,155,144,[]
57696709-3c5c-49c7-a47d-00690a2a8f75,233,332,423,859,878,[]
576ab67c-db54-46ee-92b6-00350a2a0279,430,350,670,547,131,[]
576ab6c3-0160-4268-b0a8-00690a2a8f75,164,208,339,372,23,[]
576bd0c3-2170-4395-8bf6-00520a2a8f75,400,228,315,334,396,[]
576c01c3-a17c-4cc2-b30a-00520a2a8f75,27,321,371,307,707,[]
576d3c6b-5a64-4dfc-a708-00690a2a8f75,251,237,509,70,136,[]
576f50e8-dc74-4ef0-8316-002d0a2aceff,195,498,529,32,707,[]
57713665-0bdc-4d38-8feb-002d0a2a0137,435,426,707,867,557,[]
577197ed-10b4-4bcd-bdfc-003a0a2aceff,47,419,2,6,41,[]
5774dbfb-150c-4c7b-a3e5-002c0a2aceff,309,280,397,327,70,[]
5775460b-37a4-49a8-aa42-002c0a2a0137,348,707,867,557,239,[]
577565f4-6a30-44d7-918e-002c0a2a0137,450,521,790,707,867,[]
5776364d-59d8-4445-a063-002c0a2a0137,464,457,477,426,474,[]
577971f3-a9d4-4b11-890c-00310a2a0137,707,867,541,239,709,[]
577a5d04-b224-44a4-90c2-00bf0a2aceff,23,707,867,541,557,[]
577cdf4d-6d58-4670-a50a-00bf0a2aceff,361,279,285,318,334,[]
577cf643-6b80-42a8-9e7c-00be0a2aceff,194,227,349,431,357,[]
577d066c-d6c0-4180-b632-00ec0a2aceff,218,441,68,137,152,[]
577d69ab-b5b8-47ec-a593-00310a2a0137,136,168,329,441,547,[]
577f0dab-8f88-4ff1-a1a1-00bc0a2a0137,233,519,517,611,70,[]
577f7d9e-5ca4-425f-859a-00ec0a2aceff,510,707,867,557,711,[]
578095cd-123c-491c-a1dd-00bf0a2aceff,75,525,388,557,707,[]
578359d0-91ac-4983-96f5-00bb0a2a0137,412,9,309,347,360,[]
5783bc7b-d994-4990-bf7a-00bc0a2a0137,7,707,867,557,709,[]
5783dd99-9fdc-487a-b901-01360a2a0137,707,867,541,557,709,[]
5784b683-a710-43cd-a066-01740a2aceff,39,191,436,441,489,[]
5785c3aa-71c4-45f6-8c12-013d0a2a0137,113,233,490,600,128,[]
5786174d-1f44-4860-bfb2-01460a2a0137,627,449,272,381,424,[]
578658e3-5498-4c75-937d-01580a2a0137,332,412,44,221,298,[]
5786cac8-1164-44bc-95d3-01920a2aceff,201,439,441,464,759,[]
5787882f-074c-4abb-8ccb-01580a2a0137,356,131,369,46,507,[]
5787e499-4344-4b90-8dac-01920a2aceff,232,316,557,709,707,[]
57880d84-1fc8-4272-8389-01590a2a0137,75,234,348,707,867,[]
5788e481-1de8-44b6-99b1-017b0a2a0137,488,776,798,483,707,[]
578c9080-b44c-48b9-adf1-002c0a2a6d31,78,115,118,137,187,[]
578ca6e4-a918-46cc-ac39-002d0a2a6d31,279,303,311,609,698,[]
578cc1c1-bcf4-4a44-9e1e-002d0a2ae60c,494,510,512,514,606,[]
578d1b9b-12b8-47f9-81a9-002c0a2a14b5,368,427,479,371,416,[]
578d3af4-83d4-4369-a391-002d0a2a14b5,424,546,553,581,478,[]
578e24dd-6300-4823-823b-002d0a2a14b5,75,188,340,711,707,[]
578e685d-181c-40a9-aac4-00320a2a6d31,227,490,115,377,13,[]
578eb3fd-67f8-4804-bab1-002d0a2a14b5,553,674,309,414,722,[]
578f40ff-a794-4e98-bb71-002d0a2a6d31,35,189,195,32,537,[]
57908c8c-5170-4cf3-9f19-002d0a2ab38f,75,211,234,557,537,[]
57936df4-6040-49cb-b1a0-002d0a2ab38f,88,449,759,771,672,[]
5796b46c-5d44-49b2-bce3-002d0a2ab38f,508,509,451,527,550,[]
5796c727-cb94-4051-8332-002d0a2ab38f,526,120,707,867,244,[]
57977044-2b18-4126-bb57-002f0a2aa404,348,707,867,541,557,[]
579782d4-f0b4-4117-8637-002d0a2aa404,510,387,519,680,394,[387 394]
57978f6a-8864-4e5c-8e0e-002d0a2aa404,361,216,366,112,175,[]
57985ac0-af9c-4cf5-a751-002f0a2aa404,168,499,503,812,244,[]
579865e2-9c54-4f62-a785-002d0a2ab38f,343,583,129,187,333,[]
579868fa-d264-4958-af71-007d0a2aa404,624,201,333,348,365,[]
57997e4c-780c-43f2-803a-007d0a2aa404,631,707,867,557,709,[]
579a221e-76f8-408b-b7f3-00860a2aa404,507,547,356,529,603,[]
579a5a22-c1ec-4e53-8795-007d0a2aa404,669,348,44,271,308,[]
579ae66d-e760-44ca-bd8d-002d0a2ab38f,121,253,331,381,525,[]
579b0924-c6e0-44ff-bac7-007d0a2aa404,504,507,196,716,439,[]
579b2919-d868-484d-81f6-002d0a2ab38f,499,503,504,510,812,[]
579b32d7-d3c8-4887-a1ee-00860a2aa404,499,504,510,812,716,[]
579b3749-0388-4b83-895e-002d0a2ab38f,499,503,348,504,812,[]
579ccd5b-c220-406d-9bff-007d0a2aa404,526,663,433,557,707,[]
579f0640-9f28-4bcf-91ac-002d0a2ab38f,253,557,707,867,709,[]
579f683e-cd28-4775-8139-00840a2aa404,513,518,377,417,503,[]
57a060da-7e88-4a43-9922-00840a2aa404,512,494,137,196,354,[]
57a0c5a6-0738-422c-ac93-01290a2ab38f,396,413,390,438,507,[]
57a21151-e64c-4f17-a66c-00ef0a2aa404,243,178,203,274,363,[]
57a2e398-dba4-4bbc-80ba-00f10a2aa404,111,244,707,867,557,[]
57a325ac-0fcc-4219-a976-00860a2aa404,365,359,361,31,519,[ 31 519]
57a34f14-844c-46d3-b43e-00860a2aa404,701,715,721,115,126,[]
57a47fba-27e0-46ba-ae8e-00f10a2aa404,33,35,415,525,6,[]
57aaddcc-fe50-4954-83cf-00ef0a2aa404,421,509,532,86,186,[]
57ac6bc5-9628-4dd5-9968-01640a2ab38f,101,465,52,183,385,[]
57ac932c-a6ac-43fb-b2ff-01380a2ab38f,121,527,548,329,333,[]
57acb2c8-d3fc-4bf0-b640-00ef0a2aa404,244,518,532,547,852,[]
57acb4fa-11d8-4e77-91ce-00ef0a2aa404,15,123,496,681,726,[]
57ad8e98-5194-48a9-b8c9-01640a2ab38f,82,424,498,75,191,[]
57adeb7d-56a4-424a-87c3-01380a2ab38f,417,770,707,867,557,[]
57b17397-64f4-4c36-81be-01380a2ab38f,530,201,359,518,547,[]
57b1e0bf-5aa8-4132-8510-01f60a2ab38f,117,193,311,496,498,[]
57b32342-7168-420d-b871-01f60a2ab38f,273,451,460,522,528,[]
57b39eae-d75c-429a-a5c4-01aa0a2aa404,429,3,210,212,226,[]
57b3d1ce-7554-4f6e-883f-02140a2ab38f,349,365,112,115,242,[]
57b467cd-b1bc-475b-ab9e-01aa0a2aa404,197,320,525,707,867,[]
57b52b64-6000-41e0-bca2-02150a2ab38f,311,517,527,538,859,[]
57b56bd5-c218-4ce3-a208-02140a2ab38f,455,467,514,426,693,[]
57b5e158-4ae0-4cfa-be2c-02140a2ab38f,304,546,707,867,213,[]
57b64aa7-05ec-4cd6-a369-01ab0a2aa404,45,707,867,557,541,[]
57b6e28f-84b4-4293-b6a2-01aa0a2aa404,232,650,659,736,734,[]
57b7040f-cfb8-45d2-a983-01ab0a2aa404,376,430,476,730,737,[]
57b74e70-f5fc-4b12-9305-02670a2ab38f,359,360,361,362,377,[]
57bb086c-dafc-4949-8b1a-020f0a2aa404,241,257,515,852,860,[]
57bb15de-cd98-4fc6-bf46-01f60a2aa404,707,867,557,709,541,[]
57bc18d4-c81c-4512-bec2-02670a2ab38f,87,176,197,518,603,[]
57bc71ef-02f0-405b-9e07-02200a2aa404,395,707,867,541,225,[]
57bc98ad-a7c0-46a0-a263-02660a2ab38f,123,707,867,557,248,[]
57bd65b8-1f1c-4ddd-937b-02100a2aa404,176,187,196,516,87,[]
57bdbf33-9da8-410d-94e1-02410a2aa404,313,333,500,543,121,[]
57be1a56-b1a0-40d8-a83d-028c0a2ab38f,372,520,23,505,737,[ 23 372 505 520]
57bf0395-56cc-4d2f-8eb5-02450a2aa404,315,334,557,707,867,[]
57bf1ca9-c0c4-45f8-a8cd-026a0a2aa404,9,362,523,529,351,[]
57c09288-cec4-4a44-992f-02c70a2ab38f,61,77,31,69,71,[]
57c23b17-ea58-4fec-ba3c-02b10a2ab38f,489,538,201,707,867,[]
57c33c98-ae00-4f72-bc2e-02c70a2ab38f,560,332,39,233,7,[]
57c46160-7e00-470a-a9a2-02430a2aa404,641,116,142,166,167,[]
57c6edfb-c91c-4135-936a-002c0a2a1cf8,207,707,867,557,239,[]
57c82dd6-32dc-434d-8386-00340a2a1cf8,303,132,316,707,867,[]
57c8368b-09bc-4343-898d-00340a2a1cf8,263,434,462,463,464,[]
57c84f17-ce80-4f64-8150-002e0a2a8d11,531,157,502,572,573,[]
57cd8024-831c-4620-abe7-003e0a2a8d11,578,77,186,229,274,[]
57ce72d1-8de4-4aa1-a4fb-003e0a2a8d11,441,578,557,707,867,[]
57ced248-21c8-4a02-88b4-00660a2a9eb3,167,274,99,177,286,[]
57d18b1d-31f0-442e-a61a-00550a2a7972,18,333,550,549,707,[]
57d19525-671c-4a43-8215-00550a2a7972,530,86,415,671,278,[]
57d245a0-f9bc-48a9-adf2-00320a2a135f,361,707,867,658,557,[]
57d27654-5d2c-4e16-83f1-00510a2a135f,255,410,759,570,557,[]
57d656a0-c720-4bce-8965-00300a2a7972,517,394,523,115,136,[]
57d6b7ff-31cc-4b31-8acf-00300a2a7972,788,527,550,437,451,[]
57d97d4a-23b8-4148-a0a5-004a0a2ae3a6,35,456,544,203,322,[35]
57da61af-13c4-449d-b20c-002d0a2a9952,395,707,867,776,798,[]
57daa7ca-8c3c-4bed-9359-00610a2a9952,546,707,867,424,541,[]
57dbf8a2-fd40-401c-9ee7-00680a2ae3a6,355,396,541,697,740,[]
57dc33c1-c954-4a09-9d40-00610a2a9952,401,707,867,557,709,[]
57dc3797-25c4-486c-bb18-005a0a2a9952,401,112,278,334,354,[]
57dd21fc-9d98-40ef-8007-00610a2a9952,525,186,316,470,550,[]
57dfeed0-bd1c-4e0c-af2c-002c0a2af321,386,533,467,707,867,[]
57e0e973-7e44-43b8-822c-002d0a2abcf8,509,413,86,224,550,[86]
57e135e1-4334-4b1e-b153-002c0a2a1238,542,82,34,178,424,[ 34 178 542]
57e13e03-17cc-4be2-b9ec-002d0a2a1238,186,798,776,483,707,[]
57e213aa-5500-42eb-99c6-002d0a2a1238,666,596,597,599,9,[596 597 599]
57e3d27f-c028-498f-a41b-00530a2a1238,157,167,286,502,577,[157 167 286 502 577]
57e3d9d8-2d34-4a28-93b0-00920a2a1238,488,482,605,776,798,[]
57e4d0bc-8ecc-43a7-a869-00500a2abcf8,552,325,657,373,374,[]
57e4d9c9-e0fc-4767-8ddf-00450a2a1238,517,859,878,707,867,[]
57e4da42-2494-44f4-a781-00920a2a1238,517,859,878,707,867,[]
57e5254e-80c8-479b-979f-00530a2a1238,701,329,403,584,591,[329 403 584 591]
57e90041-26b8-47dd-85c9-00520a2abcf8,110,526,539,615,624,[110 526]
57e92828-5470-476b-b1aa-00500a2abcf8,61,199,157,77,368,[]
57e93e49-60b4-4a1a-a54f-002d0a2abcf8,69,425,649,707,867,[69]
57ea348a-20b4-4c5d-ad3e-00500a2abcf8,519,523,625,187,279,[519 523 625]
57ea745a-0f0c-4b67-a251-002d0a2abcf8,112,243,278,707,867,[112 243 278]
57ea95e3-5d44-4330-81df-00500a2abcf8,516,168,253,503,504,[168 253 503 504 516]
57eaf7e4-2740-46d0-be25-00500a2abcf8,503,707,867,557,239,[503]
57ebe981-76d0-41ce-819b-015d0a2a1238,401,707,867,557,541,[]
57ebeacd-d9f0-4321-9277-015c0a2a1238,702,136,610,673,721,[]
57ebeb1c-8db4-40ad-8cd0-00520a2abcf8,359,366,279,361,582,[279 359 361 366 582]
57ec080b-9458-4a79-be44-01770a2abcf8,705,161,414,326,272,[161 326 414]
57ec991d-eb2c-4df0-8b82-015c0a2a1238,779,231,777,707,867,[]
57eca6f4-e6e4-4ef6-8139-01750a2abcf8,136,707,867,557,609,[136]
57eccc59-2720-4697-a41f-00920a2a1238,720,854,588,707,867,[]
57ecefb6-473c-4e01-afa7-00920a2a1238,669,707,867,557,709,[]
57ed099e-0458-44fc-ba7d-00920a2a1238,494,707,867,541,557,[494]
57ed296e-50d4-46d0-97c4-015d0a2a1238,598,390,279,361,582,[]
57ed47b7-9ffc-4ceb-9512-00920a2a1238,586,767,790,537,707,[]
57edec76-1c0c-4876-ade9-01770a2abcf8,610,417,620,623,646,[]
57ee280d-f348-46e0-bad4-00520a2abcf8,374,77,707,867,557,[77]
57ee6deb-9478-45c4-a382-00520a2abcf8,324,854,809,637,649,[324]
57eef224-3b38-49a0-ba2d-020c0a2abcf8,466,493,485,632,481,[466 485 493 632]
57f163a2-3c3c-48a9-82cc-01fe0a2a1238,707,867,541,709,663,[]
57f26fa0-ea94-44f1-94f5-020c0a2abcf8,304,553,394,278,633,[304 394 553]
57f2726d-8300-4871-8b13-020d0a2abcf8,435,632,465,468,631,[435 465 468 631 632]
57f27301-ad34-42a1-999a-020c0a2abcf8,368,430,707,867,557,[]
57f2b397-f6b0-456e-9156-02280a2abcf8,707,867,541,225,709,[]
57f2ecd0-c758-477e-81fd-020d0a2abcf8,583,177,680,557,707,[]
57f349bf-9740-4f13-a7c5-02280a2abcf8,123,707,867,557,541,[123]
57f3fe25-34f4-452c-a002-02280a2abcf8,102,147,180,348,726,[102 147 180 348]
57f40b30-12e8-427c-a8ec-021b0a2a1238,270,261,655,23,90,[]
57f4cf63-0c5c-4869-87a4-020d0a2abcf8,71,281,707,867,557,[]
57f5875e-26a8-44e8-8dbd-02810a2a1238,207,854,809,637,649,[207]
57f751d6-2eec-4d5e-a04d-02e40a2abcf8,482,488,776,798,483,[]
57f75d68-e0cc-498d-85ef-02e20a2abcf8,684,479,331,373,484,[]
57f79f51-01b8-4559-9e35-02e20a2abcf8,206,179,83,195,337,[ 83 179 195 206 337]
57f7a0bf-d068-4ca6-bb07-02e60a2a1238,403,707,867,557,709,[]
57f7c163-4638-4e8b-bc44-02e60a2a1238,624,633,658,366,390,[624 633 658]
57f7d976-1c44-4d0f-a5ae-02e40a2abcf8,576,2,8,20,21,[]
57f7de8c-20d8-42b4-9185-02e60a2a1238,157,286,502,577,167,[]
57f7e69d-eb9c-4c44-acd8-02e30a2abcf8,467,533,707,867,557,[467]
57fa3a0b-a9e8-4afd-8870-03420a2abcf8,278,557,707,867,15,[]
57fba5b0-977c-460f-b972-03600a2abcf8,86,532,579,658,852,[]
57fd47c6-c724-42e3-9988-03520a2a1238,507,146,187,196,301,[146 187 196 301 507]
57fe1f84-ef00-4b5f-8789-02e40a2abcf8,375,557,707,867,709,[]
57fe3fb4-54e0-42ea-9669-02ed0a2a1238,486,655,707,867,402,[486]
57fe40bc-38fc-491e-90ab-03600a2abcf8,510,486,519,571,340,[]
57fe55ad-ec14-4474-9197-03600a2abcf8,533,467,707,867,557,[]
57ff91c7-886c-42b8-a10f-03520a2a1238,400,568,704,707,867,[]
580044d9-7f28-47fd-8980-03510a2a1238,497,628,5,116,178,[]
58007479-7df0-4862-a744-03b90a2a1238,494,825,606,707,867,[]
5800aca3-12dc-4c48-8ba1-03520a2a1238,401,836,838,841,843,[401]
5800b7d9-a650-44c2-b146-03520a2a1238,370,707,867,859,878,[370]
580278e6-01e0-4067-b2b0-03600a2abcf8,400,642,555,622,574,[400 555 622 642]
580386c5-c398-4a2a-8d9c-03510a2a1238,206,648,707,867,541,[648]
5803d3e5-547c-41bf-a832-03420a2abcf8,632,178,540,619,631,[178 632]
58048b4d-025c-4464-869f-03420a2abcf8,359,303,417,132,348,[303 359 417]
580499dd-98fc-4f26-9d25-03510a2a1238,70,359,609,698,658,[70]
5805ddc9-abcc-4050-9121-03600a2abcf8,337,241,383,400,464,[]
58065b95-6844-41c1-8578-002d0a2acf97,132,303,327,359,366,[132 303 327 359 366]
5806e28e-11b8-4beb-bcf8-002d0a2acf97,368,77,199,684,726,[ 77 199 368]
58077c01-d698-48b8-97c3-002d0a2a6d99,205,717,203,510,382,[]
5807c6dc-e72c-4c1a-971a-002d0a2a6d99,315,438,656,642,570,[315 438 656]
5808bd66-3cac-4247-8ed9-00410a2afefd,520,623,157,203,339,[]
5808e832-9dac-4803-85a3-002d0a2a6d99,665,518,568,625,677,[518]
5809136c-c850-48b3-b987-002d0a2afefd,311,546,642,656,235,[]
580a20c0-b468-4ca7-b115-00400a2a6d99,486,680,717,571,510,[486]
580a5d17-9b60-4263-a8f5-00410a2a6d99,624,677,747,629,568,[]
580a6861-7474-45ba-89b9-002d0a2afefd,319,123,578,604,707,[319]
580d6126-c048-4449-b263-00410a2a6d99,517,370,507,859,878,[517]
580d8df2-ea2c-4a5e-8457-002d0a2a6d99,387,674,239,707,867,[387]
580d9fe1-496c-4133-8e52-00410a2afefd,517,707,867,557,541,[]
580db532-f1bc-4c00-9c98-00410a2a6d99,717,707,867,557,709,[]
580f324f-a614-4743-81e6-00e70a2afefd,832,504,563,564,633,[]
581127f1-87cc-44f9-9900-00420a2afefd,269,707,867,541,225,[269]
5811db97-8b98-4f6c-ac61-00e70a2afefd,417,499,503,516,812,[]
58132bd9-7ecc-4c25-8529-002d0a2aed5e,622,157,286,325,333,[]
5813393e-c55c-4034-8bfe-00410a2aed5e,630,386,467,686,474,[630]
58170834-7fcc-43a0-8a9c-002d0a2aed5e,366,633,688,126,360,[126 360 366 633 688]
5817194e-79ec-427e-8834-002d0a2ae5ef,538,666,669,673,680,[]
58172cd8-72ec-4a55-b63c-00640a2aed5e,185,646,707,867,557,[]
5817321f-0710-4ea3-bfea-00730a2ae5ef,185,271,707,867,726,[185]
5817acf0-ddc4-4347-88eb-002d0a2aed5e,331,707,867,557,709,[331]
58186daf-72b0-4b6a-b30f-00640a2aed5e,706,271,69,185,77,[]
58188a3f-01ec-4fa8-b927-002c0a2ae5ef,185,646,371,678,707,[185 646]
5818acad-5d98-46c4-9479-002d0a2aed5e,185,707,867,557,709,[]
5818cd42-73a0-467d-89e9-002d0a2aed5e,387,707,867,239,538,[]
5819b222-f5a8-4f2d-a3ab-002d0a2ae5ef,368,681,276,697,740,[276 368 681]
5819c698-6db4-45db-afe4-00410a2aed5e,774,813,816,818,827,[]
581a3dbe-c054-4a27-be3c-00730a2ae5ef,259,394,421,258,664,[]
581b40fb-d1c8-4865-9e51-002c0a2ae5ef,383,460,29,116,286,[383 460]
581b5641-b1e8-4412-a986-002c0a2a6842,600,594,601,812,670,[594 600 601]
581c5417-1ef8-49f6-91e2-00410a2aed5e,579,692,154,552,707,[154 552]
581fb9a5-9d48-4a2d-bb1a-003a0a2a6842,67,369,707,867,607,[ 67 369]
58204100-bc14-45ce-acde-003a0a2a6842,503,515,538,707,867,[503]
582192ea-9e80-491b-b5f0-00370a2a2cc3,365,707,867,239,557,[365]
5821dbec-bdf0-41ab-aa87-00ed0a2a6842,707,867,557,709,239,[]
5821ff90-bb5c-4e89-b340-00ed0a2a6842,400,674,682,705,188,[400 674 682 705]
58246bd1-5a44-4567-9247-00570a2a090a,657,732,707,867,278,[657 732]
58248dbf-69a0-438c-9e3b-002c0a2adcc4,673,221,784,853,590,[221]
58249192-7d94-48cd-8757-002c0a2a090a,86,91,278,396,438,[]
5824d353-239c-4318-8827-00570a2a090a,662,673,856,853,707,[662 673]
58253dce-61f0-48f6-a382-007d0a2a090a,185,271,511,662,856,[]
5825e728-5b58-47a4-98a8-002c0a2ae944,646,707,867,541,709,[646]
5825f96c-b134-4324-a315-002d0a2a81a1,205,666,673,707,867,[]
58299cd1-ba30-4e4d-81b6-002d0a2a81a1,725,752,442,456,573,[442 456 573 725 752]
5829a4b7-a2c4-459f-95e7-00550a2ae944,707,867,541,557,709,[]
5829b833-11c4-4e4d-b800-002c0a2a81a1,382,708,557,709,711,[]
5829d657-1f60-4685-b5d6-002d0a2a81a1,684,168,326,334,400,[168 326 334 400]
582ac7b6-4940-4b88-bd4d-002c0a2a81a1,123,707,867,255,210,[123]
582c3a63-9398-48b7-bff4-00b10a2a81a1,674,707,867,541,225,[]
582c7196-8b40-415d-863e-00550a2ae944,674,109,636,17,94,[674]
582c7ca5-5d84-4d6b-beee-002d0a2a81a1,536,448,635,676,736,[]
582dbcfd-de40-4c9a-b2d1-00b20a2a81a1,624,510,591,601,625,[510 591 601 624 625]
582dbde4-fb4c-4dee-b020-00b10a2a81a1,783,499,766,604,707,[]
582e5e95-0ea0-4b28-87c3-002d0a2a81a1,340,518,613,673,724,[340 518 613 673 724]
582f3a11-f064-4aa9-b585-002c0a2a31f1,589,588,720,707,867,[588 589 720]
58316c39-b0a4-4afe-9dc9-00460a2a31f1,673,853,707,867,557,[673]
5835a540-b0c4-46a0-9a48-00460a2a31f1,782,680,566,67,380,[680]
5837def0-deec-4f91-809e-01040a2a31f1,583,567,707,867,670,[]
583987d4-f8f4-46e9-b1e7-00470a2a31f1,766,83,707,867,541,[83]
583c288f-d2ec-465b-b192-00c60a2a31f1,735,630,469,737,707,[735]
583c295a-dbd0-415a-a2be-010e0a2a839b,737,730,580,707,867,[]
583c3679-0a58-4baa-851c-00c60a2a31f1,634,707,867,557,709,[634]
583e3439-c1dc-49bc-91b9-01bb0a2a839b,240,753,719,82,455,[ 82 240 455 753]
583e9315-8584-4ff4-92c2-01bc0a2a839b,771,469,727,759,707,[]
5844fde1-b3a4-4c90-ad03-01e40a2a839b,180,185,184,331,271,[180 184 185 271 331]
5845a26f-1ed4-4094-924a-01d90a2a31f1,30,82,197,579,829,[]
5845a5f4-9c1c-4e79-9610-02170a2a839b,428,429,738,527,788,[428 429 738]
58469ffb-745c-41e8-b95d-024d0a2a839b,784,853,575,851,864,[]
5846bf1a-e2d8-4d7e-8a27-024d0a2a839b,376,643,141,180,274,[376 643]
5846d799-f004-4540-92a6-01e40a2a839b,758,783,601,547,598,[]
5847eaf5-9544-4548-bef2-02b50a2a31f1,87,808,809,813,770,[]
584944f7-68cc-47e2-a2c7-02140a2a31f1,186,772,832,808,813,[]
5849b38c-7a70-4995-98ff-02140a2a31f1,707,867,424,500,541,[]
584aacf1-7724-4c2b-a004-02b50a2a31f1,413,707,867,770,813,[413]
584db85f-3d78-4c0b-96fa-024d0a2a839b,716,87,808,603,813,[ 87 716]
584f05db-9a68-44c0-9da1-02b10a2a839b,680,707,867,557,607,[]
58502976-71d0-4abb-8e89-039e0a2a31f1,332,686,562,557,474,[]
58517961-e704-45fe-a4db-03920a2a839b,220,557,707,867,225,[]
58518ce2-1ba8-43a3-9c0f-03900a2a839b,724,707,867,607,538,[724]
58523026-0704-4ce0-bf99-03ae0a2a31f1,762,789,707,867,557,[762 789]
5852a568-5f48-4b4b-bf26-039f0a2a839b,826,34,41,96,174,[]
5852bdb4-b2b0-4d6e-935f-03d40a2a839b,754,519,625,859,878,[754]
5853f36e-09a8-4945-a050-039f0a2a839b,345,425,616,824,549,[]
58541585-fc40-4525-95dd-04190a2a31f1,849,201,488,717,774,[201 488]
58542666-a888-42d0-9de8-04050a2a31f1,587,783,789,621,655,[]
5854391a-286c-498e-90d0-03920a2a839b,184,271,646,83,501,[184 271 646]
5854421a-2414-4f18-a3f1-03920a2a839b,587,627,828,851,864,[]
58544f58-9104-42ad-9061-04190a2a31f1,478,707,867,557,500,[478]
58572b3f-6f44-4169-8128-04190a2a31f1,518,665,783,604,677,[]
585777e1-42dc-4990-9d71-044e0a2a31f1,832,808,813,770,707,[]
5858e074-7eb8-46d8-887b-04050a2a31f1,662,816,587,856,818,[662 816]
5858e941-f188-4fef-a38e-044e0a2a31f1,339,238,376,180,737,[180 238 339 376 737]
585a405e-3390-4fae-b6db-04440a2a839b,509,224,688,324,550,[509]
585aa614-4548-4945-b9da-04c40a2a31f1,435,528,761,437,465,[435 437 465 528 761]
585b0f1b-28e0-42fd-b6b1-04c40a2a31f1,207,326,365,701,698,[207 326 365 701]
585bbdac-53c0-48b6-bd9e-04c40a2a31f1,569,594,595,758,780,[569 594 595 758 780]
5862446f-a2fc-42fb-88a9-04fc0a2a839b,345,325,824,73,116,[]
58629036-e528-41dd-a1cd-04fa0a2a31f1,87,176,538,603,707,[ 87 176 538]
5868f3ae-b420-4c0f-99ad-04fa0a2a31f1,353,819,848,707,867,[]
586d2dfb-ece8-40a0-bbe2-05400a2a31f1,601,596,599,597,608,[596 599 601]
586e57b1-5f58-4d3f-82ff-05070a2a839b,819,707,867,557,709,[]
586eb71d-d440-46fd-9c17-05360a2a31f1,87,176,603,819,716,[ 87 176 603 819]
586f8af8-8da0-4896-9ab8-05140a2a31f1,752,319,77,286,333,[319]
586fdbd1-a250-420a-8b3d-002d0a2ac68a,343,707,867,541,225,[]
587285db-8458-45d5-acd1-00390a2ac68a,707,557,709,541,225,[]
58735ebe-fb44-4f57-997a-002d0a2ac68a,819,707,867,557,709,[]
5874e784-c5a8-40d4-aa9c-004e0a2a6136,587,621,635,676,707,[]
5877557e-bbac-4e3f-944a-00810a2a6136,147,430,865,476,707,[147 430 865]
58775f13-5944-46d8-9ec7-00bd0a2a6136,707,867,210,541,709,[]
587788f1-a39c-473f-8294-008a0a2a6136,753,826,693,652,455,[753]
5877e33e-21f8-472f-be30-00b70a2ac68a,865,643,756,430,707,[643 756]
58788ee8-bd40-4c20-992f-008a0a2a6136,197,683,723,581,545,[197 545 683 723]
5878982f-92f8-4803-8c4a-008a0a2a6136,185,707,867,557,709,[]
5878c1c5-fe60-4018-9a89-00810a2a6136,847,879,844,707,867,[]
