user_id,0,1,2,3,4,emailed
5260234c-9878-4d49-9d26-46b2d4718e13,186,336,243,301,249,[]
5260f967-7d74-4f6e-9deb-4b7fd4718e13,40,336,120,717,506,[]
526132a9-4280-4cc4-a2d8-42acd4718e13,567,3,186,336,547,[]
526640ab-ebd8-4593-9749-4002d4718e13,40,52,23,41,51,[]
528de178-be0c-4af4-9324-4fc8d4718e13,48,528,148,463,766,[]
528f575a-c6a8-4fdb-9bd7-4662d4718e13,400,271,8,319,42,[]
529492c1-d5c8-48d0-b411-4410d4718e13,40,336,271,148,706,[]
52949cdf-6860-496a-83e1-4e3bd4718e13,40,480,522,81,148,[]
5294de89-09e8-482f-899e-4cfcd4718e13,40,766,669,480,148,[]
5296fe22-a518-48c8-96bd-42e0d4718e13,567,3,336,590,351,[]
5298c2bc-7e58-4bef-9644-4607d4718e13,197,245,271,52,165,[]
529b4474-3e0c-4090-8606-4519d4718e13,3,480,182,509,148,[]
529c3b23-0828-4903-9f75-4950d4718e13,682,165,705,187,183,[]
529c56ba-5694-4862-8123-402ed4718e13,598,40,186,336,480,[]
529c5ee3-915c-479f-a7cf-427bd4718e13,48,528,148,463,766,[]
529dd13e-a880-4ef0-bf1a-4d84d4718e13,40,3,276,338,195,[]
52a0b0e9-0284-488a-a2be-4c43d4718e13,21,187,81,139,177,[]
52a1a6d3-39d0-457b-aeaf-416ed4718e13,40,186,336,480,148,[]
52a1c6e3-3fb4-4b34-9530-4c9bd4718e13,598,567,356,517,472,[]
52a1e381-8f04-422e-85f1-400ed4718e13,43,336,271,337,517,[]
52a5e465-2b54-4275-a11a-407bd4718e13,40,3,336,41,627,[]
52a6e2f2-c948-4be4-915f-447ed4718e13,40,41,187,319,84,[]
52a7021a-5dac-4c41-add0-4db7d4718e13,40,48,159,252,23,[]
52a73f7b-fca4-43fd-9383-44ced4718e13,40,48,159,252,23,[]
52a74a17-f26c-4c98-be5c-4f8bd4718e13,40,252,81,457,52,[]
52a81864-567c-4110-9c59-476ed4718e13,319,272,400,302,546,[]
52a835a7-f018-4618-aab8-4f04d4718e13,40,766,669,336,8,[]
52a8939e-ea3c-4a82-9f9a-4b0fd4718e13,111,133,120,197,516,[]
52a9d586-d7a0-43f0-a3e9-4d64d4718e13,598,40,336,509,508,[]
52ab0a8b-5498-41a5-9bae-2b33d4718e13,40,669,627,336,41,[]
52aee82a-0470-46f7-b140-4c4ed4718e13,547,567,3,336,186,[]
52aeecb9-a2cc-4acd-a207-4f78d4718e13,598,567,40,3,41,[]
52b04720-5cf4-4b40-9ad3-48aed4718e13,40,81,457,52,464,[]
52b3fe26-61e8-4d11-93e0-4035d4718e13,682,40,3,186,336,[]
52c59f63-d684-4983-adeb-4273d4718e13,383,116,528,337,752,[]
52ceb7e4-f064-4ab6-b8c0-430dd4718e13,3,29,51,84,151,[]
52d01965-f260-41e3-aa9b-40cdd4718e13,40,81,286,457,52,[]
52e21c7f-6c58-40aa-bf06-9317d4718e13,684,319,199,328,249,[]
52e28dc9-3df0-4c68-8c0e-4acbd4718e13,567,336,421,233,758,[]
52e2984e-76e0-457d-95bc-4bb5d4718e13,40,336,480,509,93,[]
52f0fc6f-a04c-441c-a737-4b78d4718e13,682,201,186,336,168,[]
52f12121-1168-4b4b-aa69-4905d4718e13,40,766,240,706,498,[]
52f224a9-2384-499b-a474-4303d4718e13,3,177,187,326,280,[]
52f4da04-f9a0-4974-b093-4701d4718e13,238,480,183,148,542,[]
53063262-91dc-4f83-a2b9-4d6fd4718e13,682,40,3,669,336,[]
530f2b8c-9ee8-48c7-92d8-41a1d4718e13,40,336,186,457,421,[]
5314613e-7e74-4631-a2cb-4c77d4718e13,766,547,567,40,336,[]
5314d9d2-2ee4-49de-acef-46dfd4718e13,40,336,522,682,514,[]
5315a252-a50c-4157-8782-485ed4718e13,201,40,186,336,41,[]
531ed128-d5c4-41ed-aa36-4798d4718e13,547,567,356,369,507,[]
5321e052-aa8c-454d-8e5d-4f9dd4718e13,682,40,480,509,81,[]
53281c05-e36c-4aec-8d9f-4537d4718e13,547,567,40,186,336,[]
53285415-3e34-41a0-820d-473ad4718e13,682,547,567,3,186,[]
532a4687-92a4-4b5b-9d92-4f05d4718e13,547,567,669,336,480,[]
532a8344-58a0-4b28-bd66-4946d4718e13,40,3,457,139,147,[]
532c48cf-ec30-42ab-aac3-45c0d4718e13,3,177,706,84,271,[]
5335567c-21f0-4aed-95d5-4285d4718e13,567,40,669,336,480,[]
53392dca-6780-495a-81f3-4cefd4718e13,766,40,336,201,457,[]
533d13cb-ac00-48e2-a395-4464d4718e13,186,336,281,201,79,[]
533d4d1b-89f0-4606-81ff-4180d4718e13,3,336,421,370,194,[]
533e7d61-3370-4a63-8b9f-45a4d4718e13,336,183,240,116,517,[]
5342ba5f-732c-44d0-acf5-4ffed4718e13,40,336,480,766,81,[]
534d4ed7-85ec-4f9d-a0cf-411dd4718e13,547,567,40,186,336,[]
534eb770-15c4-4ecc-a7fd-45d2d4718e13,40,186,336,400,319,[]
5358c8d3-21a8-4853-a7f3-46bdd4718e13,165,40,81,197,13,[]
5358d198-0a70-4cfc-bfd6-4947d4718e13,111,41,133,120,23,[]
536237b2-d6f0-403b-8236-4374d4718e13,40,271,449,684,506,[]
5367e2bf-8470-4655-9276-450fd4718e13,766,40,457,156,553,[]
5368b22b-b1f8-4b2d-8fda-4a32d4718e13,40,3,400,271,319,[]
5385d6fb-0878-49a9-9878-4aa2d4718e13,40,186,336,81,71,[]
5391d42d-d77c-489c-b312-4b78d4718e13,766,706,271,52,147,[]
53971beb-92fc-44bd-a148-4b18d4718e13,547,567,3,177,356,[]
53a0016b-fe20-4ac3-ad0a-4dabd4718e13,8,43,175,271,337,[]
53a02bd5-76d4-4bb9-85eb-4d54d4718e13,336,44,11,334,382,[]
53aac660-59c8-486d-80bc-4888d4718e13,567,40,705,336,457,[]
53ac22b9-a130-45b5-b2ef-452bd4718e13,40,186,336,81,52,[]
53b40846-72e4-4cbb-9641-4411d4718e13,567,3,336,186,271,[]
53baf4a2-0f2c-4945-b3e4-491ad4718e13,3,177,271,227,29,[]
53c66711-31a0-43ab-a45b-4be6d4718e13,547,567,8,336,271,[]
53c7b099-40d4-4c32-bd7f-4122d4718e13,40,669,336,766,120,[]
53c7cbb3-0980-40e9-afe2-418ad4718e13,40,81,472,587,71,[]
53d8e15b-6950-4369-8fae-6821d4718e13,682,547,567,40,336,[]
53e0f2b6-65f0-47d8-8f8f-4303d4718e13,464,195,151,21,273,[]
53e245e5-c860-4d7e-9e31-42ecd4718e13,766,547,567,40,336,[]
53e87d53-3e18-46c6-a7bf-499cd4718e13,336,480,319,148,13,[]
53eb7352-d53c-440b-b6af-47ecd4718e13,3,8,177,93,673,[]
53eca309-cc20-44ca-90f6-459cd4718e13,336,3,567,758,156,[]
53edba2e-5b6c-4d3f-befb-4a75d4718e13,3,186,8,336,413,[]
540628a3-687c-4841-a3f6-40eed4718e13,319,552,219,49,68,[]
54157b70-62b4-47e6-b34f-4d0fd4718e13,39,84,345,90,60,[]
54184956-6318-475c-9942-4467d4718e13,165,197,111,336,120,[]
541c461a-047c-4be7-9a54-40fbd4718e13,165,336,52,44,252,[]
543a6180-2f20-44ab-beb7-4402d4718e13,567,40,187,522,336,[]
543d0b47-d4a0-4e4a-962a-4985d4718e13,598,40,669,480,682,[]
5444f6dc-a560-4018-8f70-46fed4718e13,682,186,336,480,400,[]
54476e96-4d30-4f52-95f7-41fad4718e13,3,81,197,43,120,[]
5447b1b9-8cc0-4603-a036-4393d4718e13,766,40,186,336,480,[]
544e3359-a990-4df3-a441-a147d4718e13,567,3,336,421,368,[]
544eca98-48f0-4a70-b322-407ad4718e13,567,766,336,706,421,[]
54527334-f62c-495d-8982-4d27d4718e13,201,40,186,191,758,[]
545340b5-02c0-4124-9e06-4657d4718e13,682,567,3,598,186,[]
5457370f-4a9c-4144-92af-4ef6d4718e13,567,336,8,281,706,[]
54576eeb-5b50-47d0-9174-4dccd4718e13,336,186,272,285,110,[]
5457a954-4a1c-4e5b-a578-4687d4718e13,40,336,3,186,535,[]
5457ae12-52d4-4125-9b79-4167d4718e13,247,553,17,214,77,[]
5458b5d3-2728-49fe-9f8a-473bd4718e13,682,40,336,480,457,[]
5458b9bc-fd84-482f-972e-4c07d4718e13,165,40,336,3,120,[]
545962f6-b414-4009-a639-4617d4718e13,336,3,457,11,643,[]
545b97ee-efb4-4f92-a831-45f1d4718e13,567,40,705,336,547,[]
545ccd72-7a8c-42d2-8556-4517d4718e13,40,219,116,337,39,[]
54621aa9-6280-4e1f-a94c-4226d4718e13,40,219,116,337,39,[]
5463a446-c6f4-416e-96ab-477ad4718e13,201,3,116,511,44,[]
5464c464-e688-428b-ad05-4b21d4718e13,682,3,336,186,183,[]
5464cbf7-7bec-4893-bbbe-4274d4718e13,567,3,336,356,590,[]
54656b6d-d1ec-42d0-b82a-4836d4718e13,336,505,42,472,587,[]
54662135-9404-44ca-9eab-4249d4718e13,3,336,183,197,156,[]
546640e7-b22c-4dfa-8734-a0e0d4718e13,40,116,197,195,338,[]
5469f03d-1dfc-4833-ad51-47abd4718e13,233,3,336,186,29,[]
546a571f-fcf4-4976-841a-41fcd4718e13,567,336,519,3,457,[]
546f8602-07c4-44b0-b7d6-44dfd4718e13,627,186,336,319,449,[]
5472ec9f-e948-41bc-8d67-455fd4718e13,233,3,186,336,567,[]
547c96e2-358c-4451-89b2-4ddbd4718e13,40,457,52,498,271,[]
547c9e9c-b19c-40a0-a0eb-4d58d4718e13,480,706,271,52,498,[]
547f45e5-9aa4-4052-9a57-4edfd4718e13,3,177,528,60,42,[]
547f53dd-cc84-4791-9ca2-414fd4718e13,111,480,52,133,271,[]
54c66a7a-2304-4d66-bc1f-4e1fd4718e13,567,3,336,421,186,[]
54c7a0b9-03bc-4151-ae6d-4e2dd4718e13,547,567,40,41,177,[]
54ca4244-2dd8-4cd6-9ce5-4e5bd4718e13,40,336,682,472,120,[]
54d0b3d8-c4e8-4441-8761-4649d4718e13,40,766,81,52,752,[]
54dcc56c-53f8-45fe-8b2d-0046ac11001f,682,40,705,336,3,[]
54e62c0f-18c8-4ed5-a676-0040ac110028,40,567,336,547,457,[]
54e7c7a9-93c4-46bd-b8a9-0040ac110028,8,370,194,494,44,[]
54eb054a-1a7c-492e-9ea7-0045ac110028,3,336,186,8,547,[]
54ecca6c-56f0-4f10-aea2-0046ac110028,547,567,3,336,8,[]
54ee01f3-feb4-4751-b34b-0047ac110028,598,197,336,186,233,[]
54eefcf9-a974-4885-8b68-0046ac110028,8,44,71,129,246,[]
54ef0adc-4618-488b-902f-0046ac110028,44,271,93,252,3,[]
54f59741-bc64-4e9b-bd3d-003cac11002b,766,126,252,77,535,[]
54fdae6d-e2c4-4ac2-ab1e-003dac11002b,3,202,553,206,29,[]
5502f6ce-f0e0-43b9-b4ed-0045ac11002b,682,3,705,502,118,[]
55071297-648c-4e6e-ad38-0041ac11002e,111,3,186,336,133,[]
55073fa7-861c-44c6-9891-003cac11002e,252,247,138,189,83,[]
55096f17-47f4-425b-98aa-0044ac11002e,682,40,480,195,148,[]
550b01f2-e498-4448-8de7-0052ac11002e,252,247,138,189,83,[]
550b26ba-3d48-4531-a3f2-0052ac11002e,336,480,271,330,506,[]
550c0193-01b0-4114-95c1-0051ac11002e,201,3,336,83,337,[]
55141bb8-bb2c-445e-a1dd-0053ac11002e,195,116,338,47,110,[]
5518477d-c7bc-4444-a1d9-005aac11002e,8,421,682,187,247,[]
551913c2-b9b0-401b-a120-005aac11002e,3,177,321,507,29,[]
551bef20-e4b0-4b2e-baf0-0056ac11002e,40,81,83,286,457,[]
5522cd8e-6c1c-4787-9c77-0027ac11002d,598,336,480,148,133,[]
55253832-6e68-47ec-ac2f-0027ac11002d,567,40,669,336,148,[]
552633ed-a650-41b0-9df2-0027ac11002d,336,3,567,43,535,[]
552bed22-e1a8-4ea7-a330-0034ac110034,567,3,177,42,356,[]
552e639e-18e4-4627-9f6b-0037ac110034,567,705,165,336,421,[]
552f98fd-232c-4886-8f7d-0035ac110033,3,186,336,421,177,[]
55312695-2fbc-4f67-9d51-003eac110034,598,40,41,336,186,[]
55351a4f-b0f8-4ca0-8006-003fac110033,547,567,705,186,682,[]
553754bc-c850-4c37-a820-003dac110034,519,301,457,560,553,[]
553f7cb8-9f9c-4a3a-820e-0041ac110033,3,187,177,326,135,[]
55403c16-5210-4a19-821e-0042ac110033,40,336,480,81,507,[]
55422a5a-c3dc-4c1c-9f45-0028ac110040,3,336,187,511,351,[]
55424b92-8144-42e3-b5d0-0028ac110040,3,336,403,340,110,[]
554250e9-9aac-4cce-b73c-0037ac110040,8,336,622,186,516,[]
554890c1-aa24-44b9-b450-003aac11000d,682,567,522,336,3,[]
554a3a8f-1f64-44b6-b334-0027ac11006f,547,567,40,336,41,[]
554b52c4-446c-4a81-80c0-0033ac11003d,547,567,42,271,356,[]
5551af6a-cc40-442d-9b49-0045ac110049,547,567,356,369,507,[]
55520326-2134-46dc-8029-0045ac110049,9,360,206,247,135,[]
55545fa0-19e8-4b41-950b-0045ac110049,567,3,336,186,271,[]
55547f07-a1c4-47f9-8acc-0041ac110019,336,486,42,3,151,[]
555992a9-c144-4403-9fa6-0043ac110019,547,567,669,120,148,[]
5559d549-e818-435f-a7b7-0043ac110019,682,509,186,336,508,[]
5559f806-0ffc-4d43-83e8-0042ac110019,567,40,598,480,472,[]
5559fb40-f394-40cd-874c-0047ac110049,682,40,81,457,286,[]
555a00df-3c0c-49a4-9e47-0047ac110049,201,3,116,336,526,[]
555b04c2-cfe0-48b1-b934-0047ac110049,682,547,567,40,669,[]
555c40cc-3de8-4bfb-b2ea-004fac110019,3,526,285,228,186,[]
555cb469-fda0-4d59-bcf1-0050ac110019,567,3,547,758,243,[]
555da685-bcac-487e-8248-0052ac110019,480,522,336,761,186,[]
555db73d-eedc-43a3-a2cb-0050ac110019,40,480,319,195,165,[]
555dbdfd-a928-44f5-8bda-0051ac110049,682,133,514,120,553,[]
555e4e98-1cb4-43e4-9713-0051ac110019,165,135,351,187,164,[]
5563153d-dddc-43f8-b00e-0051ac110049,186,336,480,330,271,[]
55632d5a-39e8-4e13-9a6e-004fac110049,186,336,480,400,330,[]
55646e62-2aa4-4c6f-bb75-004fac110049,272,120,706,81,3,[]
5564a4a1-50ac-46be-aaf2-0050ac110049,3,336,8,272,186,[]
5565da73-7b74-429b-9d49-0053ac110019,449,319,706,60,761,[]
556d7542-9708-4674-9fe2-0053ac110049,567,3,336,186,517,[]
55700965-f338-42d5-bc09-005aac110019,319,240,706,156,276,[]
55701889-7bdc-41c8-95fe-0056ac110049,519,40,336,376,165,[]
55706397-87b0-42c6-8e86-0056ac110049,682,40,336,480,400,[]
5571f84b-f43c-4c01-9334-005bac110019,40,669,336,480,148,[]
5577dfe1-8568-4be9-95f1-0056ac110049,3,567,336,29,271,[]
557ebdba-f440-49f8-80f1-005dac110019,682,3,370,186,567,[]
55804b7c-63f0-479c-877e-005bac110019,508,509,40,480,81,[]
5582db0c-4744-4c2f-9782-005cac110019,40,81,472,52,271,[]
55883f38-8fd8-4e9f-8675-0057ac110049,319,187,84,345,281,[]
5588d565-4d80-462f-95e7-005bac110019,40,60,509,336,508,[]
55893d77-17a0-4f22-b08f-005bac110019,186,336,590,369,84,[]
558a2f86-cd80-4941-a34d-005bac110019,336,480,217,165,148,[]
558abd31-7044-43b7-bfce-0057ac110049,111,766,3,133,120,[]
558c20bb-24ec-41e3-a4c9-0058ac110049,319,187,84,345,281,[]
558cccbd-3660-4d14-9984-0058ac110049,682,9,3,177,183,[]
55914d88-1420-4868-b72c-0059ac110049,457,472,505,383,587,[]
55955393-b180-488d-971c-0038ac110055,40,3,705,567,177,[]
559aeea4-8f04-4207-9a09-003bac110055,40,336,480,165,83,[]
559d699f-617c-45f9-8f5c-0031ac11002b,3,336,186,120,280,[]
559f8999-7810-4495-9f7f-0033ac11002b,567,547,40,336,41,[]
559f9f11-7978-4104-88fb-0031ac11002b,21,81,252,247,301,[]
55a13623-fe98-4756-8e01-0028ac11000d,598,174,165,40,336,[]
55a37d06-fcac-41b7-b6e3-0032ac11002b,567,3,336,547,421,[]
55a4fa2c-0c00-41da-bc00-0031ac11002b,186,60,168,227,208,[]
55a5845a-c4a4-4aa4-a204-0027ac11000d,3,186,336,81,301,[]
55a63566-58cc-4d64-9ed8-0033ac11002b,40,3,669,336,41,[]
55a658dd-49b4-4c6b-8162-0032ac11002b,336,120,370,148,546,[]
55a67d38-fda0-4425-9baa-0033ac11002b,3,245,177,206,135,[]
55a8ec4b-1938-4308-b985-0037ac110013,705,336,3,285,682,[]
55ae2def-1aa0-41b3-9c0e-0035ac110013,547,567,3,336,421,[]
55ae5334-4108-4a17-a6e3-0039ac110013,682,40,336,480,186,[]
55aea399-da60-4cf6-98e0-0036ac110013,40,472,351,394,165,[]
55b0cfaf-69a8-4147-ab8e-0048ac110013,567,40,336,682,421,[]
55b0d407-68a8-4305-bdfe-0043ac110013,40,705,480,682,148,[]
55b78dc7-1090-4078-986e-0028ac110019,201,3,336,83,337,[]
55b8f420-5538-47a7-8e48-0027ac110019,567,3,336,186,622,[]
55bf2016-9374-41fa-aaca-003eac11000d,3,186,336,177,486,[]
55c0f881-75e4-465f-9ccc-0045ac110019,598,567,40,41,3,[]
55c35b4f-4370-427a-abf6-0043ac110019,40,186,336,42,48,[]
55c88c02-d314-4493-877a-0044ac110019,567,40,336,41,3,[]
55c9b834-5248-4804-a12b-0027ac11000d,682,40,336,480,165,[]
55ca2834-c52c-48e9-a925-0046ac11000d,3,336,60,271,8,[]
55cb3239-fa88-423e-a9fc-003aac11000d,567,165,598,336,547,[]
55cc73f4-ff08-4565-909d-0047ac11000d,336,148,480,271,11,[]
55cdd80a-a908-425d-9d96-0047ac11000d,682,705,480,148,238,[]
55cfee09-99c8-4f85-ac97-0047ac11000d,336,622,186,516,110,[]
55d1edcc-2be8-428f-a21f-0042ac11000d,567,336,457,285,111,[]
55d2cc71-3798-4785-ab51-0047ac11000d,682,627,111,325,186,[]
55e05586-105c-4b30-9b96-0055ac11000d,201,186,60,336,254,[]
55e54f7a-550c-4174-8a3d-004cac11000d,336,472,508,480,148,[]
55f1672f-1d24-4c98-a4f3-0037ac11000d,413,186,336,396,13,[]
55f692f3-cd9c-44a3-9326-0053ac11000d,567,3,186,336,547,[]
55f6c5ef-5264-4ad8-b0ef-003cac11000d,3,186,336,60,706,[]
55fac04e-f324-4da2-a6b9-0048ac11000d,325,336,421,368,272,[]
55fae1fd-4b60-49c6-84f2-0048ac11000d,201,186,191,44,529,[]
55fcde49-d1e0-4055-9636-0048ac11000d,319,480,472,243,148,[]
56050754-e2c8-4f44-9a2d-0053ac11000d,567,705,336,547,3,[]
56050dfa-d400-45e6-ae95-0053ac11000d,336,186,111,167,752,[]
5608bec0-fa78-4da0-a6a2-0040ac11000d,3,567,336,177,590,[]
56091add-2a18-4396-97b2-0041ac11000d,682,480,627,43,164,[]
560e4cc2-2f14-49da-94b7-0059ac11000d,336,480,457,93,148,[]
560e833e-1a14-4ac1-bbe3-0058ac11000d,3,177,71,29,151,[]
5611a24d-ed94-4645-a3ac-004aac11000d,40,186,336,627,81,[]
561294b9-6f6c-436c-99e7-0057ac11000d,214,457,285,148,581,[]
56162d19-a890-4acc-93ed-004aac11000d,40,705,336,509,480,[]
561671e1-1934-44ea-b208-004aac11000d,48,177,457,472,60,[]
56192c94-cdfc-4861-a2a7-004aac11000d,598,3,60,682,186,[]
561badfa-e0cc-4a50-bbeb-004cac11000d,3,598,567,682,421,[]
561bc8ef-c090-490e-bf59-0028ac11000d,567,3,598,245,421,[]
561e1370-67a8-49fe-bad1-003fac11000d,598,3,480,52,148,[]
561fa948-383c-459f-92e4-0045ac11000d,165,197,252,52,332,[]
561fffec-5aec-4317-ad90-0046ac11000d,201,3,336,502,245,[]
56215356-45e4-4f17-a3bc-0024ac11000d,165,336,120,3,535,[]
5624e823-2130-4b32-879f-0044ac11000d,682,567,598,421,368,[]
56262825-e5d4-49cc-8845-0045ac11000d,480,227,148,187,238,[]
562639ac-5450-4ed8-9b05-0047ac11000d,547,567,40,3,336,[]
56264ee1-bc38-4200-82a7-0034ac11000d,164,165,480,148,472,[]
5626874d-84a4-4894-aa6c-0046ac11000d,201,567,3,421,598,[]
5627a675-bd90-4da9-b1a9-0046ac11000d,3,133,245,177,326,[]
562d25a9-c998-4218-bde0-004fac11000d,682,3,421,345,187,[]
562f8325-35f0-4819-b398-004dac11000d,598,336,480,165,148,[]
562fa0c6-ddf8-4c55-8eeb-004eac11000d,40,705,214,457,682,[]
56320857-cb7c-4587-bad8-004fac11000d,3,457,29,51,184,[]
56324d45-cb18-4ce1-8153-0039ac11000d,252,84,179,161,257,[]
563257be-13b0-47a7-8ac7-0050ac11000d,3,187,177,326,547,[]
563326d3-7718-47fe-ac9f-003bac11000d,245,480,164,336,148,[]
563806ad-0ae0-4936-8186-0050ac11000d,111,3,252,29,157,[]
5638b120-f67c-45d5-9afd-003aac11000d,507,180,673,590,42,[]
5638bc68-45e8-4bd7-80a9-003bac11000d,280,187,598,3,567,[]
563b5d8e-dfe8-47c8-97d0-0050ac11000d,40,766,133,111,457,[]
563b7b8e-8d5c-40e4-9659-0050ac11000d,187,344,280,100,684,[]
5641dc37-b5d4-41a2-b80c-0057ac11000d,682,567,598,449,517,[]
56421ecb-6480-4099-bfd7-0057ac11000d,40,336,195,165,528,[]
5643b8b0-8e08-495c-a11b-00360a2a73a5,336,507,271,201,44,[]
5645d3b5-ac18-4cb5-b406-002d0a2a5fa8,336,522,243,509,514,[]
564856ff-4214-4e54-b4e3-00330a2ac408,682,165,285,498,29,[]
5649de69-2dd0-4242-bb08-00300a2a0e2d,249,187,301,325,491,[]
564dd425-f5c0-4a54-9202-00330a2a20d7,325,336,421,368,272,[]
564de013-5fb8-4f8f-836e-00310a2af835,319,345,526,245,147,[]
564dfd01-7194-4f91-8874-00320a2a63e6,457,472,243,587,3,[]
5655c779-b664-40d5-874d-02a50a2aec9d,8,43,3,336,271,[]
5655d362-81d0-488a-8118-02a70a2aec9d,3,133,245,177,326,[]
5656ef28-e388-4b49-9f6f-036d0a2aec9d,567,40,336,41,421,[]
565c66d2-8a98-4559-8139-021c0a2a08ac,319,345,526,245,147,[]
565c8761-eb90-4ea1-bfea-02240a2a08ac,319,345,526,245,147,[]
565f5cf8-213c-4c3b-85e2-02800a2a08ac,567,598,705,3,421,[]
5661bc15-6cfc-43c2-bc8b-007f0a2addee,598,567,183,336,240,[]
566579ad-7088-406d-a524-00320a2a5969,3,336,535,675,29,[]
5666fc1f-523c-4b22-8be6-00c30a2a5969,567,598,480,148,706,[]
56695a89-6630-447f-beab-01ba0a2a5969,219,8,278,187,847,[]
566e82eb-4e70-4a64-9fb9-01200a2a640e,201,186,336,396,13,[]
566f0bb9-b900-432f-8abb-002e0a2ac458,3,336,421,370,194,[]
566f19ac-eba0-43cf-97ab-002d0a2ac458,319,8,669,240,233,[]
566fe218-fbf4-44c8-9e55-00300a2a64f0,3,186,214,336,285,[]
567124c5-9230-4937-af7f-004f0a2ae4d8,567,40,705,421,3,[]
5671597f-10a8-459c-85c3-005b0a2ae4d8,3,336,43,457,472,[]
5672a8dc-4c9c-4399-8c87-00b10a2ae3a4,682,3,400,285,71,[]
5677fbc4-81bc-428b-b72f-03c30a2ae3a4,567,40,3,705,41,[]
56781cfb-27e4-4b68-8ee5-00300a2afd60,705,233,522,3,567,[]
568d4c15-5570-4456-85f0-041a0a2afd60,547,567,186,336,421,[]
568fd1b8-d224-4358-86e1-06aa0a2a883c,81,100,457,165,71,[]
5690126f-d2dc-475b-b81a-06ba0a2a883c,52,457,3,472,673,[]
569484f9-5dcc-4d34-a2cc-08470a2a883c,42,682,186,336,535,[]
5694ff6c-4f10-46bc-b110-05aa0a2afd60,547,567,214,3,368,[]
56967bf7-e9bc-417d-bf35-05f10a2afd60,233,3,187,177,219,[]
5697c4ea-0ca0-49e4-86b9-062a0a2afd60,275,387,282,259,55,[]
5698238f-2230-4926-bc88-063a0a2afd60,567,336,43,3,333,[]
569cd631-5948-4caa-b294-06e20a2afd60,43,3,214,336,480,[]
569ce9e9-a8d8-430e-8af8-06e10a2afd60,40,336,457,706,285,[]
569d088b-1648-4cfb-973f-06e20a2afd60,3,186,336,535,675,[]
569d1b9d-e078-4f88-a6ea-0a930a2a883c,3,186,336,535,675,[]
569e8f5b-8e70-4274-b529-07450a2afd60,3,669,336,400,706,[]
569f98e3-10c4-42c7-a9b2-0b3f0a2a883c,219,245,278,529,9,[]
569facdf-4e30-4182-9ca9-07b50a2afd60,682,567,480,148,326,[]
569fc463-cb7c-47e1-82fe-0b440a2a883c,598,197,3,421,29,[]
56a251e9-6100-48fd-856c-087d0a2afd60,286,116,60,338,47,[]
56a5fef1-7554-4b29-823e-092c0a2afd60,165,40,480,522,567,[]
56a76a26-5474-4dd7-b57d-096d0a2afd60,111,3,29,51,151,[]
56a7961b-bde0-4b97-b883-0d6c0a2a883c,547,567,3,356,8,[]
56a7aa1e-6120-4062-bdc3-0d6e0a2a883c,547,567,3,186,336,[]
56a7b316-4658-4672-92b7-0d700a2a883c,40,3,41,567,336,[]
56a7ffc4-dca8-4ae5-b782-09950a2afd60,547,3,457,252,156,[]
56a8ca93-ef60-4231-bd39-0dc40a2a883c,245,368,43,326,3,[]
56a8f050-aa1c-4e81-8ef1-09c90a2afd60,682,480,522,148,717,[]
56abda14-e980-4620-b3ad-0a720a2afd60,40,480,81,148,457,[]
56b0d944-2e68-4df0-99d2-10060a2a883c,480,148,457,472,164,[]
56b0f1e1-0ef8-4c67-a959-10060a2a883c,598,3,336,272,400,[]
56b20572-edc8-4eed-890f-0ca90a2afd60,3,177,271,227,29,[]
56b21f10-4528-4138-8138-0cb00a2afd60,186,336,271,52,717,[]
56b227d6-f398-455a-a2ba-0cb90a2afd60,3,370,194,421,93,[]
56b2737f-d100-4c93-8bc4-10770a2a883c,40,457,472,52,48,[]
56b3dadc-4ba8-477e-ab4a-0d540a2afd60,249,187,301,325,491,[]
56b45431-4488-43ed-9faf-11240a2a883c,598,165,519,336,100,[]
56b85012-d33c-4b5f-bacb-00c50a2af616,40,509,336,480,81,[]
56b8d4a2-8164-4cf7-ba60-11000a2afd60,336,327,186,706,516,[]
56bb3eda-b4d8-42aa-bb9a-134f0a2afd60,567,3,336,186,285,[]
56bdc09d-798c-440f-8db8-023e0a2af616,3,186,336,421,177,[]
56c0a8b5-f6f0-4fca-ae55-011c0a2a3ca6,3,336,186,421,29,[]
56c1e3a5-5644-498e-8ac6-01940a2a6be7,3,186,336,421,370,[]
56c244b5-1210-4530-b3e1-01bf0a2a6be7,682,522,165,319,285,[]
56c2de0e-f1fc-4651-861b-01f90a2a3ca6,27,3,400,457,285,[]
56c31212-73e0-43b9-9195-02080a2a6be7,336,480,245,148,506,[]
56c31df3-08cc-4574-83af-020a0a2a6be7,457,472,243,587,3,[]
56c4e4bf-c844-43c3-8e97-02b50a2a6be7,43,3,245,271,42,[]
56c5a056-eae4-4e2b-b11d-02d40a2a3ca6,480,319,148,243,165,[]
56c62805-1d38-402b-84d6-03120a2a3ca6,174,437,100,286,325,[]
56c68a0e-20fc-4a5e-ab2f-03450a2a6be7,40,472,52,632,42,[]
56cdd471-f020-4357-8fa6-05460a2a3ca6,567,3,111,186,336,[]
56d0378b-bcb4-4490-a433-06450a2a6be7,40,148,457,245,336,[]
56d42842-93a4-4ee9-be19-06c30a2a3ca6,682,3,480,627,449,[]
56d4a3cb-d7bc-42f0-99b6-07b00a2a6be7,165,177,116,472,466,[]
56dd5216-639c-4ef9-9f9f-0e1b0a2a4bff,508,197,3,245,480,[]
56dd53d7-d184-4ce5-abed-11a60a2a6d78,567,40,480,669,147,[]
56dfb62a-4ef0-45e7-9de0-152c0a2a4bff,40,336,480,457,330,[]
56e01f5f-bb14-499a-8d79-00650a2aace4,705,336,567,421,3,[]
56e031ae-6ed4-45be-a5fe-002e0a2aca4b,40,3,336,41,547,[]
56e09d46-262c-4fd1-b354-01300a2a417f,567,40,3,421,758,[]
56e1948d-9340-4af5-ba68-042f0a2a417f,43,42,506,147,457,[]
56e1c208-9154-412c-b719-04cf0a2a417f,40,336,457,41,11,[]
56e1c3d4-a868-48a0-b4d0-04300a2ad81e,3,336,183,507,156,[]
56e29125-75b4-4c1f-af67-068e0a2ad81e,177,252,157,57,179,[]
56e2ffd3-e1f4-423b-a380-00360a2adc86,669,186,336,480,400,[]
56e301bb-9ca4-4f4a-b770-00370a2adc86,186,336,535,675,157,[]
56e32820-1078-47f5-a406-007e0a2a6889,509,480,376,148,457,[]
56e68620-2efc-4bfb-bf49-09870a2a6889,457,42,271,319,60,[]
56e68c04-b8b0-4850-a9c7-0b140a2adc86,567,3,598,421,590,[]
56e6a9e3-c238-422d-a13a-09e30a2a6889,547,567,336,421,186,[]
56e70bac-5abc-4a63-9ede-0c5d0a2adc86,326,457,472,243,148,[]
56e83033-fecc-42c5-8cde-0f880a2adc86,40,457,57,208,319,[]
56e8ce20-54b0-4971-bd28-11a60a2adc86,3,336,421,590,29,[]
56e92688-0940-49b7-93e9-10590a2a6889,245,457,42,706,506,[]
56eaad1f-fd18-49bf-8fe6-00610a2a0b7f,598,682,336,60,186,[]
56ec10f5-8b28-40c9-a01c-03b80a2a0b7f,669,272,319,240,400,[]
56eca39c-7bf8-4927-b437-00fa0a2a1fd5,413,111,218,252,201,[]
56f00164-290c-4707-959e-0b550a2a0ff1,598,682,336,517,168,[]
56f00b4f-0618-4742-a7d5-09090a2a1fd5,413,111,218,252,201,[]
56f00ef2-3174-42f2-8875-09140a2a1fd5,165,627,336,449,27,[]
56f13469-7084-48f0-a1d2-0f200a2a0ff1,201,219,567,3,598,[]
56f41692-b7d8-4b32-9262-16ef0a2a0ff1,201,186,336,457,93,[]
56f50559-77dc-4d0b-ad64-140c0a2a1fd5,40,3,164,41,669,[]
56f53b0d-7908-40b4-8ae7-14820a2a1fd5,40,336,41,3,706,[]
56fccbb3-52b8-4297-84e4-30d50a2a0ff1,233,682,186,336,60,[]
57024f04-7e04-4460-ad26-12fe0a2a4e9e,3,336,60,271,449,[]
57029d8c-402c-42ae-bc6d-0c670a2ae7c0,280,168,327,227,360,[]
5703a19c-1df4-4f05-9ee7-177e0a2a4e9e,508,509,43,3,480,[]
5703a59d-c260-4c8b-846f-17870a2a4e9e,201,186,191,44,529,[]
570503fd-81a0-4905-b2f3-1ca40a2a4e9e,201,186,336,480,330,[]
57050c24-47d0-4a1e-a049-1cc60a2a4e9e,165,40,133,48,271,[]
57051246-d88c-4951-8b81-1cd90a2a4e9e,336,421,252,457,517,[]
5706813b-1700-469d-b3a3-21b80a2a4e9e,227,302,364,529,382,[]
57078b88-75d0-47a8-b596-24890a2a4e9e,186,183,201,516,11,[]
5707d33e-e0b0-4cd6-b27a-17d90a2ae7c0,3,186,705,336,60,[]
570bba5a-a5b8-4b60-83e5-33310a2a4e9e,598,3,705,42,517,[]
570cb1a3-ef08-405a-94c2-23a90a2ae7c0,627,3,705,336,449,[]
570d4042-48b8-4db0-aa2c-38280a2a4e9e,319,240,457,706,183,[]
570d65c1-8428-4f22-820e-38920a2a4e9e,336,3,43,506,42,[]
570e5664-44d0-4be8-a093-27f10a2ae7c0,40,336,203,337,717,[]
570e8e31-6378-4fce-94ae-288b0a2ae7c0,245,368,43,326,3,[]
570fa1e7-b52c-4e5d-bcb1-2afc0a2ae7c0,42,201,3,186,336,[]
570faf80-84f4-402b-af0f-408f0a2a4e9e,682,705,494,457,547,[]
5714819c-c54c-413f-a114-09570a2a7ae1,133,480,148,271,560,[]
5714ee70-45f4-414a-8f4d-0b320a2a3f76,598,200,705,304,214,[]
5714f0d5-4f58-4623-b6eb-0a260a2a7ae1,40,480,336,682,705,[]
5714ffd7-d7ec-4af5-a7d3-0a490a2a7ae1,201,3,336,83,337,[]
571521d0-f250-417e-b42b-0b980a2a3f76,567,3,598,319,547,[]
571574f7-62dc-42b9-b1e8-0b3a0a2a7ae1,567,197,598,421,669,[]
571579df-43f8-479a-8ca0-0b460a2a7ae1,201,509,669,186,336,[]
5715c870-e438-470d-b9c3-0bf00a2a7ae1,547,567,356,131,369,[]
5715f0e1-8138-4036-a015-0d500a2a3f76,336,706,590,148,271,[]
57164fcd-d460-4a8d-95d4-0cf50a2a7ae1,336,8,706,684,42,[]
571787ab-ab10-454f-b8da-0f300a2a7ae1,336,3,165,587,567,[]
5718e048-f370-4b33-9769-132d0a2a3f76,245,43,3,42,506,[]
571926a9-7020-4620-a628-006a0a2a34e5,111,3,186,336,351,[]
5719fc31-1fe0-4e72-ad66-01f80a2a5fc8,43,3,669,336,345,[]
571a098a-b5e4-416c-b8ce-02180a2a34e5,336,186,8,272,110,[]
571a746a-c774-4f91-85e6-02e30a2a34e5,233,3,187,177,219,[]
571e02e3-2934-4d5d-a259-0a2d0a2a34e5,302,245,368,116,43,[]
571e0852-06a0-4db0-9ab2-09b50a2a5fc8,8,345,328,42,311,[]
571efc8b-8938-4c99-835d-0b970a2a5fc8,336,3,472,345,328,[]
5720bd1c-c6cc-415b-8ffe-0fa50a2a34e5,3,598,336,111,319,[]
57221ae7-a108-4c30-a194-12300a2a34e5,547,567,214,336,706,[]
572232db-ba64-4f67-ab5a-126e0a2a34e5,598,3,390,449,27,[]
57224638-52f4-460a-ac7e-119a0a2a5fc8,43,3,183,706,345,[]
57224921-f734-42bd-b3ab-12ac0a2a34e5,48,148,21,247,110,[]
572869d6-a11c-46f0-977a-1e930a2a34e5,40,669,336,3,164,[]
5728d8b1-6740-4a5b-9850-1fe40a2a5fc8,336,3,535,675,13,[]
572b3419-3034-4b13-b2fd-01670a2af858,3,526,285,228,186,[]
572c638c-cf88-4eed-8996-00a90a2a6eaf,8,43,197,126,271,[]
5730824c-d284-410b-9f71-00320a2ac04e,627,40,480,81,148,[]
5733487e-5be8-43ab-94a8-00430a2ac04e,3,186,174,164,165,[]
5735fb88-e830-421d-bdba-0e030a2a7023,598,325,3,758,705,[]
5739bd0b-7cf4-48c3-9920-00960a2a7db7,3,336,567,186,517,[]
5739c140-cf2c-4715-b72b-00a00a2a7db7,111,240,120,247,28,[]
5739d474-441c-42a7-a0a1-00f30a2aa8ac,336,507,457,590,156,[]
5739f1bb-26b0-4343-b0d0-003b0a2a27f1,598,40,669,705,3,[]
573a8620-8690-4c9e-9018-00c20a2a58f7,8,567,186,336,421,[]
573b1b45-9248-420e-a840-013c0a2a27f1,598,3,336,321,396,[]
573b1dbc-3d7c-4071-aea7-01680a2a58f7,336,480,271,148,506,[]
573c36fa-c3c8-4354-a6cc-02af0a2a58f7,186,336,327,517,227,[]
573c7aa6-9174-4616-a390-02fe0a2a58f7,336,3,81,758,43,[]
573d614a-1140-4226-bd62-04350a2a58f7,598,421,325,60,396,[]
573d810d-83c0-46bc-80d3-054c0a2a27f1,403,240,327,319,530,[]
573d83c7-d350-4c18-af39-05520a2a27f1,547,567,186,336,327,[]
573dcecd-2698-4420-9d81-04d60a2a58f7,3,245,177,206,135,[]
573ecd91-1418-466a-91cd-0dce0a2a58f7,567,8,528,3,344,[]
5742d946-c70c-48db-bb91-00320a2a15a3,40,669,336,3,506,[]
5744134a-d380-40c3-a564-002f0a2ab23c,508,201,528,186,336,[]
57441cc5-d6ec-4993-b079-002f0a2ab23c,567,40,3,41,336,[]
5745f403-fc24-43b2-87d0-00300a2acf55,325,186,44,11,301,[]
57470080-2b34-4cc4-b929-002e0a2ac2ed,186,336,526,24,344,[]
574721c1-2928-4a82-a402-002e0a2ac2ed,186,336,526,24,344,[]
5747e281-7ce8-41f1-8940-002f0a2ac2ed,3,480,182,148,245,[]
57481072-d28c-475e-8ab0-002e0a2a7f1e,519,233,44,165,8,[]
57481129-7c24-4fd4-b420-002f0a2ac2ed,186,336,526,24,344,[]
574846fa-667c-400e-b38d-004c0a2ac2ed,336,480,271,148,472,[]
5748df48-ac70-42b2-b5ff-002f0a2ac2ed,280,201,186,336,187,[]
574939aa-e8a8-49ca-a1c2-002e0a2a7f1e,598,3,480,182,336,[]
574ab675-c32c-430e-9bdc-002e0a2a7f1e,3,627,336,214,280,[]
574b7a32-0428-491d-8500-002e0a2ac2ed,319,345,526,245,147,[]
574bf9d1-c614-49d1-9055-002f0a2a7f1e,3,336,528,706,44,[]
574d11b8-3318-4746-9102-002f0a2a7f1e,3,177,42,29,84,[]
574db38c-d0f4-4a4f-9a16-002e0a2a7f1e,43,186,336,505,337,[]
574e91ca-9914-4fb3-97e8-002f0a2a7f1e,682,186,705,336,60,[]
574ef1a6-47bc-4c51-b1a2-00320a2ab710,567,40,3,598,186,[]
5750654a-6988-4ccc-bddc-00b00a2ac2ed,457,42,271,319,60,[]
57509013-8744-4028-b814-00c00a2a7f1e,3,705,480,345,148,[]
57513a55-f3a8-4d07-8635-00da0a2a7f1e,194,309,547,326,382,[]
575159b9-f938-4338-8f97-00b10a2ac2ed,325,279,491,622,53,[]
57553f54-2ef0-441a-962b-00c70a2a7f1e,528,148,319,52,394,[]
57554841-642c-429d-8c51-00da0a2a7f1e,272,48,480,243,400,[]
575792fa-e128-42e2-9c0e-00da0a2a7f1e,598,3,590,214,421,[]
57581056-0b68-49cc-b05e-002c0a2a18ca,233,519,3,177,227,[]
575956ba-4188-4346-8e18-002d0a2a4501,752,226,164,468,18,[]
57596d66-5ff8-4c6b-8a96-002c0a2a150b,40,336,148,528,3,[]
57598b83-7e24-40a8-b648-002d0a2a150b,3,336,177,457,553,[]
5759b620-f4d0-422c-b2ac-002d0a2a4501,627,325,449,321,272,[]
575aa892-b244-4163-a20b-002c0a2a150b,233,598,319,336,189,[]
575ace18-7f9c-4cb7-961b-002d0a2a150b,40,336,165,3,472,[]
575eb1c4-0d9c-46c9-8fb6-004d0a2a150b,627,336,480,52,271,[]
57616b87-e08c-475a-9fb5-008a0a2a150b,682,336,240,156,186,[]
5762aaad-7b8c-4822-99e1-002d0a2a0279,3,165,706,183,627,[]
5762b5c6-5080-4b2c-9bfe-002d0a2a8f75,165,3,528,174,706,[]
5762d896-0d88-40ba-be32-00430a2a8f75,3,177,528,706,368,[]
57641dcb-dec0-47da-bc32-002d0a2a0279,165,111,40,120,240,[]
57696709-3c5c-49c7-a47d-00690a2a8f75,519,3,457,321,340,[]
576ab67c-db54-46ee-92b6-00350a2a0279,370,194,421,494,183,[]
576ab6c3-0160-4268-b0a8-00690a2a8f75,682,40,81,472,271,[]
576bd0c3-2170-4395-8bf6-00520a2a8f75,233,3,186,207,245,[]
576c01c3-a17c-4cc2-b30a-00520a2a8f75,3,400,553,206,42,[]
576d3c6b-5a64-4dfc-a708-00690a2a8f75,567,508,336,528,522,[]
576f50e8-dc74-4ef0-8316-002d0a2aceff,111,240,120,519,441,[]
57713665-0bdc-4d38-8feb-002d0a2a0137,480,148,238,464,345,[]
577197ed-10b4-4bcd-bdfc-003a0a2aceff,40,508,480,509,81,[]
5774dbfb-150c-4c7b-a3e5-002c0a2aceff,3,705,336,421,309,[]
5775460b-37a4-49a8-aa42-002c0a2a0137,669,526,368,622,189,[]
577565f4-6a30-44d7-918e-002c0a2a0137,48,52,466,457,535,[]
5776364d-59d8-4445-a063-002c0a2a0137,627,174,186,336,449,[]
577971f3-a9d4-4b11-890c-00310a2a0137,669,526,368,622,189,[]
577a5d04-b224-44a4-90c2-00bf0a2aceff,40,502,81,472,587,[]
577cdf4d-6d58-4670-a50a-00bf0a2aceff,598,567,233,3,187,[]
577cf643-6b80-42a8-9e7c-00be0a2aceff,598,682,336,421,368,[]
577d066c-d6c0-4180-b632-00ec0a2aceff,567,336,3,186,457,[]
577d69ab-b5b8-47ec-a593-00310a2a0137,3,186,336,60,567,[]
577f0dab-8f88-4ff1-a1a1-00bc0a2a0137,233,519,421,368,567,[]
577f7d9e-5ca4-425f-859a-00ec0a2aceff,233,205,421,325,507,[]
578095cd-123c-491c-a1dd-00bf0a2aceff,177,400,304,84,553,[]
578359d0-91ac-4983-96f5-00bb0a2a0137,233,40,3,41,23,[]
5783bc7b-d994-4990-bf7a-00bc0a2a0137,201,3,186,336,507,[]
5783dd99-9fdc-487a-b901-01360a2a0137,247,553,17,214,77,[]
5784b683-a710-43cd-a066-01740a2aceff,336,186,457,120,280,[]
5785c3aa-71c4-45f6-8c12-013d0a2a0137,567,186,336,201,356,[]
5786174d-1f44-4860-bfb2-01460a2a0137,627,598,40,336,3,[]
578658e3-5498-4c75-937d-01580a2a0137,40,669,336,41,3,[]
5786cac8-1164-44bc-95d3-01920a2aceff,60,336,186,273,321,[]
5787882f-074c-4abb-8ccb-01580a2a0137,40,41,356,457,3,[]
5787e499-4344-4b90-8dac-01920a2aceff,682,9,3,441,511,[]
57880d84-1fc8-4272-8389-01590a2a0137,669,526,368,622,553,[]
5788e481-1de8-44b6-99b1-017b0a2a0137,186,336,191,44,13,[]
578c9080-b44c-48b9-adf1-002c0a2a6d31,3,186,336,271,517,[]
578ca6e4-a918-46cc-ac39-002d0a2a6d31,567,3,598,219,319,[]
578cc1c1-bcf4-4a44-9e1e-002d0a2ae60c,233,3,186,336,494,[]
578d1b9b-12b8-47f9-81a9-002c0a2a14b5,682,271,706,147,183,[]
578d3af4-83d4-4369-a391-002d0a2a14b5,40,336,522,148,424,[]
578e24dd-6300-4823-823b-002d0a2a14b5,309,547,682,304,247,[]
578e685d-181c-40a9-aac4-00320a2a6d31,598,567,40,480,3,[]
578eb3fd-67f8-4804-bab1-002d0a2a14b5,165,174,201,3,336,[]
578f40ff-a794-4e98-bb71-002d0a2a6d31,165,48,197,120,240,[]
57908c8c-5170-4cf3-9f19-002d0a2ab38f,42,201,336,177,44,[]
57936df4-6040-49cb-b1a0-002d0a2ab38f,627,3,505,116,472,[]
5796b46c-5d44-49b2-bce3-002d0a2ab38f,508,201,509,336,319,[]
5796c727-cb94-4051-8332-002d0a2ab38f,21,133,81,337,93,[]
57977044-2b18-4126-bb57-002f0a2aa404,669,526,368,622,189,[]
579782d4-f0b4-4117-8637-002d0a2aa404,233,3,705,336,522,"[394, 387, 490, 510]"
57978f6a-8864-4e5c-8e0e-002d0a2aa404,598,567,3,421,156,[]
57985ac0-af9c-4cf5-a751-002f0a2aa404,567,186,60,336,421,[]
579865e2-9c54-4f62-a785-002d0a2ab38f,598,3,336,421,682,[]
579868fa-d264-4958-af71-007d0a2aa404,598,43,3,336,669,[]
57997e4c-780c-43f2-803a-007d0a2aa404,40,81,83,286,457,[]
579a221e-76f8-408b-b7f3-00860a2aa404,233,186,567,44,590,[]
579a5a22-c1ec-4e53-8795-007d0a2aa404,40,3,669,336,41,[]
579ae66d-e760-44ca-bd8d-002d0a2ab38f,705,336,3,480,421,[]
579b0924-c6e0-44ff-bac7-007d0a2aa404,233,627,336,186,413,[]
579b2919-d868-484d-81f6-002d0a2ab38f,233,567,186,336,111,[]
579b32d7-d3c8-4887-a1ee-00860a2aa404,233,111,567,186,336,[]
579b3749-0388-4b83-895e-002d0a2ab38f,233,567,413,669,186,[]
579ccd5b-c220-406d-9bff-007d0a2aa404,280,3,326,167,189,[]
579f0640-9f28-4bcf-91ac-002d0a2ab38f,111,3,421,319,42,[]
579f683e-cd28-4775-8139-00840a2aa404,111,186,567,272,421,[]
57a060da-7e88-4a43-9922-00840a2aa404,233,3,186,567,336,[]
57a0c5a6-0738-422c-ac93-01290a2ab38f,233,165,598,3,567,[]
57a21151-e64c-4f17-a66c-00ef0a2aa404,682,336,480,522,330,[]
57a2e398-dba4-4bbc-80ba-00f10a2aa404,21,133,81,337,93,[]
57a325ac-0fcc-4219-a976-00860a2aa404,233,598,567,3,669,"[519, 523, 403, 365, 31]"
57a34f14-844c-46d3-b43e-00860a2aa404,598,567,233,553,368,[]
57a47fba-27e0-46ba-ae8e-00f10a2aa404,165,40,336,368,159,[]
57aaddcc-fe50-4954-83cf-00ef0a2aa404,336,522,508,528,457,[]
57ac6bc5-9628-4dd5-9968-01640a2ab38f,598,682,480,400,148,[]
57ac932c-a6ac-43fb-b2ff-01380a2ab38f,509,43,3,336,182,[]
57acb2c8-d3fc-4bf0-b640-00ef0a2aa404,233,111,3,336,133,[]
57acb4fa-11d8-4e77-91ce-00ef0a2aa404,706,271,673,147,227,[]
57ad8e98-5194-48a9-b8c9-01640a2ab38f,567,766,336,457,547,[]
57adeb7d-56a4-424a-87c3-01380a2ab38f,233,519,8,44,511,[]
57b17397-64f4-4c36-81be-01380a2ab38f,336,567,598,553,622,[]
57b1e0bf-5aa8-4132-8510-01f60a2ab38f,233,174,165,336,403,[]
57b32342-7168-420d-b871-01f60a2ab38f,508,509,480,505,148,[]
57b39eae-d75c-429a-a5c4-01aa0a2aa404,336,165,472,42,252,[]
57b3d1ce-7554-4f6e-883f-02140a2ab38f,233,598,3,567,336,[]
57b467cd-b1bc-475b-ab9e-01aa0a2aa404,111,766,3,133,400,[]
57b52b64-6000-41e0-bca2-02150a2ab38f,233,3,336,522,509,[]
57b56bd5-c218-4ce3-a208-02140a2ab38f,8,186,337,383,336,[]
57b5e158-4ae0-4cfa-be2c-02140a2ab38f,3,285,272,206,29,[]
57b64aa7-05ec-4cd6-a369-01ab0a2aa404,8,44,71,129,205,[]
57b6e28f-84b4-4293-b6a2-01aa0a2aa404,682,9,3,280,187,[]
57b7040f-cfb8-45d2-a983-01ab0a2aa404,183,240,156,164,333,[]
57b74e70-f5fc-4b12-9305-02670a2ab38f,598,187,189,44,553,[]
57bb086c-dafc-4949-8b1a-020f0a2aa404,133,48,177,326,457,[]
57bb15de-cd98-4fc6-bf46-01f60a2aa404,682,3,627,449,183,[]
57bc18d4-c81c-4512-bec2-02670a2ab38f,766,627,336,133,337,[]
57bc71ef-02f0-405b-9e07-02200a2aa404,201,336,191,44,11,[]
57bc98ad-a7c0-46a0-a263-02660a2ab38f,684,319,199,328,249,[]
57bd65b8-1f1c-4ddd-937b-02100a2aa404,3,336,567,421,194,[]
57bdbf33-9da8-410d-94e1-02410a2aa404,336,376,273,567,506,[]
57be1a56-b1a0-40d8-a83d-028c0a2ab38f,682,40,480,81,148,"[520, 238, 274, 372, 23, 505]"
57bf0395-56cc-4d2f-8eb5-02450a2aa404,201,3,186,207,526,[]
57bf1ca9-c0c4-45f8-a8cd-026a0a2aa404,40,3,186,41,325,[]
57c09288-cec4-4a44-992f-02c70a2ab38f,336,480,567,148,706,[]
57c23b17-ea58-4fec-ba3c-02b10a2ab38f,567,3,186,336,421,[]
57c33c98-ae00-4f72-bc2e-02c70a2ab38f,598,186,336,519,164,[]
57c46160-7e00-470a-a9a2-02430a2aa404,207,480,472,330,148,[]
57c6edfb-c91c-4135-936a-002c0a2a1cf8,413,195,252,832,387,[]
57c82dd6-32dc-434d-8386-00340a2a1cf8,3,336,9,285,396,[]
57c8368b-09bc-4343-898d-00340a2a1cf8,627,186,336,52,148,[]
57c84f17-ce80-4f64-8150-002e0a2a8d11,480,3,271,164,34,[]
57cd8024-831c-4620-abe7-003e0a2a8d11,3,336,183,706,164,[]
57ce72d1-8de4-4aa1-a4fb-003e0a2a8d11,3,116,336,526,528,[]
57ced248-21c8-4a02-88b4-00660a2a9eb3,682,133,528,514,457,[]
57d18b1d-31f0-442e-a61a-00550a2a7972,43,508,3,528,522,[]
57d19525-671c-4a43-8215-00550a2a7972,40,336,522,717,761,[]
57d245a0-f9bc-48a9-adf2-00320a2a135f,598,325,517,553,360,[]
57d27654-5d2c-4e16-83f1-00510a2a135f,197,3,177,627,449,[]
57d656a0-c720-4bce-8965-00300a2a7972,233,598,567,3,528,[]
57d6b7ff-31cc-4b31-8acf-00300a2a7972,509,522,147,376,368,[]
57d97d4a-23b8-4148-a0a5-004a0a2ae3a6,165,472,197,52,340,"[144, 544, 322, 35, 332]"
57da61af-13c4-449d-b20c-002d0a2a9952,201,336,191,44,11,[]
57daa7ca-8c3c-4bed-9359-00610a2a9952,325,214,272,627,553,[]
57dbf8a2-fd40-401c-9ee7-00680a2ae3a6,3,186,177,301,344,[]
57dc33c1-c954-4a09-9d40-00610a2a9952,174,165,272,400,227,[]
57dc3797-25c4-486c-bb18-005a0a2a9952,598,3,186,165,421,[]
57dd21fc-9d98-40ef-8007-00610a2a9952,3,336,400,511,351,[]
57dfeed0-bd1c-4e0c-af2c-002c0a2af321,238,480,148,303,369,[]
57e0e973-7e44-43b8-822c-002d0a2abcf8,508,528,522,502,627,"[224, 257, 390, 394, 509, 498, 532, 86, 186, 316, 413]"
57e135e1-4334-4b1e-b153-002c0a2a1238,567,598,186,336,480,"[34, 178, 542]"
57e13e03-17cc-4be2-b9ec-002d0a2a1238,336,110,189,11,191,[]
57e213aa-5500-42eb-99c6-002d0a2a1238,598,40,3,336,41,"[601, 602, 596, 597, 599]"
57e3d27f-c028-498f-a41b-00530a2a1238,60,271,157,528,167,"[502, 577, 157, 286, 167]"
57e3d9d8-2d34-4a28-93b0-00920a2a1238,8,325,186,336,44,[]
57e4d0bc-8ecc-43a7-a869-00500a2abcf8,598,3,148,528,390,[]
57e4d9c9-e0fc-4767-8ddf-00450a2a1238,233,519,364,529,432,[]
57e4da42-2494-44f4-a781-00920a2a1238,233,519,364,529,432,[]
57e5254e-80c8-479b-979f-00530a2a1238,3,133,177,233,507,"[7, 403, 622, 152, 410, 31, 548, 436, 312, 441, 582, 583, 584, 329, 333, 591, 592, 599, 603, 604, 486, 494, 624, 255]"
57e90041-26b8-47dd-85c9-00520a2abcf8,271,494,752,42,377,"[624, 622, 526, 110, 615]"
57e92828-5470-476b-b1aa-00500a2abcf8,52,148,581,42,3,[]
57e93e49-60b4-4a1a-a54f-002d0a2abcf8,706,3,506,84,271,"[69, 71, 141, 78, 205, 527, 543]"
57ea348a-20b4-4c5d-ad3e-00500a2abcf8,233,567,3,669,186,"[625, 523, 519]"
57ea745a-0f0c-4b67-a251-002d0a2abcf8,3,186,336,233,486,"[624, 587, 278, 615, 348, 394, 203, 204, 274, 302, 112, 242, 243, 622, 214, 311, 280, 251, 252, 511]"
57ea95e3-5d44-4330-81df-00500a2abcf8,3,336,421,368,60,"[516, 168, 503, 504, 253, 510]"
57eaf7e4-2740-46d0-be25-00500a2abcf8,413,8,186,336,44,"[504, 516, 510, 503]"
57ebe981-76d0-41ce-819b-015d0a2a1238,174,165,272,400,227,[]
57ebeacd-d9f0-4321-9277-015c0a2a1238,233,598,186,336,201,[]
57ebeb1c-8db4-40ad-8cd0-00520a2abcf8,598,567,359,421,3,"[361, 359, 582, 366, 279]"
57ec080b-9458-4a79-be44-01770a2abcf8,3,705,336,187,205,"[161, 546, 326, 424, 272, 627, 571, 414]"
57ec991d-eb2c-4df0-8b82-015c0a2a1238,3,177,42,29,84,[]
57eca6f4-e6e4-4ef6-8139-01750a2abcf8,233,186,336,280,44,"[136, 610, 396, 541, 614]"
57eccc59-2720-4697-a41f-00920a2a1238,589,720,854,588,2,[]
57ecefb6-473c-4e01-afa7-00920a2a1238,344,16,847,353,415,[]
57ed099e-0458-44fc-ba7d-00920a2a1238,186,336,511,44,11,"[582, 584, 494, 625, 565, 534, 439]"
57ed296e-50d4-46d0-97c4-015d0a2a1238,598,3,567,421,480,[]
57ed47b7-9ffc-4ceb-9512-00920a2a1238,252,466,247,493,138,[]
57edec76-1c0c-4876-ade9-01770a2abcf8,519,201,233,186,705,[]
57ee280d-f348-46e0-bad4-00520a2abcf8,147,706,271,52,498,"[492, 269, 78, 77, 374, 443, 61]"
57ee6deb-9478-45c4-a382-00520a2abcf8,3,480,182,509,148,"[636, 324, 542]"
57eef224-3b38-49a0-ba2d-020c0a2abcf8,627,48,480,466,148,"[481, 485, 493, 466, 631, 632]"
57f163a2-3c3c-48a9-82cc-01fe0a2a1238,252,457,52,319,247,"[619, 492, 374, 506, 508, 61]"
57f26fa0-ea94-44f1-94f5-020c0a2abcf8,598,567,522,148,3,"[257, 390, 394, 530, 403, 532, 413, 414, 416, 421, 553, 626, 304, 186, 571, 316, 576, 321, 322, 457, 330, 332, 592, 86, 487, 619, 498, 633, 509]"
57f2726d-8300-4871-8b13-020d0a2abcf8,627,40,186,336,81,"[632, 465, 435, 468, 631]"
57f27301-ad34-42a1-999a-020c0a2abcf8,183,240,147,156,506,[]
57f2b397-f6b0-456e-9156-02280a2abcf8,201,238,186,336,480,[]
57f2ecd0-c758-477e-81fd-020d0a2abcf8,3,526,243,133,514,[]
57f349bf-9740-4f13-a7c5-02280a2abcf8,684,319,199,328,249,"[123, 333]"
57f3fe25-34f4-452c-a002-02280a2abcf8,3,669,336,8,506,"[102, 199, 77, 430, 141, 368, 147, 180, 271, 348]"
57f40b30-12e8-427c-a8ec-021b0a2a1238,40,514,509,148,706,[]
57f4cf63-0c5c-4869-87a4-020d0a2abcf8,219,547,8,567,278,[]
57f5875e-26a8-44e8-8dbd-02810a2a1238,413,195,252,832,387,"[326, 620, 397, 207, 367, 438, 239, 414]"
57f751d6-2eec-4d5e-a04d-02e40a2abcf8,186,336,191,44,201,[]
57f75d68-e0cc-498d-85ef-02e20a2abcf8,598,567,522,120,507,[]
57f79f51-01b8-4559-9e35-02e20a2abcf8,336,528,120,3,43,"[449, 195, 179, 647, 648, 636, 394, 419, 206, 337, 83, 302, 311, 657, 219, 252, 622, 287]"
57f7a0bf-d068-4ca6-bb07-02e60a2a1238,8,3,278,133,177,[]
57f7c163-4638-4e8b-bc44-02e60a2a1238,598,3,421,271,187,"[354, 582, 359, 361, 559, 624, 658, 633, 377]"
57f7d976-1c44-4d0f-a5ae-02e40a2abcf8,567,40,519,336,472,[]
57f7de8c-20d8-42b4-9185-02e60a2a1238,3,245,271,60,506,[]
57f7e69d-eb9c-4c44-acd8-02e30a2abcf8,201,238,186,336,480,"[386, 467, 533]"
57fa3a0b-a9e8-4afd-8870-03420a2abcf8,233,3,187,177,219,[]
57fba5b0-977c-460f-b972-03600a2abcf8,480,177,148,263,326,[]
57fd47c6-c724-42e3-9988-03520a2a1238,336,3,567,421,590,"[387, 196, 504, 490, 503, 403, 301, 440, 146, 115, 340, 277, 87, 280, 543, 511, 187, 349, 510, 507]"
57fe1f84-ef00-4b5f-8789-02e40a2abcf8,177,27,252,3,84,[]
57fe3fb4-54e0-42ea-9669-02ed0a2a1238,238,272,480,494,249,"[387, 486, 519, 382, 504, 571, 510]"
57fe40bc-38fc-491e-90ab-03600a2abcf8,233,705,205,421,400,[]
57fe55ad-ec14-4474-9197-03600a2abcf8,238,480,148,245,641,[]
57ff91c7-886c-42b8-a10f-03520a2a1238,280,187,207,327,272,[]
580044d9-7f28-47fd-8980-03510a2a1238,598,40,508,336,509,[]
58007479-7df0-4862-a744-03b90a2a1238,186,336,511,44,13,[]
5800aca3-12dc-4c48-8ba1-03520a2a1238,174,165,272,400,227,"[400, 401, 334, 368, 497, 276]"
5800b7d9-a650-44c2-b146-03520a2a1238,233,519,325,186,187,"[370, 517]"
580278e6-01e0-4067-b2b0-03600a2abcf8,280,187,3,207,272,"[400, 624, 642, 555, 622]"
580386c5-c398-4a2a-8d9c-03510a2a1238,186,336,528,3,675,"[648, 383]"
5803d3e5-547c-41bf-a832-03420a2abcf8,598,40,120,148,336,"[451, 618, 463, 464, 178, 628, 632, 540]"
58048b4d-025c-4464-869f-03420a2abcf8,233,598,8,669,526,"[519, 417, 610, 359, 303]"
580499dd-98fc-4f26-9d25-03510a2a1238,233,598,280,187,301,"[610, 582, 70, 72, 567, 614, 366, 559, 432, 658, 605, 279, 600, 633, 378, 251, 570, 318]"
5805ddc9-abcc-4050-9121-03600a2abcf8,280,186,336,207,272,[]
58065b95-6844-41c1-8578-002d0a2acf97,598,111,567,3,421,"[132, 390, 395, 397, 658, 280, 413, 417, 582, 557, 303, 181, 441, 572, 318, 309, 326, 327, 329, 588, 207, 216, 359, 360, 361, 366, 367, 633, 253, 126]"
5806e28e-11b8-4beb-bcf8-002d0a2acf97,3,336,271,498,8,"[368, 199, 77, 430, 271, 141, 147, 180, 348]"
58077c01-d698-48b8-97c3-002d0a2a6d99,8,705,205,233,336,[]
5807c6dc-e72c-4c1a-971a-002d0a2a6d99,201,9,186,336,189,"[656, 642, 400, 401, 438, 315]"
5808bd66-3cac-4247-8ed9-00410a2afefd,271,182,175,285,717,[]
5808e832-9dac-4803-85a3-002d0a2a6d99,336,272,205,245,131,"[512, 665, 518]"
5809136c-c850-48b3-b987-002d0a2afefd,40,766,3,705,214,[]
580a20c0-b468-4ca7-b115-00400a2a6d99,205,272,494,400,486,"[645, 486, 365, 403, 510, 607]"
580a5d17-9b60-4263-a8f5-00410a2a6d99,3,271,622,42,84,[]
580a6861-7474-45ba-89b9-002d0a2afefd,3,336,164,271,368,"[123, 333, 319]"
580d6126-c048-4449-b263-00410a2a6d99,233,325,186,519,567,"[370, 517]"
580d8df2-ea2c-4a5e-8457-002d0a2a6d99,627,3,336,177,449,"[601, 595, 387, 516]"
580d9fe1-496c-4133-8e52-00410a2afefd,233,519,364,529,432,[]
580db532-f1bc-4c00-9c98-00410a2a6d99,205,340,387,538,486,[]
580f324f-a614-4743-81e6-00e70a2afefd,598,3,627,111,421,"[70, 330, 523, 309, 633, 570, 507, 413, 394]"
581127f1-87cc-44f9-9900-00420a2afefd,336,507,271,201,44,"[129, 328, 681, 331, 77, 269, 371, 184]"
5811db97-8b98-4f6c-ac61-00e70a2afefd,233,567,186,8,111,[]
58132bd9-7ecc-4c25-8529-002d0a2aed5e,3,245,271,506,148,[]
5813393e-c55c-4034-8bfe-00410a2aed5e,201,186,182,183,3,"[208, 480, 621, 630]"
58170834-7fcc-43a0-8a9c-002d0a2aed5e,598,3,421,187,214,"[609, 614, 360, 491, 396, 366, 688, 309, 633, 541, 126]"
5817194e-79ec-427e-8834-002d0a2ae5ef,3,186,336,344,758,[]
58172cd8-72ec-4a55-b63c-00640a2aed5e,183,240,457,706,156,[]
5817321f-0710-4ea3-bfea-00730a2ae5ef,669,183,240,147,706,"[185, 646, 78]"
5817acf0-ddc4-4347-88eb-002d0a2aed5e,3,183,507,706,673,"[677, 646, 331, 590, 403, 662, 343, 511]"
58186daf-72b0-4b6a-b30f-00640a2aed5e,336,480,669,376,148,"[185, 371, 646]"
58188a3f-01ec-4fa8-b927-002c0a2ae5ef,27,201,186,336,183,"[185, 371, 646]"
5818acad-5d98-46c4-9479-002d0a2aed5e,183,240,706,156,198,[]
5818cd42-73a0-467d-89e9-002d0a2aed5e,627,3,336,177,449,[]
5819b222-f5a8-4f2d-a3ab-002d0a2ae5ef,319,345,526,245,147,"[328, 681, 331, 590, 495, 368, 497, 371, 276, 374, 527]"
5819c698-6db4-45db-afe4-00410a2aed5e,413,243,189,302,344,[]
581a3dbe-c054-4a27-be3c-00730a2ae5ef,508,528,336,522,189,[]
581b40fb-d1c8-4865-9e51-002c0a2ae5ef,40,271,472,148,214,"[442, 479, 460, 621, 383]"
581b5641-b1e8-4412-a986-002c0a2a6842,201,567,325,186,336,"[712, 593, 594, 595, 596, 598, 599, 600, 601, 602, 603, 604]"
581c5417-1ef8-49f6-91e2-00410a2aed5e,598,165,43,480,272,"[704, 579, 550, 552, 654, 528, 657, 691, 692, 695, 696, 154, 701]"
581fb9a5-9d48-4a2d-bb1a-003a0a2a6842,3,194,177,547,326,"[512, 67, 421, 625, 592, 369, 179, 118, 314, 220]"
58204100-bc14-45ce-acde-003a0a2a6842,3,186,336,8,421,"[516, 709, 503, 441, 667, 421]"
582192ea-9e80-491b-b5f0-00370a2a2cc3,233,598,319,325,336,"[677, 582, 365, 627, 694, 667, 709]"
5821dbec-bdf0-41ab-aa87-00ed0a2a6842,707,2,3,4,5,[]
5821ff90-bb5c-4e89-b340-00ed0a2a6842,201,186,187,336,207,"[545, 546, 656, 683, 705, 682, 555, 642, 400, 627, 674, 624, 410, 188]"
58246bd1-5a44-4567-9247-00570a2a090a,201,3,336,83,337,"[645, 657, 725, 732, 733, 671]"
58248dbf-69a0-438c-9e3b-002c0a2adcc4,233,280,174,186,336,"[673, 708, 7, 8, 561, 659, 436, 412, 221]"
58249192-7d94-48cd-8757-002c0a2a090a,148,752,3,466,233,[]
5824d353-239c-4318-8827-00570a2a090a,280,201,186,336,44,"[673, 662]"
58253dce-61f0-48f6-a382-007d0a2a090a,669,359,183,240,147,[]
5825e728-5b58-47a4-98a8-002c0a2ae944,183,240,457,706,156,"[184, 185, 646]"
5825f96c-b134-4324-a315-002d0a2a81a1,8,336,175,186,302,[]
58299cd1-ba30-4e4d-81b6-002d0a2a81a1,480,449,271,706,148,"[456, 617, 623, 752, 725, 442, 573]"
5829a4b7-a2c4-459f-95e7-00550a2ae944,286,116,60,338,47,[]
5829b833-11c4-4e4d-b800-002c0a2a81a1,3,186,336,177,507,[]
5829d657-1f60-4685-b5d6-002d0a2a81a1,413,3,186,60,182,"[168, 400, 334, 326, 207]"
582ac7b6-4940-4b88-bd4d-002c0a2a81a1,3,507,673,684,29,"[123, 333, 319]"
582c3a63-9398-48b7-bff4-00b10a2a81a1,201,325,186,336,191,[]
582c7196-8b40-415d-863e-00550a2ae944,598,669,480,3,233,"[705, 546, 682, 683, 525, 722, 723, 674, 188]"
582c7ca5-5d84-4d6b-beee-002d0a2a81a1,627,519,252,52,376,[]
582dbcfd-de40-4c9a-b2d1-00b20a2a81a1,567,3,336,421,271,"[673, 706, 712, 717, 591, 624, 625, 724, 566, 601, 510]"
582dbde4-fb4c-4dee-b020-00b10a2a81a1,413,165,111,567,325,[]
582e5e95-0ea0-4b28-87c3-002d0a2a81a1,3,186,336,272,627,"[673, 706, 613, 518, 711, 340, 724]"
582f3a11-f064-4aa9-b585-002c0a2a31f1,165,589,174,212,132,"[720, 588, 589]"
58316c39-b0a4-4afe-9dc9-00460a2a31f1,280,201,186,336,44,"[673, 218, 706]"
5835a540-b0c4-46a0-9a48-00460a2a31f1,3,186,336,330,486,"[512, 131, 518, 523, 670, 543, 547, 680, 561, 566, 567, 569, 593, 594, 595, 596, 597, 598, 599, 600, 601, 602, 603, 604, 605, 606, 607, 608, 354, 613, 746, 625, 758, 507]"
5837def0-deec-4f91-809e-01040a2a31f1,547,356,131,369,46,[]
583987d4-f8f4-46e9-b1e7-00470a2a31f1,165,766,383,337,466,"[736, 83, 734, 302, 727]"
583c288f-d2ec-465b-b192-00c60a2a31f1,457,339,826,238,376,"[528, 735, 751, 767, 679]"
583c295a-dbd0-415a-a2be-010e0a2a839b,826,164,761,256,376,[]
583c3679-0a58-4baa-851c-00c60a2a31f1,510,214,340,382,486,"[752, 634]"
583e3439-c1dc-49bc-91b9-01bb0a2a839b,480,509,472,717,148,"[528, 455, 652, 466, 240, 753, 82, 634]"
583e9315-8584-4ff4-92c2-01bc0a2a839b,627,449,272,826,93,[]
5844fde1-b3a4-4c90-ad03-01e40a2a839b,669,507,240,457,706,"[708, 646, 331, 271, 180, 662, 184, 185]"
5845a26f-1ed4-4094-924a-01d90a2a31f1,165,480,383,337,319,"[552, 337, 339, 766, 383]"
5845a5f4-9c1c-4e79-9610-02170a2a839b,509,177,325,522,376,"[738, 645, 428, 429, 686, 527]"
58469ffb-745c-41e8-b95d-024d0a2a839b,233,519,673,517,849,[]
5846bf1a-e2d8-4d7e-8a27-024d0a2a839b,682,182,509,376,457,"[643, 199, 77, 430, 147, 376, 157]"
5846d799-f004-4540-92a6-01e40a2a839b,233,519,302,189,567,[]
5847eaf5-9544-4548-bef2-02b50a2a31f1,336,44,11,832,334,[]
584944f7-68cc-47e2-a2c7-02140a2a31f1,325,413,336,321,110,[]
5849b38c-7a70-4995-98ff-02140a2a31f1,272,189,302,227,400,"[802, 803, 633, 186, 316, 478]"
584aacf1-7724-4c2b-a004-02b50a2a31f1,627,3,396,511,272,[413]
584db85f-3d78-4c0b-96fa-024d0a2a839b,336,44,382,11,413,"[716, 196, 87]"
584f05db-9a68-44c0-9da1-02b10a2a839b,390,510,486,758,340,[]
58502976-71d0-4abb-8e89-039e0a2a31f1,182,3,457,472,510,[]
58517961-e704-45fe-a4db-03920a2a839b,111,3,186,336,301,[]
58518ce2-1ba8-43a3-9c0f-03900a2a839b,390,510,486,758,382,"[680, 724, 518]"
58523026-0704-4ce0-bf99-03ae0a2a31f1,201,3,669,186,336,"[328, 762, 308, 789]"
5852a568-5f48-4b4b-bf26-039f0a2a839b,165,40,480,227,148,[]
5852bdb4-b2b0-4d6e-935f-03d40a2a839b,233,567,205,421,622,"[512, 611, 45, 625, 754, 702]"
5853f36e-09a8-4945-a050-039f0a2a839b,272,252,400,457,27,[]
58541585-fc40-4525-95dd-04190a2a31f1,336,622,186,254,516,"[776, 269, 784, 786, 534, 793, 666, 538, 673, 689, 819, 698, 190, 584, 201, 205, 336, 87, 728, 218, 350, 482, 488, 494]"
58542666-a888-42d0-9de8-04050a2a31f1,182,324,514,254,457,[]
5854391a-286c-498e-90d0-03920a2a839b,766,669,319,240,147,"[644, 646, 649, 271, 184, 185]"
5854421a-2414-4f18-a3f1-03920a2a839b,598,3,182,325,390,[]
58544f58-9104-42ad-9061-04190a2a31f1,272,189,302,227,400,"[803, 359, 303, 633, 186, 316, 478]"
58572b3f-6f44-4169-8128-04190a2a31f1,336,272,205,627,245,[]
585777e1-42dc-4990-9d71-044e0a2a31f1,413,321,504,563,186,[]
5858e074-7eb8-46d8-887b-04050a2a31f1,182,324,514,254,457,"[706, 708, 816, 662, 828, 831]"
5858e941-f188-4fef-a38e-044e0a2a31f1,480,44,326,148,8,"[737, 643, 580, 520, 238, 339, 372, 471, 376, 180, 730, 763, 476, 765, 735]"
585a405e-3390-4fae-b6db-04440a2a839b,508,3,480,528,182,"[224, 636, 413, 509]"
585aa614-4548-4945-b9da-04c40a2a31f1,509,508,60,480,182,"[524, 528, 790, 679, 41, 686, 435, 437, 693, 459, 460, 632, 465, 481, 423, 493, 240, 497, 631, 241, 761, 767]"
585b0f1b-28e0-42fd-b6b1-04c40a2a31f1,233,598,319,705,336,"[326, 810, 620, 365, 207, 701]"
585bbdac-53c0-48b6-bd9e-04c40a2a31f1,131,369,221,46,567,"[608, 758, 711, 780, 782, 594, 595, 598, 600, 569, 602, 604, 605]"
5862446f-a2fc-42fb-88a9-04fc0a2a839b,509,336,508,148,345,[]
58629036-e528-41dd-a1cd-04fa0a2a31f1,3,336,351,29,51,"[336, 716, 176, 87, 440, 441, 538]"
5868f3ae-b420-4c0f-99ad-04fa0a2a31f1,516,118,333,353,161,[]
586d2dfb-ece8-40a0-bbe2-05400a2a31f1,567,189,302,356,330,"[601, 596, 599]"
586e57b1-5f58-4d3f-82ff-05070a2a839b,494,344,16,353,847,[]
586eb71d-d440-46fd-9c17-05360a2a31f1,336,344,9,44,351,"[176, 819, 603, 87]"
586f8af8-8da0-4896-9ab8-05140a2a31f1,43,245,3,52,271,"[548, 775, 618, 427, 492, 562, 787, 374, 825, 319]"
586fdbd1-a250-420a-8b3d-002d0a2ac68a,3,336,507,271,201,[]
587285db-8458-45d5-acd1-00390a2ac68a,2,3,4,5,6,[]
58735ebe-fb44-4f57-997a-002d0a2ac68a,494,344,16,353,847,[]
5874e784-c5a8-40d4-aa9c-004e0a2a6136,182,324,514,254,457,[]
5877557e-bbac-4e3f-944a-00810a2a6136,3,336,271,8,324,"[865, 147, 643, 430]"
58775f13-5944-46d8-9ec7-00bd0a2a6136,669,183,240,147,706,[]
587788f1-a39c-473f-8294-008a0a2a6136,627,182,324,449,272,"[739, 522, 750, 240, 753, 338]"
5877e33e-21f8-472f-be30-00b70a2ac68a,182,324,376,753,240,"[865, 643, 430, 368, 147, 756]"
58788ee8-bd40-4c20-992f-008a0a2a6136,598,682,766,3,111,"[545, 197, 713, 683, 718, 723]"
5878982f-92f8-4803-8c4a-008a0a2a6136,183,240,706,156,198,[]
5878c1c5-fe60-4018-9a89-00810a2a6136,344,16,61,77,353,[]
