tech_id,0,1,2,3,4,5,6,7,8,9
2,21,139,177,419,1376,60,47,163,1230,1237
3,29,447,557,663,618,1353,686,916,50,151
4,1228,317,1312,1376,1306,3,29,1266,1354,823
5,6,100,159,468,459,1053,256,992,41,483
6,5,100,459,159,1053,468,41,481,256,1141
7,248,1149,562,12,15,422,17,1235,857,1327
8,561,129,46,44,1273,246,71,15,1282,205
9,351,74,132,925,135,262,181,1276,91,1321
11,13,1061,422,728,1277,387,482,786,793,201
12,37,40,51,64,50,1354,47,23,7,29
13,11,44,112,422,201,56,140,482,191,194
14,694,689,146,382,13,856,198,227,668,817
15,857,1327,7,1354,561,341,792,328,1126,810
16,344,187,847,327,844,741,280,312,326,663
17,269,1005,754,1065,1282,1066,1293,7,877,331
18,672,752,703,1375,1109,1327,1086,1104,342,729
19,664,544,630,823,528,1182,1328,470,585,1141
20,23,1200,1064,1281,1358,1126,153,1282,1207,1378
21,389,139,2,83,177,1358,29,23,51,1282
22,1036,215,955,1309,556,1377,842,190,1191,747
23,40,47,37,41,58,29,1126,59,60,20
24,526,28,1162,32,733,213,1132,389,1382,1354
25,321,618,286,304,639,333,31,1089,1203,402
26,668,2,40,857,1041,479,769,1306,17,1207
27,371,1253,321,1141,307,66,1162,1256,1219,52
28,321,24,144,213,823,1234,792,392,1224,791
29,51,177,151,3,47,41,37,256,663,557
30,1070,829,63,936,1376,840,263,52,19,1252
31,94,286,73,255,333,325,502,443,639,1066
32,1199,195,24,726,304,526,155,733,1256,1151
33,58,52,35,41,1162,37,446,1219,64,389
34,92,158,628,690,1008,452,480,695,995,462
35,138,174,234,33,322,144,1234,165,212,544
36,120,111,197,320,1113,1086,1165,133,392,244
37,40,41,64,23,12,1234,58,29,47,51
38,823,48,750,916,442,1206,105,243,1228,1353
39,128,1378,173,420,93,122,1090,728,560,562
40,37,23,41,47,51,12,64,58,50,59
41,47,58,37,6,459,5,256,40,159,1053
42,107,392,1200,142,54,1353,66,668,1089,282
43,453,179,385,389,823,337,1256,461,219,470
44,13,561,1207,8,11,191,112,129,201,336
45,556,626,1191,1355,1377,1092,1363,857,1036,1366
46,131,547,350,356,567,670,785,950,949,8
47,41,23,29,40,58,823,50,37,150,1141
48,166,442,1376,116,1008,338,823,821,38,283
49,68,374,19,78,1203,71,1282,1263,870,769
50,51,47,3,37,40,210,823,12,750,41
51,50,29,37,47,3,40,151,210,23,41
52,1241,154,1382,63,887,1162,33,945,1006,888
53,216,349,262,200,926,168,13,334,112,193
54,314,1149,122,422,1219,107,7,857,248,42
55,87,1287,1337,660,420,191,955,667,301,1211
56,1313,1273,776,488,1307,201,13,422,996,482
57,105,1381,1203,1349,1354,254,226,237,743,794
58,41,59,1188,33,1301,1302,47,37,1132,23
59,1301,58,1076,1188,1245,1222,192,1243,317,1141
60,47,208,23,163,153,823,1132,29,210,1306
61,896,425,506,1050,374,644,923,821,898,726
62,631,880,1192,192,1222,435,1301,1302,679,100
63,52,30,1306,446,1188,1256,823,1132,1162,37
64,37,41,1162,58,40,33,149,823,47,51
66,545,1234,1152,1010,546,1253,27,1052,414,826
67,556,1375,420,1149,46,1355,861,855,356,1273
68,49,374,123,1073,938,1379,202,319,1207,1069
69,1356,706,422,1357,746,585,973,368,416,688
70,72,355,958,1348,327,112,609,134,814,326
71,1313,746,561,78,879,1307,275,129,422,1090
72,70,948,952,951,1348,955,106,109,112,1363
73,102,443,31,726,286,737,725,338,94,372
74,9,351,135,1348,181,432,315,132,186,336
75,188,1219,1151,144,794,234,233,1275,1234,908
76,1376,282,204,110,1245,48,822,870,202,484
77,199,443,78,1355,328,71,271,31,1383,425
78,71,56,1142,77,201,1333,1330,776,538,1159
82,166,48,551,652,1010,548,283,612,178,542
83,163,389,21,1172,88,537,153,252,139,473
86,532,792,1040,791,1083,1355,257,1361,515,1029
87,176,538,955,422,819,556,55,603,1213,312
88,1382,465,304,101,521,470,385,1162,177,183
89,90,122,916,103,39,83,398,520,1026,1354
90,89,261,1164,472,2,1243,163,60,1038,672
91,1349,791,1354,228,1224,9,925,743,285,794
92,695,158,690,34,822,995,1349,1141,1188,217
93,118,1327,128,39,107,248,746,1202,113,778
94,31,443,1163,102,73,726,286,1089,612,268
95,193,216,262,792,791,1318,1349,335,351,1354
96,98,1078,1263,73,865,1028,1268,618,1074,1204
97,149,1219,1256,206,1162,1234,1151,1253,138,648
98,96,790,383,337,167,1008,1266,73,116,756
99,1358,1064,792,1126,791,1055,163,1281,821,1194
100,159,1301,5,468,1053,435,6,192,483,459
101,470,385,465,453,822,1301,88,1302,183,521
102,443,73,726,147,725,371,180,94,268,271
103,104,345,192,445,1188,1162,1349,987,1354,89
104,172,171,153,103,823,1202,41,1302,1192,1306
105,57,1358,317,750,1202,38,1256,254,1228,821
106,952,954,948,126,958,951,1139,1104,136,957
107,42,1091,1066,54,118,1175,1149,31,660,119
108,327,120,741,1104,244,956,133,136,355,609
109,697,72,433,1260,1245,70,444,792,791,1262
110,1378,338,76,172,177,1301,204,1132,150,48
111,120,36,556,1355,244,516,842,133,834,499
112,13,115,1011,70,280,140,72,191,44,354
113,1104,834,1143,1139,1327,128,889,1355,1092,1059
114,1245,821,283,442,166,1266,192,1162,116,48
115,1117,112,1220,1140,191,795,349,1129,140,190
116,442,383,283,821,48,338,337,679,823,1368
117,335,757,1256,491,533,823,1162,446,1233,1266
118,834,93,1093,1143,280,175,660,355,609,327
119,313,1151,663,530,304,557,179,177,1368,1382
120,111,1355,36,516,133,244,108,499,556,220
121,1193,1282,248,343,1207,624,381,20,1196,282
122,1378,1183,712,54,1374,1383,173,89,230,705
123,484,319,331,68,202,1149,1379,479,1330,373
126,106,91,948,951,72,396,1348,743,1377,119
128,1104,1313,131,201,113,350,889,547,39,46
129,8,561,876,71,1373,861,246,879,44,514
130,246,129,66,861,393,514,728,1235,561,1373
131,547,46,670,567,949,350,356,950,512,369
132,9,351,1276,181,135,355,303,1318,432,74
133,237,1213,556,120,1383,1363,111,244,134,1191
134,1348,948,133,237,70,1213,812,958,951,721
135,9,351,74,958,181,1004,355,808,944,1213
136,280,702,958,956,952,558,556,610,955,106
137,11,201,362,1295,218,140,1085,1379,955,1126
138,35,322,537,234,544,473,252,247,1234,823
139,21,2,177,135,769,389,138,557,198,537
140,201,13,56,482,186,218,112,11,541,422
141,1142,1333,1159,1158,1156,1157,1330,399,844,430
142,1349,703,1306,42,245,4,1089,1237,160,1038
143,703,537,252,1375,247,138,1377,317,473,898
144,530,35,908,174,28,212,943,138,537,165
145,302,578,1109,1337,857,1211,1233,1287,368,703
146,277,814,951,422,191,523,14,507,187,1348
147,102,430,1234,1266,725,726,443,1192,865,1078
148,480,452,497,495,238,458,263,628,34,1245
149,521,1335,520,530,177,97,573,58,304,1026
150,192,47,1380,172,159,338,1076,266,1222,317
151,29,1204,177,210,663,3,557,618,710,51
152,1144,857,1103,667,558,329,582,842,46,1249
153,104,172,60,402,41,20,419,171,1194,1193
154,1382,1241,887,659,52,675,888,535,734,1162
155,174,165,162,195,212,419,245,823,171,156
156,198,183,240,796,174,1162,1339,342,195,690
157,167,1073,725,938,577,286,713,1120,502,1203
158,92,695,690,34,823,1368,821,995,217,1126
159,100,468,5,1053,256,992,459,6,483,41
160,1219,1266,231,1207,1245,282,317,822,821,236
161,278,1348,272,1374,311,1261,280,179,823,285
162,171,342,155,1301,1132,266,173,1306,192,632
163,83,419,99,60,1368,2,1222,153,1207,1219
164,520,1380,1181,869,998,339,967,471,469,1009
165,174,757,212,823,155,589,419,1193,1376,1266
166,1244,48,178,114,442,554,82,338,1008,283
167,577,1038,286,157,337,1203,1306,116,679,383
168,334,1224,942,349,53,392,823,1256,1377,262
169,1328,935,1063,1207,933,298,343,937,1209,703
170,1349,822,792,1192,232,791,1222,1243,1188,1162
171,172,104,162,1192,822,192,1331,153,266,987
172,171,104,822,338,153,1302,1245,1301,150,41
173,922,225,1047,1313,1033,1149,162,660,151,420
174,165,212,35,757,155,823,144,589,524,37
175,310,355,327,118,280,609,1348,955,9,1312
176,87,716,795,538,558,746,115,603,728,697
177,29,663,151,149,557,179,313,3,2,618
178,166,628,540,48,204,34,202,149,1266,554
179,43,385,446,453,302,337,177,1256,821,195
180,1050,726,492,506,644,896,923,271,763,102
181,280,9,355,347,135,958,1322,609,74,698
182,1122,753,1265,1121,460,719,1007,283,1266,475
183,240,1076,1301,385,198,156,470,581,682,101
184,271,501,1173,728,185,1349,1354,792,1360,180
185,399,646,184,1360,1302,1173,1357,15,271,857
186,687,336,823,1162,482,1224,201,698,362,1213
187,280,312,327,196,609,310,191,355,741,668
188,682,1213,955,1309,75,422,1363,1191,908,183
189,500,769,955,422,313,792,1199,252,1081,1082
190,215,1220,1117,1112,649,1140,833,1300,1173,115
191,187,1093,280,218,312,422,194,13,201,1327
192,435,100,1301,423,497,619,679,1076,1264,961
193,95,216,262,1348,200,1354,1318,393,889,1365
194,370,218,201,191,312,13,949,220,556,187
195,1162,179,304,155,32,1151,1382,183,156,823
196,187,510,668,253,486,1273,8,504,146,230
197,236,36,320,545,414,235,231,641,683,392
198,156,796,1339,240,342,183,1051,1126,1383,693
199,923,77,1261,1330,506,644,425,1050,492,896
200,193,262,53,794,216,349,1349,95,334,715
201,776,218,482,336,223,13,140,56,488,194
202,373,477,484,539,1237,479,210,249,76,282
203,274,392,243,1213,161,1193,1376,580,739,684
204,1188,1301,76,183,212,165,110,1243,581,178
205,854,717,1349,246,1298,1169,11,748,728,129
206,648,97,219,1275,28,24,678,160,154,1349
207,956,1315,954,1124,683,817,684,958,955,1309
208,60,339,241,182,737,1204,1256,372,1008,446
209,556,422,1036,661,1149,1383,955,746,1375,1219
210,151,402,1282,331,51,1305,50,60,248,29
211,1349,1224,1151,794,352,955,418,1377,1306,28
212,174,537,165,757,788,144,35,155,204,473
213,1349,1224,28,557,24,287,1354,161,1045,808
214,1141,1348,1224,1383,1222,1382,1301,823,553,581
215,190,747,22,817,947,357,958,955,1309,489
216,262,193,95,53,1318,200,347,349,710,1367
217,690,695,92,1119,158,1324,1354,823,34,1234
218,370,201,312,194,191,728,131,356,1313,949
219,278,453,43,206,179,657,1381,732,24,1203
220,556,1355,626,1047,922,1033,244,191,225,194
221,915,1094,912,1313,420,1147,673,1091,746,914
223,336,201,482,776,534,218,186,698,538,382
224,257,1040,1312,532,1324,688,1083,509,955,86
225,1213,422,173,663,746,29,557,220,792,710
226,1204,1163,1305,1066,580,151,1097,1282,1349,392
227,490,336,13,301,1383,181,347,186,312,362
228,285,91,272,278,1306,728,301,304,1312,227
229,1211,1233,392,1337,388,1287,1249,942,1239,282
230,314,855,231,534,709,122,516,225,482,11
231,1211,282,325,1089,1109,160,230,420,392,622
232,728,855,857,682,351,663,557,1352,710,1361
233,1068,859,519,878,611,517,1361,860,823,1202
234,138,35,247,144,1202,618,29,3,151,537
235,236,556,626,1219,1275,422,197,728,1355,149
236,197,235,545,641,1219,414,656,792,160,1234
237,556,133,626,1355,611,893,134,1378,1015,1191
238,452,480,497,339,148,1380,495,268,263,628
239,541,418,304,698,361,395,140,211,772,74
240,693,342,1088,1222,183,266,198,268,250,156
241,389,208,60,261,1382,182,1132,1141,1302,1190
242,136,556,280,1107,1191,702,352,1309,252,1108
243,739,1011,249,203,38,1309,718,523,363,795
244,1107,556,111,120,108,133,220,956,1213,1191
245,155,313,1368,142,1224,212,116,533,1348,794
246,1235,130,879,561,861,129,881,205,71,46
247,138,537,252,1213,728,234,1348,473,1352,1383
248,1261,249,250,121,1379,267,7,331,210,402
249,505,331,472,248,1378,1066,1379,402,1164,1282
250,248,240,192,1331,283,557,1192,618,416,1193
251,1149,746,660,932,1033,805,572,570,1047,422
252,138,473,1011,537,247,530,151,287,179,191
253,504,668,1154,282,503,499,267,558,939,120
254,514,823,1132,1306,1266,1230,317,1301,426,1088
255,325,622,31,624,787,921,627,718,392,363
256,159,468,1053,459,5,100,6,1071,339,41
257,663,557,532,224,86,1162,1383,769,389,525
258,259,1352,650,389,664,1358,675,393,275,556
259,258,1352,389,1358,393,650,675,769,1239,685
260,1188,192,1076,1302,1301,1132,261,446,679,1243
261,472,1302,1164,635,821,1230,1243,505,60,260
262,216,347,925,95,193,745,9,200,53,1318
263,462,442,480,452,434,579,495,1266,148,34
266,1076,159,240,1241,192,693,150,162,1053,1301
267,1143,1036,1092,834,248,565,728,668,253,556
268,1076,443,100,497,6,423,1301,5,159,679
269,17,1005,754,1293,590,1271,1065,1054,1360,877
270,1353,1150,472,916,686,375,256,1164,640,3
271,184,180,501,102,371,77,1357,443,726,1356
272,627,424,161,1266,1219,1234,555,581,759,278
273,904,1007,1230,338,987,47,150,1186,1202,1306
274,203,822,372,1245,871,1330,869,1349,821,23
275,1377,955,792,791,556,71,422,1213,282,1107
276,315,1126,1234,261,1038,1377,934,311,909,1324
277,146,952,115,958,1116,1211,507,1233,1337,764
278,161,219,272,285,228,355,304,280,15,279
279,359,892,366,768,355,390,1002,899,280,940
280,609,327,187,136,741,355,310,181,326,312
281,872,806,422,1331,649,1377,1365,1379,346,711
282,76,1378,272,231,392,1089,373,1193,402,331
283,338,1121,116,182,1376,618,719,114,1122,383
284,1010,1324,542,217,690,1206,695,458,34,197
285,228,91,278,1234,272,161,9,1349,958,1009
286,577,167,725,502,31,1268,157,752,73,624
287,557,252,177,304,663,191,314,551,1202,530
298,1198,1327,501,420,180,169,1330,821,1180,1282
301,146,227,13,228,1349,1061,215,277,55,312
302,179,145,1383,1362,1172,1361,313,43,189,287
303,805,570,431,572,316,478,633,803,976,808
304,664,530,88,1151,149,553,195,388,1302,663
307,1377,272,847,620,897,285,27,626,491,1363
308,762,789,199,328,331,333,557,77,151,663
309,397,326,471,413,366,1066,808,257,280,327
310,609,327,175,355,326,741,280,360,187,955
311,161,741,355,1234,310,280,609,327,187,446
312,187,218,280,191,1036,1377,370,326,327,482
313,500,119,551,557,663,1368,618,585,177,821
314,230,1149,1313,420,557,1094,287,746,54,1355
315,934,1367,1266,942,334,909,418,1312,74,925
316,805,572,570,431,803,633,303,478,251,1069
317,1182,1356,984,869,385,460,483,59,497,254
318,955,1107,1348,1309,1224,1213,1349,1354,1318,352
319,123,1073,938,842,1313,484,1352,1377,210,713
320,525,1113,1234,36,197,943,908,530,1124,823
321,639,28,832,1234,25,798,1349,553,1224,728
322,1198,138,1246,35,1247,1234,1219,149,961,823
324,693,719,240,182,460,690,1121,342,1122,475
325,333,622,624,255,627,718,231,897,639,31
326,327,310,1349,280,1354,609,397,309,312,367
327,355,310,280,609,326,741,187,360,108,175
328,77,389,496,15,1126,1282,842,1069,629,844
329,584,842,1143,1036,556,1355,834,611,519,582
330,808,991,1288,1004,994,990,944,1383,931,1267
331,249,479,1379,210,416,1054,1214,123,484,373
332,562,769,138,1149,1186,544,456,1375,1213,51
333,325,492,286,31,425,506,624,1074,726,1196
334,168,349,792,315,1349,697,791,1354,951,551
335,529,117,491,993,1151,95,347,926,1091,663
336,223,482,201,186,776,798,698,538,620,534
337,383,442,116,179,679,43,453,640,167,1151
338,283,110,116,48,172,1306,618,1010,150,47
339,580,737,520,471,256,1380,469,372,238,765
340,369,1092,834,1093,1091,1006,510,941,711,382
341,1069,1175,1162,345,1375,1145,1205,15,1089,1327
342,240,162,1306,198,693,1132,1088,183,266,156
343,1218,857,1207,121,706,1235,1089,1063,356,1245
344,847,16,844,1235,389,1025,1089,876,769,341
345,1145,1302,987,1205,341,1230,1264,1126,1248,103
346,872,1169,1165,1168,748,1377,818,1298,1166,1333
347,262,529,181,9,925,1354,958,951,335,227
348,578,669,311,1011,1057,149,1009,315,279,1360
349,334,53,168,115,200,262,661,1126,216,87
350,547,131,46,567,356,670,949,950,369,128
351,9,135,74,792,132,791,1312,181,432,1349
352,589,519,1108,1119,1040,366,318,755,955,1123
353,357,842,819,1307,955,218,1352,1375,556,1313
354,559,377,835,582,1011,361,958,658,839,1316
355,327,310,609,741,280,359,181,366,360,175
356,547,131,350,567,46,369,670,1377,606,949
357,353,747,1291,746,422,218,190,370,215,387
359,361,366,279,582,355,1002,390,892,768,899
360,609,310,355,327,741,280,529,364,187,326
361,359,366,835,582,559,354,1367,768,355,390
362,1355,9,391,1349,186,181,135,482,336,620
363,723,683,718,840,545,255,1376,551,250,287
364,1027,432,529,1322,958,558,1321,1303,360,490
365,1107,701,556,1355,1383,519,668,510,1015,486
366,359,361,390,279,1002,355,892,768,582,899
367,326,327,355,280,609,310,191,181,187,1383
368,371,1330,578,1357,427,823,706,141,69,1230
369,547,131,567,1147,340,356,1093,670,940,950
370,194,218,1363,1377,312,201,538,949,275,187
371,102,368,443,1069,821,27,427,271,422,1243
372,869,520,871,469,339,763,471,376,765,1380
373,484,479,684,202,775,1067,331,282,392,615
374,61,49,68,1069,1245,1327,821,371,1375,422
375,1259,999,270,1219,618,971,686,1335,557,1069
376,476,730,737,471,339,520,1380,469,765,372
377,559,354,835,814,948,582,839,951,658,361
378,955,957,663,557,1309,3,710,948,618,947
379,1323,955,956,1148,1024,1309,1377,1316,1349,354
380,1291,758,782,780,791,770,728,1354,778,1290
381,1066,1282,627,415,759,424,1067,769,449,1204
382,510,1006,538,387,340,728,486,1327,941,769
383,790,337,116,460,679,870,442,98,640,283
385,101,470,1302,453,43,179,654,465,317,183
386,161,491,1261,823,1075,325,388,1234,1376,1383
387,1061,11,777,382,793,786,604,1013,538,389
388,639,1362,1234,664,553,1213,1349,304,229,696
389,526,21,521,1162,769,1302,896,1005,635,627
390,366,598,359,279,1383,327,361,355,582,1377
391,446,362,389,1069,1230,821,1380,23,1186,1202
392,410,229,583,1211,282,203,1149,701,42,563
393,1358,396,768,830,427,91,259,1236,651,193
394,1117,1112,1043,1361,1220,1355,649,1140,1113,976
395,482,792,791,1352,336,620,1331,312,362,201
396,438,1349,1354,1348,393,792,791,1320,91,743
397,309,326,1320,1027,811,957,1321,1348,710,193
398,676,1127,1189,727,1097,738,788,448,1069,1190
399,185,649,141,389,15,271,789,77,471,540
400,555,642,781,901,836,574,838,845,272,581
401,1365,800,272,1148,993,1349,1327,438,555,836
402,900,1378,537,1194,249,210,1089,505,1064,1281
403,1093,1379,1107,1355,504,787,1327,1066,680,392
410,627,392,759,1137,449,381,489,1149,753,321
412,668,614,1090,1375,420,754,1005,1293,565,51
413,563,564,1325,611,770,1355,1059,504,832,808
414,545,641,553,705,546,236,823,1374,656,627
415,943,381,525,671,530,627,602,1234,908,955
416,1210,1207,331,250,1375,663,389,287,1280,1041
417,755,1227,1149,516,1015,746,1355,503,611,1109
418,239,315,846,808,837,211,118,355,1093,1314
419,163,165,389,457,1064,616,1194,2,1281,153
420,221,1146,915,711,67,314,583,591,780,412
421,796,855,532,392,1109,860,187,1313,357,328
422,746,1374,955,69,13,225,1022,1049,1106,1295
423,992,1301,1053,1302,1243,1076,192,979,481,100
424,272,574,581,381,555,627,704,414,500,449
425,506,919,896,644,1050,923,492,898,61,536
426,911,1087,1345,905,1372,1135,1252,902,1301,1269
427,393,368,1127,898,371,1189,1360,676,448,1097
428,1193,429,1264,210,402,1204,1282,1358,1194,1207
429,645,447,428,3,402,445,1204,151,788,1210
430,147,141,199,865,643,376,368,1243,1256,77
431,572,570,478,805,803,303,316,633,976,251
432,1027,364,523,135,955,1309,529,106,351,9
433,1260,714,1262,1171,1011,697,565,109,1309,834
434,462,263,463,442,1372,464,1228,446,1008,48
435,1301,100,192,1188,1076,423,1302,1088,159,268
436,221,912,1313,851,708,914,1079,560,673,915
437,963,968,989,751,451,522,992,527,528,508
438,396,942,1362,656,974,491,1348,794,841,1316
439,834,728,1036,759,494,627,955,534,422,1090
440,1149,225,253,187,420,1369,677,783,87,663
441,1019,1379,857,882,728,565,622,1313,218,791
442,116,263,640,337,48,383,679,434,114,166
443,102,726,268,725,73,94,1163,77,752,371
444,1223,464,472,477,623,965,1368,451,261,904
445,552,526,463,693,962,372,429,103,462,896
446,756,450,179,1256,473,465,530,461,52,935
447,3,429,1219,645,1353,916,454,475,1228,1265
448,676,635,1055,536,616,900,1064,1281,537,1127
449,759,627,1137,454,272,410,381,439,489,1302
450,521,446,1162,1256,973,1032,389,1382,886,1151
451,522,508,968,989,528,751,527,437,550,963
452,480,148,495,628,497,238,34,458,263,573
453,43,385,101,179,470,337,219,317,1225,1302
454,1269,627,759,449,1118,447,1137,916,1141,3
455,1255,979,964,966,1110,475,1122,460,894,240
456,1215,1246,138,1232,1008,116,1253,332,544,35
457,1194,1281,1229,1064,474,1055,1060,900,1368,616
458,1010,452,628,480,148,1202,1151,263,821,1301
459,468,1053,6,100,159,5,256,483,41,693
460,383,1228,182,966,719,317,475,455,1265,753
461,473,1382,446,1026,537,1162,43,385,389,1172
462,434,263,463,34,453,1376,442,679,458,337
463,1153,552,1252,1368,936,462,1038,679,464,579
464,1368,444,823,1133,463,936,434,435,579,1230
465,101,470,521,385,654,446,88,159,692,423
466,767,493,485,586,459,631,655,966,632,463
467,533,1228,1301,451,971,1376,926,1038,962,1266
468,159,100,1053,459,5,256,6,992,1222,423
469,730,471,339,372,1009,737,1380,765,376,1206
470,101,385,465,1301,654,1132,453,1192,423,183
471,765,339,763,520,469,376,580,476,730,737
472,1164,261,505,655,635,1179,1145,1231,444,249
473,537,461,138,446,691,252,1162,1306,1151,530
474,1064,1194,1229,1281,457,1060,1055,900,1205,616
475,1125,1122,455,753,182,460,966,1121,447,719
476,376,471,617,643,580,730,635,737,446,1245
477,1237,539,1248,1302,822,444,821,202,1368,1245
478,431,570,633,805,572,303,1349,794,316,803
479,373,484,684,775,1193,331,618,249,202,769
480,452,148,628,263,497,34,495,238,792,1219
481,1053,992,100,6,423,5,1243,1188,493,1141
482,488,336,776,201,792,620,395,791,186,11
483,992,631,100,159,459,1053,5,256,423,468
484,373,479,684,775,1266,123,821,202,331,1306
485,767,493,586,466,632,481,631,1188,1255,1192
486,717,510,382,340,571,1006,680,668,187,196
487,1012,812,499,1033,511,1140,792,1349,791,513
488,482,776,56,201,853,11,186,849,1373,336
489,627,759,272,218,280,449,410,422,439,538
490,227,1361,364,136,432,523,181,1027,1303,146
491,814,335,272,117,897,1348,718,1004,438,386
492,506,644,896,923,1050,425,898,919,61,180
493,767,485,466,586,481,1331,1193,1076,1222,631
494,834,606,439,1036,1092,1091,728,1093,1094,512
495,452,920,1218,480,497,148,1174,575,263,238
496,328,923,1271,425,589,919,199,117,61,792
497,1301,1076,1132,628,192,1088,268,452,148,480
498,1011,523,1191,1266,1282,955,1309,1348,1363,497
499,504,503,487,120,939,1355,516,111,253,709
500,313,189,551,585,424,29,955,1074,378,792
501,1356,184,298,271,1200,565,706,1357,728,955
502,286,157,389,31,1203,443,333,325,752,94
503,516,499,997,939,709,504,626,1270,755,842
504,499,563,716,503,413,1325,253,1377,523,611
505,472,1378,1164,249,1179,619,402,655,823,621
506,425,896,1050,644,923,492,919,61,898,1071
507,547,1271,131,955,590,369,543,567,356,1191
508,451,989,751,968,522,527,550,963,528,437
509,522,968,989,451,550,508,528,751,963,437
510,668,486,571,382,857,340,196,717,1066,365
511,513,487,556,626,882,812,1113,1191,1033,1217
512,660,606,131,518,547,567,625,670,1094,46
513,511,1061,754,1113,793,11,786,487,1217,604
514,254,774,1313,494,1149,660,1090,129,1091,1093
515,1001,1160,1118,661,722,556,86,1383,1342,626
516,503,120,111,997,417,846,499,504,864,1149
517,1116,859,233,1068,519,764,1361,523,1363,1377
518,660,512,613,543,1096,1147,1313,569,1090,850
519,1068,233,1143,834,611,859,878,860,837,352
520,869,339,164,1380,372,471,149,1360,737,1381
521,450,149,465,1256,389,654,1162,1241,692,823
522,968,451,989,963,508,751,437,550,509,527
523,1011,955,1309,817,948,814,1191,432,1032,1128
524,174,337,1202,1228,165,679,212,640,1380,1302
525,530,320,415,943,671,908,1113,388,722,257
526,389,24,445,1268,286,1203,769,1172,752,756
527,751,451,508,968,437,989,522,894,528,1330
528,968,989,451,550,437,963,508,522,751,527
529,1027,347,335,925,364,951,360,432,1314,942
530,671,943,908,525,1151,144,304,149,446,602
531,1203,555,573,574,554,725,568,1376,581,704
532,86,1083,1040,257,1355,1383,1186,224,823,860
533,467,1245,117,822,1237,1222,1076,1375,1358,1207
534,728,1377,1383,439,482,312,336,538,890,201
535,675,659,1241,888,887,154,734,945,52,1081
536,448,635,900,425,1050,506,898,644,896,923
537,138,473,898,821,212,900,448,402,252,247
538,1377,382,87,336,1333,370,312,534,439,1006
539,1237,477,973,641,202,1184,621,634,822,821
540,628,619,823,178,1038,555,1354,554,166,423
541,557,239,740,482,191,140,620,663,220,201
542,684,284,324,551,82,178,1109,624,34,479
543,569,567,518,613,1093,1096,1094,507,850,606
544,823,138,1266,1256,1376,821,19,1234,116,679
545,414,641,656,236,723,683,197,581,363,66
546,1045,1338,722,553,581,414,1299,1105,1344,1188
547,131,567,356,350,369,46,670,949,950,940
548,1042,652,744,742,630,823,1244,769,82,313
549,1077,980,1254,984,623,1380,653,1206,617,761
550,989,963,508,528,451,522,968,751,437,509
551,1004,313,1354,944,500,1358,994,1348,557,1312
552,579,463,1153,1368,1133,445,1219,936,823,821
553,546,722,581,823,1162,414,388,704,1349,389
554,573,1266,822,823,1376,531,166,1206,1188,1354
555,400,581,574,531,1354,704,272,642,568,553
556,611,237,899,1355,626,819,220,244,209,563
557,663,618,313,3,541,378,177,29,257,151
558,559,955,748,960,947,1303,136,364,1168,280
559,558,377,354,835,582,658,839,361,1303,958
560,562,955,556,1377,332,1149,626,7,173,661
561,8,129,71,1313,44,1149,46,246,613,915
562,560,1378,332,7,446,1213,173,317,1353,1266
563,1325,413,611,564,1355,1059,770,556,684,1383
564,413,1325,563,611,1059,556,848,952,832,1309
565,1090,1036,584,834,575,1159,1144,765,1336,267
566,950,1017,608,946,596,600,593,595,594,1094
567,547,569,131,670,350,356,369,543,46,950
568,1036,574,834,555,704,1143,531,581,955,519
569,567,543,613,1096,547,518,850,369,950,131
570,572,805,431,478,303,948,316,803,633,251
571,510,711,486,875,828,1132,1374,382,769,854
572,805,431,570,803,1318,316,633,303,478,976
573,554,823,1192,1234,531,1349,149,822,1266,1354
574,555,424,568,581,704,531,272,1066,1207,590
575,920,929,1218,856,565,1174,890,921,1068,1200
576,1127,1055,1194,1281,1189,616,1190,457,676,448
577,167,286,157,1266,725,389,165,1348,1206,1381
578,1349,822,1188,368,149,1195,573,145,1202,1331
579,552,823,692,1153,1368,936,1133,1202,821,463
580,339,471,737,821,822,520,823,765,256,1245
581,682,555,704,1224,553,574,546,272,1349,424
582,559,359,361,377,835,842,354,1059,366,1143
583,912,784,392,1178,1216,851,420,849,1019,853
584,565,834,1036,329,728,661,842,1143,556,701
585,1357,830,930,1266,313,1356,1213,651,650,1034
586,767,485,493,466,1305,537,965,1354,444,556
587,1193,894,1067,550,437,989,192,751,1378,528
588,589,760,1060,814,557,743,958,389,821,1327
589,588,352,760,165,728,743,174,556,557,1327
590,1271,895,769,1054,507,673,1379,1282,1066,1149
591,1285,420,1378,828,1085,1192,1282,584,1066,728
592,1378,1109,1036,1327,1149,565,1213,1282,1383,422
593,595,594,596,608,599,566,1094,950,1091,946
594,595,596,599,593,608,566,1094,1021,949,1017
595,594,593,596,608,599,1094,566,946,949,950
596,599,594,595,608,566,593,946,597,950,746
597,1094,596,666,599,746,1091,1149,131,595,660
598,390,1369,1015,547,608,567,602,566,626,595
599,596,594,608,595,602,593,597,566,1094,949
600,950,566,1093,596,955,746,946,131,608,1092
601,596,746,566,1094,1093,599,955,604,600,1375
602,603,599,607,943,608,566,596,1018,671,605
603,607,1018,602,819,599,1022,626,728,1036,507
604,1061,793,777,786,601,746,1013,1093,875,1149
605,1015,602,1018,1149,607,556,1355,561,422,603
606,512,131,660,567,494,940,547,356,1091,950
607,603,602,1018,1015,746,758,599,613,566,955
608,596,595,566,599,950,594,946,593,1017,602
609,1321,310,741,280,327,355,360,187,326,1320
610,958,702,954,1303,817,136,1315,957,1129,743
611,556,1355,626,563,564,1068,1325,413,519,878
612,1219,775,1074,1183,684,1089,1196,618,1211,479
613,1147,569,912,518,1096,543,1093,369,915,607
614,792,791,800,412,804,1318,958,743,1312,1377
615,1074,373,624,821,1266,725,1204,1362,392,978
616,676,1055,1194,1064,448,1127,1229,1189,457,1281
617,623,1225,1380,866,1368,476,1177,725,1222,1268
618,663,557,775,3,313,283,479,338,29,151
619,1301,1378,540,192,1193,628,1243,1076,505,1188
620,1377,482,1374,312,336,705,1213,1349,541,362
621,1203,1179,1237,1206,472,1184,505,539,1084,1000
622,624,325,873,255,627,333,231,787,1066,718
623,617,1177,761,1121,549,444,1302,1380,1222,580
624,622,325,873,286,1379,627,255,333,121,1268
625,1143,834,512,660,1155,1091,1093,1094,1036,519
626,611,237,556,1355,819,220,770,1262,1191,1325
627,759,410,449,272,1137,381,454,489,389,325
628,540,497,480,452,34,1244,458,619,148,495
629,703,746,1066,1327,506,492,873,1149,333,61
630,646,1349,823,1192,1328,821,1245,19,1306,1063
631,632,483,880,100,992,62,963,493,985,468
632,631,964,1255,485,894,992,979,767,985,435
633,803,478,570,572,431,805,316,1349,303,794
634,506,923,539,1237,896,425,919,1050,61,492
635,448,472,898,536,389,506,425,261,896,1194
636,1151,1324,544,1266,690,304,1230,1306,1206,34
637,1234,1266,491,1011,1306,573,794,1362,823,959
638,811,1245,392,1348,491,1234,1377,1141,422,626
639,388,321,553,1349,664,325,304,696,25,31
640,679,442,874,383,1353,337,463,192,1380,880
641,545,1237,414,236,821,539,1305,1132,750,446
642,400,555,392,1253,656,545,1042,1382,444,652
643,1380,1026,756,1078,865,476,977,998,376,730
644,896,506,923,1050,425,492,898,919,61,763
645,429,447,792,402,791,1207,1280,1175,788,987
646,630,185,1173,1327,1354,1220,703,1117,746,371
647,1072,1136,863,648,678,728,1349,1162,820,389
648,678,206,647,1349,1354,1162,1072,1382,1136,97
649,1117,1112,1220,1043,806,976,1140,190,1377,399
650,930,651,830,1034,887,675,990,1352,585,659
651,650,930,675,830,887,659,1034,1358,769,888
652,1042,742,995,548,182,1195,921,82,1008,1122
653,1029,1266,821,1245,549,822,1380,192,1207,984
654,1349,1188,385,521,465,470,192,826,1076,183
655,1164,472,505,1150,1179,466,767,1349,480,587
656,1005,792,545,791,754,414,438,236,955,877
657,732,1354,1234,219,393,1381,1038,1362,1322,797
658,559,354,743,377,1349,835,327,794,355,280
659,675,1241,887,535,888,154,734,651,1081,945
660,512,518,946,131,1155,606,1096,950,1016,670
661,1288,664,846,1118,209,1036,515,932,584,666
662,1178,708,706,851,914,996,1216,1295,784,769
663,557,618,313,177,3,378,257,29,151,710
664,661,304,388,19,685,1126,639,1366,394,769
665,856,1355,626,568,534,590,1149,711,1218,677
666,597,922,1047,1033,777,834,932,857,842,599
667,810,1128,709,875,997,420,1262,879,312,556
668,510,412,187,1154,782,518,913,991,857,1047
669,1355,626,842,1107,556,1327,1330,1352,422,348
670,131,567,547,950,46,749,1131,369,356,350
671,530,943,908,602,1082,415,525,733,144,86
672,1087,905,911,1372,544,847,679,337,426,18
673,1271,221,590,853,312,1304,187,784,1273,1313
674,556,626,392,1211,728,611,1327,1355,414,1113
675,887,888,659,535,1241,651,1352,736,734,154
676,448,616,1127,1189,1097,398,1145,727,1209,738
677,1155,1149,1185,769,568,1375,850,710,665,977
678,648,647,1072,1136,863,389,822,383,823,1192
679,640,192,822,383,442,268,116,337,1376,1331
680,857,724,660,1093,1143,1149,782,1092,834,780
681,1250,1099,858,821,750,1230,1046,727,1038,1360
682,188,581,183,1349,553,1124,232,204,823,1162
683,723,363,840,545,581,718,1113,713,626,197
684,373,484,479,563,775,1213,1378,1266,612,1327
685,1217,928,859,664,1107,225,149,446,1306,1162
686,3,1150,270,1265,618,1349,1376,1206,744,971
687,186,740,1224,926,850,633,422,347,1330,728
688,740,958,1356,959,1349,1357,743,706,1315,954
689,772,14,797,792,786,275,791,926,806,1361
690,158,217,92,695,34,995,1324,1219,324,156
691,1152,1302,1162,473,1382,696,389,1202,985,1151
692,1256,579,823,1162,521,1324,465,1224,1202,1306
693,1265,1051,459,240,966,1053,862,1038,985,1122
694,14,198,1276,1321,1191,146,947,745,1003,558
695,92,158,690,217,34,995,1349,823,965,1162
696,1152,1176,1080,1162,691,1213,1349,388,863,1224
697,1262,1260,1349,714,433,109,334,1213,1062,1266
698,806,482,336,181,186,201,925,239,312,326
700,953,1303,957,1006,1139,1319,340,1037,951,955
701,715,772,1383,365,1213,392,584,721,926,746
702,610,1107,136,955,1191,556,956,1363,952,958
703,629,143,719,986,1099,762,142,201,860,225
704,749,1131,1349,581,734,555,574,1123,553,568
705,1374,910,414,909,620,161,857,122,1354,934
706,1356,1357,69,662,973,343,1313,585,688,565
707,1377,823,1181,1213,722,1375,19,1361,422,1112
708,1178,914,851,662,1295,1216,1180,1327,912,996
709,997,1154,1270,1128,1032,1049,1262,667,939,503
710,663,731,378,151,177,557,29,1126,225,1091
711,1313,420,422,1093,1015,369,746,340,912,1213
712,1183,1049,755,1377,955,1227,122,783,422,1378
713,938,1073,1120,157,1168,792,683,791,66,319
714,433,1260,1262,1171,697,1377,109,834,837,380
715,701,740,772,1319,1349,721,1354,1068,1318,1322
716,176,792,791,795,1365,504,563,1325,955,422
717,854,486,782,205,510,626,187,382,746,668
718,723,363,787,325,491,897,683,840,255,1219
719,821,1245,1121,460,182,1122,1266,1265,283,1180
720,1370,889,885,1319,958,589,740,798,925,1322
721,1336,948,814,951,802,813,1161,556,1355,715
722,1105,546,1045,1338,553,1001,1361,515,1301,525
723,683,363,840,718,545,1219,1266,392,1211,731
724,972,1106,1022,1335,680,1149,842,660,849,920
725,752,443,726,286,157,102,1203,531,73,617
726,733,443,896,752,1050,102,61,506,180,725
727,1189,1127,676,1097,398,736,918,896,733,738
728,439,1262,534,584,11,819,218,589,1147,356
729,1160,1340,1326,1332,1108,1342,422,1334,792,1137
730,376,469,737,735,765,471,339,763,1380,372
731,710,993,723,1213,711,1266,718,1107,955,1375
732,657,1073,177,219,1362,821,29,1009,1234,254
733,726,1134,1050,506,923,727,896,1201,644,61
734,1241,675,659,887,888,154,945,1131,535,749
735,730,765,763,737,471,469,376,821,1380,654
736,675,887,888,727,1189,659,734,1241,1112,676
737,339,730,998,376,580,520,469,256,1381,471
738,1097,1127,1189,398,676,788,1166,727,1066,1209
739,243,774,750,1108,203,252,971,1275,523,363
740,688,743,715,541,804,633,687,360,422,491
741,609,355,280,310,327,187,311,108,360,326
742,652,1050,1042,995,923,61,822,425,506,492
743,740,889,959,1316,91,589,658,804,326,958
744,981,1219,1042,1353,548,686,750,410,149,1266
745,1298,262,793,802,755,803,1262,1321,581,1159
746,1149,422,596,71,946,600,1374,601,597,1096
747,357,215,22,190,625,353,882,1036,1377,507
748,1168,1169,815,1298,818,1165,956,955,1333,1334
749,1131,704,1123,670,734,330,762,976,1113,602
750,1372,38,1229,161,739,641,1208,105,50,744
751,508,437,527,451,522,968,989,963,550,528
752,1245,726,725,1050,1192,425,866,896,61,506
753,182,1122,475,460,627,1306,455,1265,324,719
754,1005,1293,877,513,17,1065,656,1313,769,269
755,1309,955,417,956,846,834,503,848,712,745
756,446,643,1256,998,389,1353,1248,1380,1026,1382
757,165,174,1035,212,117,906,589,204,1233,1252
758,782,1093,780,1094,566,1015,660,607,380,1091
759,627,1312,449,1137,410,454,489,439,381,272
760,588,1060,1200,589,1327,422,1207,1219,728,1245
761,1177,623,1121,617,1245,676,435,549,1376,1378
762,1263,726,308,703,1050,506,896,886,923,821
763,765,471,898,896,644,425,506,180,372,730
764,1116,920,1218,575,495,929,1174,517,1348,921
765,763,471,730,735,580,339,1202,469,1090,376
766,1070,936,1368,829,1133,1266,1245,579,822,821
767,485,466,493,586,632,655,1188,1245,481,317
768,1002,1037,953,892,279,366,1139,359,899,1221
769,1375,389,332,590,651,189,1374,1186,1066,677
770,771,1355,1325,626,413,563,1359,1059,1383,899
771,770,899,1348,1002,556,1377,892,855,1363,768
772,1361,689,701,715,721,806,897,620,743,797
773,947,958,957,1322,954,1319,817,804,558,1303
774,1169,1298,818,785,1165,739,514,748,776,815
775,618,484,373,479,684,612,92,789,1203,555
776,488,482,996,201,56,784,1313,1019,849,1293
777,779,793,785,604,1061,666,786,387,1013,597
778,380,770,353,771,46,605,1273,1313,822,1307
779,777,792,791,1354,1349,597,1322,1234,793,1224
780,782,758,1091,660,420,1094,946,380,566,680
781,901,974,845,841,843,838,836,400,1383,438
782,1094,758,913,780,1091,1093,566,854,946,600
783,1149,903,556,1355,626,1227,1049,758,392,902
784,853,912,776,583,849,1019,996,1313,1295,851
785,777,1019,46,748,849,1169,131,1313,776,547
786,1061,793,604,777,11,513,1013,387,689,13
787,718,255,1203,325,850,443,785,622,31,356
788,1305,1127,1189,1166,1097,738,398,676,727,212
789,308,775,1330,1195,1149,873,860,389,1378,746
790,383,870,868,975,98,970,337,1141,1302,1122
791,792,1106,91,614,802,779,275,656,803,813
792,791,1106,614,802,779,275,656,803,813,99
793,1061,777,604,803,786,1312,1013,1349,745,792
794,1349,91,885,478,658,633,1292,200,1220,1224
795,799,797,716,176,792,802,115,9,791,803
796,198,421,1320,156,240,1339,925,1319,342,797
797,798,801,799,795,9,689,364,796,1197,529
798,797,336,321,482,534,832,201,181,11,223
799,797,1354,795,873,878,792,860,835,791,852
800,614,792,791,377,482,1210,859,774,350,396
801,797,1161,795,798,800,1038,799,1076,352,418
802,813,1336,1349,1354,792,1343,791,1161,721,745
803,633,572,431,805,793,570,792,791,316,478
804,1312,1370,953,927,1367,743,614,740,1046,351
805,572,570,431,803,303,316,478,633,251,976
806,649,1349,698,948,743,281,379,1316,772,797
807,1258,1359,1085,1242,770,556,1355,1197,960,1249
808,330,994,1288,931,944,991,1004,833,1267,892
809,808,1383,728,1366,232,770,330,418,422,664
810,667,1128,875,15,1262,329,804,879,312,709
811,638,1317,925,1322,1321,1371,1319,1314,1354,792
812,487,951,1359,958,991,1288,134,944,511,994
813,802,1336,1343,792,791,1161,721,1318,795,818
814,953,817,951,377,1129,892,948,1323,954,491
815,748,818,1169,1168,1165,1298,1334,1333,1166,785
816,1064,457,818,1229,748,474,1298,1194,1132,1165
817,954,814,953,948,958,957,610,1303,523,1104
818,1169,1168,748,1165,1298,815,1166,1333,1334,1355
819,556,626,603,1036,1377,955,1191,728,1363,849
820,883,937,823,1256,886,1234,647,1219,579,1349
821,537,1077,1237,719,823,61,1232,874,116,867
822,172,1192,1334,1245,1053,1222,554,679,578,92
823,544,936,1232,579,1256,821,165,630,158,573
824,1248,389,821,616,1231,1162,1190,345,423,919
825,494,665,192,822,1365,712,1383,389,639,775
826,827,868,970,1266,862,975,1265,821,1219,654
827,826,862,970,868,1265,969,1051,1000,823,693
828,1048,1327,591,571,1019,929,1066,1013,921,1330
829,1070,936,840,1162,1256,821,192,1354,30,766
830,930,650,1034,651,990,585,792,791,1028,1023
831,1170,1285,1189,1127,591,736,727,1305,1353,916
832,321,564,563,413,798,1325,534,1128,523,997
833,808,994,991,1288,1112,1117,944,1140,1004,330
834,846,837,1143,439,494,519,848,1036,1308,584
835,377,559,839,354,361,582,658,359,799,1367
836,838,843,841,845,781,974,901,400,993,401
837,846,834,848,842,519,1238,1058,1258,1143,661
838,836,843,841,845,781,974,901,400,444,1253
839,835,559,377,354,582,658,361,1267,944,994
840,723,683,829,1070,363,718,936,545,942,1377
841,838,845,843,974,836,781,901,993,661,951
842,1258,846,834,848,582,669,329,837,1024,1238
843,838,836,841,781,845,974,901,942,1312,993
844,847,344,876,1330,879,1235,16,672,71,141
845,841,974,838,781,843,901,836,1124,1266,400
846,837,834,848,842,661,755,864,1143,1227,516
847,844,344,876,879,1235,16,672,71,1330,1126
848,837,846,834,842,564,1325,1143,1059,1092,1091
849,972,1022,785,1313,1106,1019,776,784,1013,819
850,567,1091,1155,569,131,1092,1096,512,543,547
851,1178,912,1216,996,1295,914,708,356,857,583
852,1348,1023,1162,1234,768,1224,964,860,1137,1160
853,784,1272,1310,1373,673,488,861,1019,583,849
854,717,205,782,983,668,187,510,728,1273,518
855,771,589,421,597,232,1262,67,1291,230,593
856,929,575,920,1013,1377,547,1218,665,1126,1272
857,510,996,1100,343,1093,131,680,851,356,600
858,681,1250,1099,861,1327,1200,987,844,422,1090
859,233,1217,1068,519,928,685,1327,517,878,792
860,878,1068,519,746,799,611,233,422,1327,852
861,876,879,356,131,547,1310,881,246,853,858
862,970,827,1265,868,975,1000,1122,1051,969,826
863,1072,1176,1080,647,1136,678,696,1245,822,1381
864,846,1355,583,516,769,1068,519,1375,1092,784
865,1078,1026,643,1381,147,1376,886,430,1267,1263
866,1225,1268,617,1203,752,286,1376,1038,453,1306
867,874,1306,880,821,1188,1245,481,1302,822,1206
868,970,975,862,827,826,1122,1000,790,870,969
869,520,372,871,317,1181,164,966,1376,1353,471
870,790,1245,868,821,975,383,970,1207,822,1301
871,869,372,1354,520,1224,1322,274,1234,1321,1348
872,346,281,951,797,1349,794,792,799,791,1348
873,799,622,1094,1149,624,746,860,878,629,660
874,867,880,821,1302,640,1266,1380,1376,1368,1245
875,1061,792,667,1107,604,791,793,810,571,1013
876,861,879,129,847,1373,844,881,1310,1235,1111
877,1005,754,1065,1293,1224,656,17,1208,1172,269
878,860,233,1068,519,799,611,859,873,556,1355
879,881,876,847,861,71,246,844,1235,1313,1111
880,631,874,867,1353,62,640,1380,1150,966,317
881,879,927,1017,1373,876,1313,861,246,1235,847
882,422,1270,1049,792,511,791,774,1032,1128,815
883,820,521,937,1172,887,1162,389,1241,741,149
885,1370,889,1312,1349,794,720,1367,1377,925,1318
886,1026,1078,1263,820,918,450,762,1236,1306,446
887,888,675,1241,659,535,154,651,734,945,736
888,887,675,1241,659,535,154,945,736,734,52
889,1370,885,1104,743,1349,1139,959,720,128,113
890,1274,575,920,929,856,534,1174,1218,921,728
891,986,1094,983,1313,1149,420,173,746,1200,1283
892,994,931,944,1004,1288,279,814,991,1002,951
893,932,991,1041,237,1361,668,251,1004,1288,1025
894,964,992,527,968,1110,528,751,979,437,989
895,1271,590,894,1245,1054,917,995,1330,1299,1282
896,506,644,425,919,923,1050,492,61,898,726
897,491,325,718,620,772,307,656,1224,352,1375
898,896,425,644,537,923,506,635,763,1050,492
899,556,771,940,1355,626,1002,892,768,770,279
900,1194,1064,537,1098,457,448,1055,536,1229,1281
901,781,845,974,841,838,836,843,400,1124,207
902,903,911,905,1345,1372,426,906,1135,1087,1368
903,902,906,911,905,783,1266,1372,823,1345,1219
904,1007,273,1368,1266,1306,1219,1124,821,444,823
905,911,1372,1345,1087,1135,902,426,1252,903,1167
906,903,1035,902,1247,757,937,907,1345,1231,1253
907,937,1331,906,1245,822,1000,621,1302,1222,192
908,910,943,530,909,671,144,823,1113,1006,525
909,910,908,1374,934,705,1124,315,1006,1234,1253
910,909,908,1374,705,1113,161,1006,414,1234,525
911,905,1345,1372,902,1087,1135,426,903,1252,1368
912,1147,221,583,851,613,1091,915,914,1079,784
913,1094,782,1093,1091,668,1015,746,660,1095,1021
914,915,1178,912,708,851,1375,1242,660,1216,1158
915,914,221,1147,912,420,1094,1079,1313,613,996
916,3,270,447,256,454,1150,973,443,38,51
917,895,1244,1204,921,402,1282,1240,1010,1066,226
918,1097,1189,1127,966,727,676,963,1026,738,886
919,425,896,506,644,923,1050,492,1126,898,61
920,1174,575,929,921,764,1218,495,856,890,1204
921,920,1174,929,575,1067,1218,255,981,890,495
922,1047,1033,666,1059,173,1024,932,220,1003,1313
923,1050,506,644,896,492,425,898,199,61,919
924,1349,1187,86,1080,696,1202,1201,422,388,794
925,9,262,811,529,1002,91,347,633,777,698
926,1177,467,53,164,186,696,701,373,689,484
927,881,1312,947,1017,804,11,1367,336,958,488
928,1217,1328,685,859,1327,1063,935,933,19,1330
929,856,920,575,1377,921,890,1013,1174,1218,1379
930,830,650,1034,651,990,585,1028,1023,887,947
931,994,808,944,991,1004,1288,892,330,990,1267
932,1003,1062,1033,893,922,131,251,1093,1047,857
933,1328,935,1071,1063,937,1053,459,1076,5,928
934,909,315,1349,590,930,1034,1271,1374,276,705
935,1328,933,1063,937,169,1305,1353,1133,1256,1071
936,1070,823,829,1368,579,1266,766,463,902,1153
937,907,1301,1328,935,1076,822,820,933,1193,192
938,1073,713,1120,157,319,1168,68,668,1066,1085
939,1154,1032,709,503,1262,1270,997,1049,1128,499
940,131,899,547,606,1093,369,670,660,279,567
941,1021,131,594,670,1091,340,746,547,1066,382
942,993,1045,438,377,315,843,168,229,414,840
943,671,530,602,908,415,525,144,422,320,955
944,1004,994,1288,991,931,808,892,1267,330,990
945,1241,887,1081,888,659,734,535,675,52,154
946,566,596,1149,608,950,660,1094,595,1091,746
947,960,558,927,773,378,1370,953,364,957,1129
948,952,951,817,377,570,814,106,1323,954,1104
949,131,547,594,595,567,950,46,599,350,593
950,566,608,131,946,600,1017,596,1093,567,547
951,948,814,892,106,1139,72,721,1037,377,812
952,948,106,954,72,136,564,1169,748,958,377
953,814,1037,1139,817,954,768,700,1221,804,958
954,817,106,952,958,957,953,610,814,948,1278
955,755,956,748,318,378,379,1106,1377,275,994
956,955,748,379,755,1106,136,1323,1104,1102,702
957,378,954,817,958,700,1321,773,948,1303,106
958,610,954,817,106,135,136,1249,364,957,181
959,743,1314,889,688,136,803,936,1129,427,637
960,947,558,1258,1359,957,1129,1303,954,1312,1319
961,1064,1194,192,1069,437,751,1141,968,522,966
962,971,965,445,317,467,963,821,1245,693,462
963,522,437,968,989,550,508,451,528,992,751
964,979,1110,1255,894,632,992,455,1053,1141,1150
965,444,969,1163,586,962,1305,1075,989,1269,1233
966,1265,455,693,963,918,1121,460,1053,964,256
967,1380,339,1054,520,164,1360,737,1228,256,1057
968,522,989,451,437,963,508,528,751,527,550
969,1134,970,1266,827,1201,862,868,1265,821,1000
970,862,975,868,827,969,1000,1051,826,1265,821
971,962,467,630,686,821,750,375,1230,1009,1301
972,849,1022,1106,1335,724,1313,660,728,1093,1036
973,862,1357,1237,1356,970,450,539,521,706,827
974,845,781,841,838,901,843,836,438,701,1361
975,970,868,862,1000,1122,790,870,826,1265,827
976,1123,1117,1220,1112,649,431,572,1131,1046,1043
977,1078,822,643,1203,677,710,870,672,1219,1245
978,1084,1184,1179,1174,921,1073,1196,920,1067,615
979,964,1110,1255,894,455,423,1301,992,1150,632
980,1077,549,1254,984,1182,1266,653,1306,1206,1368
981,744,1305,920,1042,1066,1204,921,210,1166,788
982,896,1067,923,644,1050,506,492,425,151,557
983,1195,891,986,854,742,995,1005,1065,792,652
984,1077,1254,980,549,970,317,1328,1182,822,1256
985,992,894,1152,437,1053,963,550,693,1110,41
986,891,703,983,792,987,791,1202,967,1149,1282
987,693,792,345,964,791,552,171,898,1064,463
988,1169,818,899,1037,626,1168,570,558,669,559
989,550,522,968,508,451,437,963,528,751,527
990,991,1288,1034,330,830,930,944,994,1004,650
991,1288,994,1004,944,330,931,808,990,833,892
992,423,1053,437,483,894,159,985,963,481,964
993,942,841,335,315,843,529,731,836,572,401
994,1004,944,991,1288,931,808,892,1267,330,833
995,742,92,34,652,690,695,158,1195,1067,895
996,1313,1293,776,851,1307,857,1090,1093,912,784
997,709,1270,1154,1032,1128,503,939,1049,1262,667
998,1381,737,164,520,339,756,643,968,989,451
999,1259,375,1238,1072,1115,1289,1052,1204,1136,270
1000,862,975,970,1265,868,827,1051,1266,969,693
1001,515,722,1029,1348,546,800,942,86,1213,1383
1002,768,892,899,366,359,771,925,1319,279,1059
1003,932,1033,1011,922,1288,833,1191,955,1059,1227
1004,994,944,1288,991,1267,931,808,330,892,1349
1005,877,754,1293,656,1065,389,1382,17,1131,269
1006,1241,1162,1124,382,823,52,340,908,1230,700
1007,904,273,182,823,1122,1219,1069,1266,1230,1265
1008,34,48,1050,383,1248,456,1225,460,43,1244
1009,469,1223,630,451,1071,472,644,676,520,164
1010,458,970,284,1122,338,975,1253,862,618,1229
1011,523,354,280,252,1148,433,1104,112,279,1003
1012,968,1119,989,550,487,522,451,963,528,508
1013,1061,793,856,849,929,785,777,604,786,1307
1014,1016,1015,1369,1094,1149,1066,565,601,1313,660
1015,1031,1016,605,1094,607,567,758,594,1014,711
1016,1014,1015,660,1094,1149,340,131,593,1091,746
1017,566,950,608,596,1094,946,881,595,594,593
1018,603,1022,607,602,605,1147,1015,369,955,566
1019,785,849,776,1313,784,441,583,853,1373,828
1020,1117,649,1112,1348,1140,1144,190,1220,1043,1196
1021,941,594,1094,660,1093,1149,746,1091,950,1015
1022,1106,972,849,1018,1335,1036,724,422,603,1313
1023,968,989,528,852,1224,451,522,509,1034,930
1024,1103,1058,922,842,379,892,1047,1059,1288,1033
1025,1046,344,625,857,668,893,189,1149,681,1092
1026,886,643,1078,461,865,149,1354,918,484,684
1027,529,364,432,397,490,523,957,1321,1348,499
1028,930,1034,1089,1102,1130,830,650,612,1253,392
1029,653,1162,1001,86,52,823,696,515,1275,19
1031,1015,1094,1091,1369,512,660,758,606,1093,420
1032,1154,1270,709,997,1128,1049,939,1262,450,523
1033,1047,922,1059,666,932,1003,487,220,251,173
1034,930,830,650,990,651,1028,1023,585,1355,1107
1035,906,1247,757,1231,1345,422,1093,1160,1124,1266
1036,565,834,1159,584,439,1022,819,267,1336,568
1037,1139,953,1221,768,814,951,948,700,988,817
1038,167,693,463,945,905,1167,1306,936,254,1122
1039,1222,821,1245,579,1202,1207,480,1069,1228,1368
1040,1083,1107,86,532,224,352,1309,834,1355,842
1041,1060,1081,893,1080,1170,1190,432,249,1107,416
1042,652,742,548,744,981,995,921,1010,1376,686
1043,1220,1117,1112,649,556,1140,626,1300,394,976
1044,1191,582,354,1108,899,359,242,760,1002,1323
1045,546,1338,1344,722,1105,942,1141,1349,581,192
1046,1112,1140,1117,1220,1300,976,649,1025,1368,833
1047,1033,922,1059,666,1058,220,173,932,1024,582
1048,828,1094,834,1143,1036,1144,746,842,1258,1015
1049,1154,1270,709,1032,422,997,955,939,1262,1058
1050,506,923,644,896,492,425,61,726,898,919
1051,693,970,862,827,868,1000,969,1265,826,240
1052,1289,1205,788,1259,447,1305,392,444,999,66
1053,100,468,481,459,992,159,423,5,6,256
1054,590,967,331,895,1149,1330,1271,1282,1378,1209
1055,1126,1064,1281,1194,616,457,448,474,1229,900
1056,1133,1368,1269,1243,1188,1245,1302,822,1301,823
1057,1038,1109,119,573,252,1148,570,354,726,730
1058,1103,1024,1047,837,1143,1049,1033,1059,842,556
1059,1047,563,1033,922,564,1325,770,582,413,611
1060,474,760,457,1194,1064,588,1229,1281,1041,1190
1061,793,604,786,1013,777,11,513,387,875,955
1062,1148,1093,932,1092,1323,834,556,422,379,857
1063,1328,1064,935,1194,1069,1327,933,1281,630,169
1064,1194,1281,474,1229,457,1055,1063,616,900,1060
1065,1005,1066,754,877,17,1286,1379,1293,192,1194
1066,381,1282,1067,1097,249,1281,1065,941,738,769
1067,1066,587,982,373,381,921,1184,995,1149,1379
1068,233,519,611,859,878,860,1214,575,517,1066
1069,341,1064,961,1063,1162,398,389,1270,249,651
1070,829,936,766,840,821,1132,1306,30,192,1088
1071,933,256,1050,506,823,159,1328,1053,896,1306
1072,647,863,1136,1080,678,1349,1176,648,999,422
1073,938,713,1120,157,1074,389,732,319,68,978
1074,1196,1073,612,1089,333,615,618,500,1203,325
1075,1354,1127,1097,1069,738,1124,788,1266,821,823
1076,1088,1301,497,268,423,59,1243,192,435,266
1077,980,984,549,1254,821,1245,1222,822,1358,1380
1078,977,865,1263,1026,886,643,96,1261,1268,762
1079,912,915,1149,996,746,1216,1311,914,784,709
1080,1176,863,696,1072,1041,1187,1284,924,1354,1259
1081,659,945,1082,1241,675,389,535,887,734,1041
1082,1170,1081,671,1172,1199,389,530,189,908,393
1083,1040,532,1186,1138,86,769,389,224,1162,1375
1084,978,1179,1184,621,1214,1207,1181,821,1036,1187
1085,807,1066,381,591,508,510,668,738,499,1171
1086,1204,36,982,1174,251,1159,525,1305,151,1113
1087,905,911,1372,426,1135,1345,1252,672,1269,902
1088,1076,497,240,1301,1264,423,100,435,192,1070
1089,1200,402,1028,1163,282,231,612,1074,1090,1207
1090,565,596,996,1180,518,412,221,765,71,439
1091,1093,1094,1095,946,782,912,850,913,593,594
1092,600,340,850,1288,267,611,1091,1062,1308,946
1093,1095,1091,758,1094,950,600,913,543,369,566
1094,782,913,1091,597,221,1093,946,595,593,594
1095,1093,1091,1094,1108,599,1015,949,574,913,594
1096,569,660,613,518,746,543,850,1094,1313,1092
1097,1189,1127,738,676,1166,918,727,1204,398,788
1098,900,1145,821,1055,1358,1126,1219,389,536,1141
1099,1250,681,821,858,1245,703,1222,1230,317,822
1100,1290,857,1143,1284,626,660,661,668,1275,1375
1102,1130,1028,956,948,251,1086,660,352,951,955
1103,1058,1024,1143,1049,1375,556,1033,1093,565,582
1104,1139,113,128,889,948,1011,106,108,817,956
1105,722,1224,1338,192,1045,823,1162,546,581,1349
1106,1022,972,792,955,791,1335,724,849,956,422
1107,702,244,1326,318,955,669,1040,556,899,1355
1108,955,1160,729,834,1191,1095,1137,1093,1107,556
1109,592,754,231,1057,252,314,410,145,417,1313
1110,979,964,1255,894,1245,455,1256,1357,985,1301
1111,876,1283,879,1279,1271,1107,1149,1115,1147,1313
1112,1117,1220,649,1140,1300,1043,1046,976,833,190
1113,1165,320,908,36,513,525,910,1075,1152,394
1114,823,1162,1234,1151,446,1256,1124,1224,389,1172
1115,1238,1227,1216,999,851,1307,1111,1259,1090,1109
1116,517,764,523,394,277,146,857,1383,661,361
1117,1140,1112,1220,649,1043,1300,976,394,833,1173
1118,1269,454,661,515,1081,1383,1361,1160,729,1352
1119,1012,217,352,771,842,175,1381,389,926,1267
1120,1376,938,823,713,1073,1266,1354,1132,1141,1306
1121,1122,283,1265,719,182,1177,966,821,1376,623
1122,1265,475,868,1121,862,182,975,970,753,693
1123,1131,976,749,670,704,734,1220,1117,1234,330
1124,1006,422,313,144,909,550,746,845,904,1075
1125,475,1234,446,455,1122,1153,1256,149,887,389
1126,1055,99,1127,919,23,448,506,1180,856,158
1127,1189,676,1097,727,398,738,1166,788,1145,576
1128,810,1262,709,667,1270,997,1032,1154,939,728
1129,814,953,1315,948,952,610,954,136,960,564
1130,1102,1028,1358,1126,1207,352,955,821,1200,1375
1131,1123,749,704,670,734,1365,1005,1234,1275,976
1132,497,1301,1152,192,254,58,1070,470,1134,423
1133,1368,1056,579,821,1301,1328,552,936,935,464
1134,1201,969,1306,1138,733,1132,1305,823,1162,821
1135,1372,911,905,1087,1345,426,1252,902,1167,1269
1136,1072,647,863,678,446,1230,317,648,1256,750
1137,759,449,627,1160,410,454,1108,272,852,1038
1138,1134,1201,1083,969,733,1375,924,1383,698,532
1139,1037,1104,953,1221,951,768,106,889,814,113
1140,1117,1112,1300,1220,833,649,1046,1043,487,190
1141,964,6,751,481,1152,47,497,1192,59,961
1142,1159,1157,1158,1156,1333,141,78,538,201,1307
1143,625,834,519,267,1156,1159,329,848,113,118
1144,565,582,152,1048,834,1090,1020,724,131,1036
1145,676,1127,345,1098,472,1097,1189,1055,1164,1264
1146,420,1091,660,1093,1143,661,1094,746,392,1090
1147,912,613,369,915,518,221,1313,1290,1279,1018
1148,1062,1323,379,1011,354,1250,954,1038,794,1057
1149,946,746,783,314,1374,1235,1238,251,417,1016
1150,1255,964,270,1194,472,979,1064,457,686,474
1151,636,530,119,304,337,473,1006,734,195,945
1152,691,696,985,1132,1141,823,1256,1162,1192,1224
1153,463,1252,579,552,821,936,823,1256,1162,1202
1154,709,1032,1270,997,1049,1262,939,1128,1091,668
1155,1185,660,1094,850,677,746,625,1091,512,1149
1156,1159,1158,1157,1142,1333,834,1143,1092,1036,1149
1157,1156,1159,1158,1142,1333,660,1377,141,1092,1308
1158,1156,1157,1159,1142,1333,1094,1313,914,660,915
1159,1156,1157,1158,1142,1333,1036,834,1143,565,728
1160,729,1108,1137,515,1348,852,1118,1336,1343,802
1161,1336,802,813,1343,721,801,1326,1332,1340,1361
1162,1006,389,52,154,691,692,1202,521,829,1241
1163,1305,94,443,226,1089,965,102,612,210,73
1164,472,655,505,1179,261,249,1190,1145,1150,1231
1165,748,1169,818,1298,1168,815,1334,1166,1333,1113
1166,1097,1127,1165,1169,1189,788,748,818,1298,1168
1167,905,1372,911,1269,426,1345,823,1087,1056,1135
1168,1169,748,818,1165,815,1298,1333,1363,1166,1303
1169,1168,818,748,1165,1298,815,1166,1333,785,1334
1170,1082,831,1041,1280,1038,1080,1199,1126,420,1081
1171,1260,433,714,1262,1085,697,1066,1200,109,412
1172,1190,883,461,1060,1082,572,449,741,808,302
1173,1117,1223,1220,1297,1112,184,646,190,649,1043
1174,920,921,1204,575,929,1218,495,1282,1219,764
1175,341,792,1282,791,1176,20,177,1066,381,1178
1176,1080,863,696,1175,1126,1072,1282,1207,1259,1204
1177,623,761,1121,617,725,1282,926,1266,520,549
1178,851,1295,708,662,914,1216,1242,912,583,996
1179,1084,1164,505,472,621,619,655,587,249,978
1180,1090,719,708,182,746,1126,1313,1182,1265,1207
1181,1301,1188,164,869,520,1243,1222,1076,1132,1192
1182,1245,317,1076,822,823,821,984,1376,19,1207
1183,1193,612,712,122,420,593,1219,1353,792,791
1184,1237,621,1084,1067,978,539,1330,202,1179,1358
1185,1155,677,1186,1358,1063,918,1162,850,1302,1236
1186,919,769,1083,1185,1347,332,532,198,391,521
1187,924,1162,1080,1176,1189,1089,1186,1280,1127,1097
1188,1243,58,654,423,100,59,435,481,159,1076
1189,1127,727,1097,676,1190,398,738,1166,918,788
1190,1189,1172,616,676,398,1231,576,1127,1164,1150
1191,1363,626,819,1169,702,1108,523,1168,507,1323
1192,822,1332,630,573,171,1328,1331,1053,964,1378
1193,587,1331,619,1301,428,1183,493,121,192,479
1194,1064,1281,1229,457,474,1055,616,900,1060,961
1195,983,1299,995,1196,742,578,1219,1331,652,728
1196,1074,612,1195,333,1043,1228,1089,1112,121,317
1197,1258,1359,1154,1342,1049,1032,955,1309,327,1270
1198,322,1246,1247,298,1206,1368,1266,1376,1378,1306
1199,1081,32,1082,945,189,769,389,110,1149,1162
1200,760,1089,575,20,708,1068,565,501,651,402
1201,1134,969,1138,457,733,823,1194,1229,576,1064
1202,1162,579,765,458,457,619,1282,524,58,61
1203,531,621,866,1268,167,725,1263,57,286,526
1204,1097,151,1174,226,920,1086,1339,1305,1066,381
1205,1229,1052,1064,1194,1281,474,1264,1266,1289,457
1206,1219,451,1266,621,1357,469,1198,867,554,1120
1207,1087,343,1209,651,416,870,44,99,1127,1182
1208,1256,149,823,1234,750,1230,877,821,1224,1306
1209,676,1263,1189,792,1127,1207,791,1097,727,738
1210,416,389,728,800,1349,419,342,1354,250,769
1211,1233,1337,1287,1249,1221,1339,1239,229,1348,556
1212,1378,1193,1301,823,1132,562,446,1282,1376,505
1213,1348,133,225,746,422,1211,1337,585,135,675
1214,1283,1068,331,1066,519,1084,1379,233,1282,859
1215,1232,1246,1239,456,1219,1256,1266,823,116,1306
1216,1295,851,1178,914,583,708,912,1079,996,662
1217,928,859,685,422,857,792,1140,1343,791,513
1218,920,575,343,495,764,929,1174,856,921,1235
1219,1266,744,447,272,612,826,1206,1372,235,236
1220,1117,1112,1043,649,1140,190,1300,976,1046,833
1221,1037,1287,1337,1211,1249,1139,1233,953,1239,768
1222,1245,822,992,423,1053,468,59,240,1301,159
1223,1297,444,1173,1231,1009,1236,1206,1368,1353,451
1224,1105,1234,581,91,1349,1299,168,186,318,871
1225,866,617,1226,1008,453,1228,1203,1268,1244,286
1226,1225,1010,283,1240,1070,101,1008,338,1073,742
1227,417,1238,1115,846,783,712,848,755,1003,875
1228,460,467,4,256,936,447,463,1038,524,47
1229,1194,457,1064,1281,474,1205,1055,1060,616,900
1230,1232,522,1269,273,47,254,457,821,1006,823
1231,1248,472,1035,1223,1190,1376,1164,1245,1247,505
1232,1215,1239,1246,823,1230,821,1245,1266,1376,456
1233,1211,1337,1287,1249,1239,1221,1339,229,1235,117
1234,1224,37,573,823,138,1165,272,1246,388,320
1235,1149,1337,1211,246,847,422,1313,879,876,1233
1236,1268,1223,1306,1358,821,822,823,886,1231,1162
1237,539,477,1245,821,641,1266,1368,621,822,973
1238,1115,1149,834,1227,842,837,1313,660,999,1091
1239,1232,1215,1337,1211,1287,1233,1249,1221,1339,1246
1240,1226,965,50,444,917,477,981,586,334,1204
1241,659,887,675,888,154,535,52,945,734,1006
1242,1258,1279,1249,1178,1359,914,807,851,708,1295
1243,1188,423,1301,1076,992,481,437,159,59,6
1244,166,628,460,917,1008,442,47,48,1228,256
1245,752,1237,822,1110,1182,1222,719,59,870,1232
1246,322,1215,1232,1253,1198,1234,1256,1239,456,1247
1247,1035,1198,322,1189,1097,1231,1345,906,676,1127
1248,824,1231,477,823,1237,1266,423,1008,821,1190
1249,1211,1233,1337,1287,1221,1239,1242,958,1339,1359
1250,681,1099,858,1234,1148,1306,1011,1321,1057,1038
1252,911,1372,1087,905,1135,463,426,1345,1153,902
1253,1246,1371,902,138,1010,906,911,1372,282,27
1254,1077,984,980,549,1380,317,446,1256,1353,643
1255,964,979,1110,455,1150,894,632,992,1053,1353
1256,692,823,521,446,544,1110,1208,829,1246,450
1258,1359,807,842,1197,1242,1249,960,837,770,834
1259,999,375,1289,618,1301,1353,1066,1052,192,1219
1260,433,1171,1262,697,714,1256,1141,1305,109,444
1261,248,199,161,1230,1078,1213,1243,1266,821,249
1262,1128,626,1154,728,697,709,1270,1260,1032,939
1263,1078,1209,1268,762,886,966,1203,918,725,389
1264,1097,192,1076,1088,1205,1301,1064,1055,1243,457
1265,693,862,1122,966,827,1000,1121,970,1376,182
1266,554,969,826,1219,653,1237,544,936,823,989
1267,1004,994,944,808,1288,991,330,931,1377,892
1268,866,1263,1203,286,1236,526,617,1078,1381,1377
1269,454,1118,1087,911,1230,823,426,1358,1167,1266
1270,1154,997,709,1032,1128,1049,1262,939,792,1069
1271,590,673,507,895,1273,1307,1291,1313,1111,1054
1272,1310,1273,853,1313,876,1373,856,1079,626,593
1273,1277,1272,1291,1296,56,1310,1304,46,1271,1307
1274,890,1203,420,1094,1379,231,333,1200,392,1109
1275,1131,704,151,235,902,282,701,905,944,903
1276,9,1367,132,1279,262,694,795,1329,811,1320
1277,1278,1273,11,1140,1307,1313,1235,1057,201,56
1278,1277,954,11,1140,814,948,817,952,958,1315
1279,1297,1242,1147,1290,1224,1276,1320,1321,1111,1049
1280,416,792,987,955,500,791,1374,1106,1187,1130
1281,1194,1064,457,1229,474,1055,1060,448,900,1205
1282,1066,381,1341,1097,121,1281,210,1175,249,1063
1283,1214,1149,746,556,1355,1111,420,1327,1094,1015
1284,833,1117,944,991,994,1004,1080,1100,1112,1176
1285,591,831,221,746,613,915,1147,828,1313,912
1286,1377,955,1295,1065,728,1213,534,1313,1107,1287
1287,1337,1211,1233,1249,1221,1239,1339,1363,229,1235
1288,991,1004,944,994,808,330,931,892,990,1267
1289,1052,1205,1259,1302,1202,999,446,1086,1132,1162
1290,1291,1100,1147,1279,1313,1091,1093,380,1297,1049
1291,1290,1273,1313,380,1330,1271,357,855,56,1293
1292,1326,1332,794,1340,1334,396,422,1342,556,1355
1293,1005,996,754,776,1313,877,1330,269,1065,17
1295,1216,1313,1178,851,422,708,1307,784,914,996
1296,1273,1307,1313,1271,1291,649,1310,673,1272,1293
1297,1223,1279,1173,1147,1126,1324,345,987,1236,1009
1298,748,818,1165,1169,815,1168,1333,745,1166,1334
1299,1224,1195,546,1243,553,1341,895,1188,1338,1076
1300,1112,1140,1117,1220,422,1043,833,649,1046,190
1301,100,497,423,435,1076,1181,619,192,59,1243
1302,385,423,261,691,389,58,435,874,1301,1243
1303,610,558,1168,817,700,748,364,957,994,954
1304,1273,1307,673,1313,1282,1310,422,1066,1327,769
1305,981,788,989,1163,935,1166,226,586,1134,641
1306,867,1134,1357,342,254,1070,1071,1237,338,630
1307,996,1310,1313,56,71,1295,1311,1271,356,1273
1308,834,1092,1143,1149,1156,113,1090,1159,1036,1157
1309,755,834,1323,523,318,378,955,994,379,748
1310,1272,1273,1307,1313,853,876,861,593,856,1373
1311,1313,1307,1079,857,668,1273,746,422,1066,1093
1312,759,804,927,1367,793,885,1370,351,175,551
1313,996,56,71,1295,221,849,518,972,1291,128
1314,959,811,633,529,743,889,318,9,347,418
1315,1129,951,953,610,954,814,106,817,1318,958
1316,743,354,379,377,709,1303,954,1312,806,774
1317,1371,811,1319,1320,1224,1315,19,1321,1126,1234
1318,572,1321,1320,9,813,216,193,262,609,614
1319,1322,1320,1002,1317,720,811,715,700,957,1321
1320,1321,1319,1318,609,397,796,1279,396,1317,1322
1321,609,1320,1318,1322,9,811,364,957,1365,1279
1322,1319,811,364,1321,181,773,9,609,871,779
1323,379,1148,814,948,955,1309,1062,956,958,1011
1324,692,1339,509,690,636,520,447,537,1164,158
1325,563,564,413,611,770,626,1059,848,1355,504
1326,1332,1340,729,1334,1342,1292,1107,1355,1329,1161
1327,1063,1375,760,859,606,113,596,589,708,675
1328,935,1063,933,928,937,630,1192,1071,169,1133
1329,1342,1364,1332,1340,1326,1347,1349,792,791,1276
1330,1333,527,199,844,368,1291,1293,575,141,895
1331,1193,493,1192,992,192,679,937,751,171,250
1332,1326,1340,1334,1192,729,1342,1329,822,1292,1376
1333,1330,1142,1159,748,1298,1157,1169,1168,818,1156
1334,1332,1165,1326,822,748,815,818,1298,1340,1169
1335,972,1106,149,1022,724,1364,1256,1162,1347,521
1336,802,721,1343,813,1161,834,1036,556,1355,728
1337,1211,1287,1233,1249,1221,1239,1339,1235,746,1213
1338,1045,1344,546,1105,722,1299,192,1332,1341,1301
1339,1211,1233,1287,1337,198,1249,1239,1324,1204,156
1340,1326,1332,729,1334,1342,1329,1377,1292,842,1090
1341,1282,1299,1066,1204,1305,1338,1175,1086,1113,558
1342,1329,1326,1332,1340,729,1197,1334,1383,515,1292
1343,1336,802,813,1161,1117,728,1217,721,1112,1090
1344,1045,1338,821,1162,546,1038,1256,389,1325,446
1345,911,905,1372,1135,426,1087,902,1368,1252,823
1346,1351,1324,1200,576,1085,1126,926,1091,392,1170
1347,1364,1358,1329,1375,1186,389,1245,823,1335,821
1348,852,396,1211,1213,74,161,193,771,318,70
1349,91,802,396,654,1004,794,326,578,704,630
1350,1353,1380,270,1141,1228,485,737,1245,317,1301
1351,1346,1266,1245,821,1126,1358,1069,965,823,1282
1352,675,259,258,1262,650,1270,596,819,728,1213
1353,1350,270,1334,3,640,935,447,256,41,880
1354,802,799,91,396,326,779,1075,551,555,1120
1355,611,556,626,563,220,770,669,237,899,120
1356,1357,706,69,317,1110,973,501,1301,585,688
1357,1356,706,585,1306,973,69,1110,1192,1349,821
1358,393,99,1347,651,1064,1269,105,1236,402,1185
1359,1258,807,770,1242,1197,1383,1249,960,1361,1213
1360,520,1368,967,1038,269,1189,617,427,874,685
1361,772,233,330,722,394,1359,991,1118,1140,490
1362,388,438,627,1140,302,1005,530,161,1071,615
1363,1191,1168,1287,626,370,819,1169,771,1139,133
1364,1347,1329,1335,1162,389,1202,1069,316,1302,821
1365,716,1131,589,1321,480,602,951,1267,401,711
1366,330,664,390,809,45,327,1336,611,816,991
1367,1312,361,1276,804,315,366,359,927,835,175
1368,464,1133,1345,1056,936,579,911,463,457,552
1369,1014,598,1031,596,946,601,608,1022,784,543
1370,885,889,804,720,1312,743,817,947,958,791
1371,1317,1253,811,1376,1008,261,445,1219,1151,1228
1372,905,911,1135,1345,1087,426,1252,902,1167,1219
1373,876,881,853,556,1272,129,1019,861,613,711
1374,1375,705,910,422,1149,746,161,909,620,769
1375,1374,769,67,914,946,1327,601,201,746,1355
1376,1120,1265,544,76,1121,48,823,554,1266,283
1377,620,275,955,994,819,1286,356,534,538,600
1378,619,505,562,402,110,249,592,587,1192,1345
1379,249,590,248,331,929,624,441,1066,381,1149
1380,520,643,967,164,339,1254,617,256,150,874
1381,998,520,737,57,339,865,1268,725,149,643
1382,154,88,52,461,1162,691,1005,450,385,33
1383,330,563,770,1359,390,1355,534,701,1375,133
