,emailed,unemailed
525fea18-db1c-451d-9902-469ad4718e13,[],"[757, 875, 318, 388, 627]"
525ff28d-2d28-4cf2-a4d8-468bd4718e13,[],"[841, 228, 410, 836, 110]"
5260234c-9878-4d49-9d26-46b2d4718e13,[],"[424, 713, 284, 545, 154]"
5260f967-7d74-4f6e-9deb-4b7fd4718e13,[],"[424, 713, 284, 545, 154]"
526131a8-dbc8-401b-989a-44afd4718e13,[],"[424, 713, 284, 545, 154]"
526132a9-4280-4cc4-a2d8-42acd4718e13,[],"[2, 3, 4, 5, 6]"
526640ab-ebd8-4593-9749-4002d4718e13,[],"[205, 371, 629, 627, 325]"
52698ff9-0470-47c7-b027-d9c9d4718e13,[],"[412, 49, 374, 436, 568]"
5283a1d7-dae0-4d34-b38f-493cd4718e13,[],"[204, 506, 212, 640, 2]"
5283aeaa-d9e4-46ec-a318-3a1ed4718e13,[],"[550, 719, 630, 4, 148]"
5285d0df-8e34-4eed-8e5f-4ecdd4718e13,[],"[2, 3, 4, 5, 6]"
52860e54-2358-4862-a854-47b5d4718e13,[],"[676, 451, 464, 472, 826]"
528de178-be0c-4af4-9324-4fc8d4718e13,[],"[790, 337, 98, 634, 535]"
528f575a-c6a8-4fdb-9bd7-4662d4718e13,[],"[208, 250, 554, 308, 178]"
5294828a-9ac8-4f9e-8f75-4b14d4718e13,[],"[442, 82, 749, 320, 827]"
529492c1-d5c8-48d0-b411-4410d4718e13,[],"[539, 757, 117, 533, 467]"
52949cdf-6860-496a-83e1-4e3bd4718e13,[],"[497, 580, 208, 268, 183]"
5294de89-09e8-482f-899e-4cfcd4718e13,[],"[701, 787, 121, 204, 624]"
5295c09f-6f3c-479f-9407-46b8d4718e13,[],"[442, 82, 749, 320, 827]"
5296fe22-a518-48c8-96bd-42e0d4718e13,[],"[773, 720, 361, 132, 694]"
5298c2bc-7e58-4bef-9644-4607d4718e13,[],"[634, 866, 756, 30, 82]"
5298c7b1-1aa4-4fe3-b8d6-412bd4718e13,[],"[425, 345, 143, 427, 703]"
5298c8f2-2970-4d88-bc92-41e6d4718e13,[],"[99, 697, 74, 159, 186]"
529b4474-3e0c-4090-8606-4519d4718e13,[],"[536, 121, 110, 324, 619]"
529c3b23-0828-4903-9f75-4950d4718e13,[],"[739, 750, 480, 681, 38]"
529c4713-0df0-4723-bb42-410cd4718e13,[],"[739, 750, 480, 681, 38]"
529c56ba-5694-4862-8123-402ed4718e13,[],"[539, 757, 117, 533, 467]"
529c5ee3-915c-479f-a7cf-427bd4718e13,[],"[739, 750, 480, 681, 38]"
529dd13e-a880-4ef0-bf1a-4d84d4718e13,[],"[313, 676, 766, 51, 679]"
52a0b0e9-0284-488a-a2be-4c43d4718e13,[],"[121, 155, 266, 20, 38]"
52a1a6d3-39d0-457b-aeaf-416ed4718e13,[],"[263, 458, 573, 371, 435]"
52a1c6e3-3fb4-4b34-9530-4c9bd4718e13,[],"[159, 462, 888, 38, 110]"
52a1e381-8f04-422e-85f1-400ed4718e13,[],"[176, 667, 115, 489, 336]"
52a2ba39-953c-4ca7-a2ae-4c9ed4718e13,[],"[268, 493, 122, 110, 199]"
52a5b282-fbdc-42de-ae5f-4124d4718e13,[],"[208, 250, 554, 308, 178]"
52a5e465-2b54-4275-a11a-407bd4718e13,[],"[123, 141, 344, 590, 276]"
52a6e2f2-c948-4be4-915f-447ed4718e13,[],"[208, 250, 554, 308, 178]"
52a6fff7-b4fc-4a73-90c2-4d71d4718e13,[],"[186, 75, 707, 74, 233]"
52a7021a-5dac-4c41-add0-4db7d4718e13,[],"[739, 48, 174, 37, 156]"
52a71c04-4818-4ac6-9d91-4c14d4718e13,[],"[739, 48, 174, 37, 156]"
52a73f7b-fca4-43fd-9383-44ced4718e13,[],"[339, 103, 172, 552, 869]"
52a74a17-f26c-4c98-be5c-4f8bd4718e13,[],"[2, 3, 4, 5, 6]"
52a81864-567c-4110-9c59-476ed4718e13,[],"[701, 787, 121, 204, 624]"
52a835a7-f018-4618-aab8-4f04d4718e13,[],"[229, 94, 410, 392, 283]"
52a84234-8c00-440b-9630-44fed4718e13,[],"[739, 48, 174, 37, 156]"
52a8939e-ea3c-4a82-9f9a-4b0fd4718e13,[],"[637, 118, 418, 599, 758]"
52a9d586-d7a0-43f0-a3e9-4d64d4718e13,[],"[263, 159, 442, 477, 245]"
52ab0a8b-5498-41a5-9bae-2b33d4718e13,[],"[184, 840, 87, 310, 701]"
52aee82a-0470-46f7-b140-4c4ed4718e13,[],"[11, 607, 137, 776, 357]"
52aeecb9-a2cc-4acd-a207-4f78d4718e13,[],"[658, 614, 743, 181, 662]"
52b04720-5cf4-4b40-9ad3-48aed4718e13,[],"[122, 63, 263, 268, 161]"
52b3fe26-61e8-4d11-93e0-4035d4718e13,[],"[574, 738, 248, 137, 807]"
52c2e6ff-dc40-4d75-9875-429ed4718e13,[],"[283, 338, 477, 234, 229]"
52c59f63-d684-4983-adeb-4273d4718e13,[],"[208, 250, 554, 308, 178]"
52ceb7e4-f064-4ab6-b8c0-430dd4718e13,[],"[242, 244, 694, 432, 702]"
52d01965-f260-41e3-aa9b-40cdd4718e13,[],"[628, 266, 458, 48, 581]"
52d95981-254c-4108-9038-493ed4718e13,[],"[2, 3, 4, 5, 6]"
52de8c01-714c-4e67-8eab-4721d4718e13,[],"[133, 44, 2, 3, 4]"
52e0efc5-676c-4f57-9f45-4377d4718e13,[],"[486, 519, 592, 574, 873]"
52e21c7f-6c58-40aa-bf06-9317d4718e13,[],"[789, 527, 360, 137, 368]"
52e28dc9-3df0-4c68-8c0e-4acbd4718e13,[],"[267, 519, 583, 864, 2]"
52e2984e-76e0-457d-95bc-4bb5d4718e13,[],"[739, 750, 480, 681, 38]"
52e7940d-2478-4ad2-abd2-4a8dd4718e13,[],"[557, 361, 132, 614, 135]"
52e799c4-cccc-44cd-9b41-40cad4718e13,[],"[2, 3, 4, 5, 6]"
52f0cd02-1588-409f-aa30-4928d4718e13,[],"[873, 592, 152, 7, 54]"
52f0fc6f-a04c-441c-a737-4b78d4718e13,[],"[529, 347, 262, 588, 745]"
52f12121-1168-4b4b-aa69-4905d4718e13,[],"[790, 337, 98, 634, 535]"
52f224a9-2384-499b-a474-4303d4718e13,[],"[229, 94, 410, 392, 283]"
52f4da04-f9a0-4974-b093-4701d4718e13,[],"[345, 256, 99, 692, 472]"
53063262-91dc-4f83-a2b9-4d6fd4718e13,[],"[517, 499, 226, 490, 503]"
530b4578-38c4-4567-b583-4b24d4718e13,[],"[22, 523, 805, 152, 747]"
530f2b8c-9ee8-48c7-92d8-41a1d4718e13,[],"[588, 2, 57, 449, 735]"
5314613e-7e74-4631-a2cb-4c77d4718e13,[],"[750, 686, 824, 205, 645]"
5314d9d2-2ee4-49de-acef-46dfd4718e13,[],"[208, 250, 554, 308, 178]"
5315a252-a50c-4157-8782-485ed4718e13,[],"[208, 250, 554, 308, 178]"
531ed128-d5c4-41ed-aa36-4798d4718e13,[],"[176, 667, 115, 489, 336]"
532199b9-eaa4-465b-a268-4fded4718e13,[],"[208, 250, 554, 308, 178]"
5321e052-aa8c-454d-8e5d-4f9dd4718e13,[],"[40, 202, 373, 2, 3]"
5326f148-ef50-4dc9-93dc-47e2d4718e13,[],"[808, 705, 303, 413, 330]"
53281c05-e36c-4aec-8d9f-4537d4718e13,[],"[642, 229, 283, 2, 3]"
53285415-3e34-41a0-820d-473ad4718e13,[],"[2, 3, 4, 5, 6]"
532a4687-92a4-4b5b-9d92-4f05d4718e13,[],"[116, 442, 48, 338, 628]"
532a8344-58a0-4b28-bd66-4946d4718e13,[],"[166, 135, 830, 76, 51]"
532c48cf-ec30-42ab-aac3-45c0d4718e13,[],"[718, 591, 510, 668, 367]"
5335567c-21f0-4aed-95d5-4285d4718e13,[],"[31, 731, 274, 166, 701]"
53392dca-6780-495a-81f3-4cefd4718e13,[],"[143, 259, 461, 588, 644]"
533d13cb-ac00-48e2-a395-4464d4718e13,[],"[808, 705, 303, 413, 330]"
533d4d1b-89f0-4606-81ff-4180d4718e13,[],"[797, 795, 798, 808, 722]"
533d7fb5-e560-4ac4-9000-4441d4718e13,[],"[797, 795, 798, 808, 722]"
533e7d61-3370-4a63-8b9f-45a4d4718e13,[],"[797, 795, 798, 808, 722]"
5342ba5f-732c-44d0-acf5-4ffed4718e13,[],"[186, 75, 707, 74, 233]"
5344692a-b9c4-4048-9f92-4d42d4718e13,[],"[186, 75, 707, 74, 233]"
534d4ed7-85ec-4f9d-a0cf-411dd4718e13,[],"[460, 268, 631, 493, 579]"
534eb770-15c4-4ecc-a7fd-45d2d4718e13,[],"[797, 795, 798, 808, 722]"
5358c8d3-21a8-4853-a7f3-46bdd4718e13,[],"[263, 158, 464, 552, 579]"
5358d198-0a70-4cfc-bfd6-4947d4718e13,[],"[255, 801, 574, 115, 795]"
535e2324-febc-427b-9fab-4604d4718e13,[],"[316, 640, 565, 596, 209]"
536237b2-d6f0-403b-8236-4374d4718e13,[],"[208, 250, 554, 308, 178]"
5367e2bf-8470-4655-9276-450fd4718e13,[],"[442, 82, 749, 320, 827]"
5368b22b-b1f8-4b2d-8fda-4a32d4718e13,[],"[667, 277, 349, 90, 351]"
536a0b34-5274-4a73-8deb-4162d4718e13,[],"[2, 3, 4, 5, 6]"
53732a6c-f090-40a0-aa56-4594d4718e13,[],"[208, 250, 554, 308, 178]"
53734070-2278-4451-ba29-4652d4718e13,[],"[186, 75, 707, 74, 233]"
5385d6fb-0878-49a9-9878-4aa2d4718e13,[],"[208, 250, 554, 308, 178]"
538cddeb-542c-4783-8a14-4ffad4718e13,[],"[208, 250, 554, 308, 178]"
5391d42d-d77c-489c-b312-4b78d4718e13,[],"[789, 527, 360, 137, 368]"
5392ac79-228c-4085-9b84-1bf0d4718e13,[],"[2, 3, 4, 5, 6]"
53971beb-92fc-44bd-a148-4b18d4718e13,[],"[861, 512, 660, 754, 850]"
53997d78-b34c-467f-a420-498ed4718e13,[],"[568, 625, 848, 267, 680]"
53999e90-3198-4091-895d-4099d4718e13,[],"[22, 711, 584, 2, 3]"
539ac01f-1edc-4548-b0f1-d073d4718e13,[],"[568, 625, 848, 267, 680]"
53a0016b-fe20-4ac3-ad0a-4dabd4718e13,[],"[568, 625, 848, 267, 680]"
53a02bd5-76d4-4bb9-85eb-4d54d4718e13,[],"[568, 625, 848, 267, 680]"
53aac660-59c8-486d-80bc-4888d4718e13,[],"[417, 230, 516, 864, 441]"
53ac22b9-a130-45b5-b2ef-452bd4718e13,[],"[159, 268, 437, 150, 48]"
53b40846-72e4-4cbb-9641-4411d4718e13,[],"[190, 778, 603, 698, 784]"
53b5694e-d754-4805-a056-4c8dd4718e13,[],"[2, 3, 4, 5, 6]"
53baf4a2-0f2c-4945-b3e4-491ad4718e13,[],"[2, 3, 4, 5, 6]"
53c66711-31a0-43ab-a45b-4be6d4718e13,[],"[237, 514, 130, 427, 105]"
53c7b099-40d4-4c32-bd7f-4122d4718e13,[],"[692, 544, 823, 88, 58]"
53c7cbb3-0980-40e9-afe2-418ad4718e13,[],"[208, 250, 554, 308, 178]"
53d8e15b-6950-4369-8fae-6821d4718e13,[],"[134, 307, 834, 99, 318]"
53e0f2b6-65f0-47d8-8f8f-4303d4718e13,[],"[116, 628, 48, 544, 766]"
53e245e5-c860-4d7e-9e31-42ecd4718e13,[],"[78, 190, 161, 603, 819]"
53e87d53-3e18-46c6-a7bf-499cd4718e13,[],"[283, 338, 477, 234, 229]"
53eb7352-d53c-440b-b6af-47ecd4718e13,[],"[255, 801, 574, 115, 795]"
53eca309-cc20-44ca-90f6-459cd4718e13,[],"[255, 801, 574, 115, 795]"
53edba2e-5b6c-4d3f-befb-4a75d4718e13,[],"[255, 801, 574, 115, 795]"
53f70172-8f10-4090-85e2-410fd4718e13,[],"[808, 705, 303, 413, 330]"
540628a3-687c-4841-a3f6-40eed4718e13,[],"[629, 399, 425, 368, 78]"
54157b70-62b4-47e6-b34f-4d0fd4718e13,[],"[460, 456, 383, 790, 166]"
54184956-6318-475c-9942-4467d4718e13,[],"[73, 388, 627, 204, 36]"
541c461a-047c-4be7-9a54-40fbd4718e13,[],"[361, 837, 572, 817, 835]"
543264be-1040-42b9-93b0-0bdcd4718e13,[],"[2, 3, 4, 5, 6]"
5433f289-aa70-46dd-8fd8-0882d4718e13,[],"[137, 417, 495, 583, 527]"
543a6180-2f20-44ab-beb7-4402d4718e13,[],"[373, 26, 187, 604, 225]"
543d0b47-d4a0-4e4a-962a-4985d4718e13,[],"[116, 32, 153, 886, 41]"
5444f6dc-a560-4018-8f70-46fed4718e13,[],"[739, 48, 174, 37, 156]"
54476e96-4d30-4f52-95f7-41fad4718e13,[],"[494, 842, 329, 848, 582]"
5447b1b9-8cc0-4603-a036-4393d4718e13,[],"[240, 497, 831, 238, 546]"
544e3359-a990-4df3-a441-a147d4718e13,[],"[189, 774, 396, 357, 387]"
544eca98-48f0-4a70-b322-407ad4718e13,[],"[120, 133, 139, 611, 108]"
54527334-f62c-495d-8982-4d27d4718e13,[],"[776, 534, 56, 518, 387]"
545340b5-02c0-4124-9e06-4657d4718e13,[],"[694, 280, 748, 700, 181]"
5457370f-4a9c-4144-92af-4ef6d4718e13,[],"[876, 281, 881, 287, 205]"
54576eeb-5b50-47d0-9174-4dccd4718e13,[],"[776, 534, 56, 336, 518]"
5457a954-4a1c-4e5b-a578-4687d4718e13,[],"[859, 173, 20, 122, 44]"
5457ae12-52d4-4125-9b79-4167d4718e13,[],"[334, 388, 627, 231, 325]"
5458b5d3-2728-49fe-9f8a-473bd4718e13,[],"[101, 831, 437, 104, 423]"
5458b9bc-fd84-482f-972e-4c07d4718e13,[],"[316, 334, 759, 703, 363]"
545962f6-b414-4009-a639-4617d4718e13,[],"[316, 739, 161, 526, 261]"
545a32cc-435c-4054-8a0f-42bdd4718e13,[],"[487, 112, 251, 513, 625]"
545a8ded-745c-4230-98c2-43c9d4718e13,[],"[819, 439, 494, 534, 728]"
545b97ee-efb4-4f92-a831-45f1d4718e13,[],"[251, 509, 108, 13, 352]"
545ccd72-7a8c-42d2-8556-4517d4718e13,[],"[634, 167, 206, 735, 831]"
545e7a9b-55c0-4753-9a04-449bd4718e13,[],"[21, 439, 113, 494, 651]"
5460b938-dc54-485d-aa89-411bd4718e13,[],"[212, 878, 815, 541, 279]"
54621aa9-6280-4e1f-a94c-4226d4718e13,[],"[415, 110, 144, 509, 525]"
5463a446-c6f4-416e-96ab-477ad4718e13,[],"[278, 889, 523, 2, 3]"
5464c2d2-841c-4c5d-994e-4038d4718e13,[],"[116, 480, 322, 174, 138]"
5464c464-e688-428b-ad05-4b21d4718e13,[],"[190, 129, 280, 776, 87]"
5464cbf7-7bec-4893-bbbe-4274d4718e13,[],"[2, 3, 4, 5, 6]"
54656b6d-d1ec-42d0-b82a-4836d4718e13,[],"[829, 430, 149, 521, 64]"
54662135-9404-44ca-9eab-4249d4718e13,[],"[134, 152, 873, 857, 220]"
546640e7-b22c-4dfa-8734-a0e0d4718e13,[],"[608, 663, 88, 232, 500]"
5469f03d-1dfc-4833-ad51-47abd4718e13,[],"[190, 129, 280, 776, 87]"
546a571f-fcf4-4976-841a-41fcd4718e13,[],"[196, 707, 461, 187, 782]"
546f8602-07c4-44b0-b7d6-44dfd4718e13,[],"[528, 719, 630, 143, 831]"
5472ec9f-e948-41bc-8d67-455fd4718e13,[],"[610, 244, 814, 721, 772]"
547c96e2-358c-4451-89b2-4ddbd4718e13,[],"[205, 333, 879, 107, 624]"
547c9e9c-b19c-40a0-a0eb-4d58d4718e13,[],"[681, 496, 77, 311, 328]"
547f45e5-9aa4-4052-9a57-4edfd4718e13,[],"[77, 157, 389, 502, 577]"
547f53dd-cc84-4791-9ca2-414fd4718e13,[],"[328, 615, 430, 77, 844]"
54803e58-d168-41f4-b8f2-11dcd4718e13,[],"[576, 340, 461, 804, 187]"
54b4f372-6b9c-4740-82a4-4b80d4718e13,[],"[667, 277, 349, 90, 351]"
54c66a7a-2304-4d66-bc1f-4e1fd4718e13,[],"[503, 237, 626, 111, 133]"
54c7a0b9-03bc-4151-ae6d-4e2dd4718e13,[],"[563, 51, 744, 639, 454]"
54c7a203-5268-4594-811f-4d50d4718e13,[],"[2, 3, 4, 5, 6]"
54c8c2c1-e328-456c-a320-480ed4718e13,[],"[2, 3, 4, 5, 6]"
54ca4244-2dd8-4cd6-9ce5-4e5bd4718e13,[],"[116, 480, 322, 174, 138]"
54d0b3d8-c4e8-4441-8761-4649d4718e13,[],"[862, 123, 141, 2, 3]"
54d115d4-a1d4-49d5-a143-4bcdd4718e13,[],"[586, 416, 44, 2, 3]"
54dcc56c-53f8-45fe-8b2d-0046ac11001f,[],"[78, 341, 425, 329, 584]"
54de0fd7-bbe4-4224-8568-0045ac110022,[],"[349, 589, 181, 889, 351]"
54e5c2b6-a044-4e81-89bb-003fac110028,[],"[718, 591, 510, 668, 367]"
54e62c0f-18c8-4ed5-a676-0040ac110028,[],"[129, 16, 879, 246, 844]"
54e7c7a9-93c4-46bd-b8a9-0040ac110028,[],"[130, 129, 876, 237, 858]"
54eb054a-1a7c-492e-9ea7-0045ac110028,[],"[130, 201, 237, 44, 590]"
54ecca6c-56f0-4f10-aea2-0046ac110028,[],"[314, 137, 346, 205, 881]"
54ee01f3-feb4-4751-b34b-0047ac110028,[],"[173, 534, 582, 439, 494]"
54eefcf9-a974-4885-8b68-0046ac110028,[],"[603, 22, 45, 190, 209]"
54ef0adc-4618-488b-902f-0046ac110028,[],"[666, 280, 357, 561, 173]"
54ef4806-b828-4cd6-8cc0-003bac11002b,[],"[859, 173, 20, 122, 44]"
54f59741-bc64-4e9b-bd3d-003cac11002b,[],"[228, 726, 212, 727, 760]"
54fb79e7-9ac8-46d4-a0ed-003cac11002b,[],"[576, 439, 592, 494, 534]"
54fd65f6-418c-4782-93b6-003cac11002b,[],"[2, 3, 4, 5, 6]"
54fdae6d-e2c4-4ac2-ab1e-003dac11002b,[],"[484, 458, 437, 225, 40]"
5502f6ce-f0e0-43b9-b4ed-0045ac11002b,[],"[550, 58, 100, 101, 470]"
55071297-648c-4e6e-ad38-0041ac11002e,[],"[776, 534, 56, 336, 518]"
55073fa7-861c-44c6-9891-003cac11002e,[],"[585, 170, 675, 550, 830]"
55096f17-47f4-425b-98aa-0044ac11002e,[],"[763, 765, 345, 632, 372]"
550b01f2-e498-4448-8de7-0052ac11002e,[],"[528, 19, 105, 752, 821]"
550b26ba-3d48-4531-a3f2-0052ac11002e,[],"[630, 122, 159, 493, 580]"
550c0193-01b0-4114-95c1-0051ac11002e,[],"[99, 697, 74, 159, 186]"
55141bb8-bb2c-445e-a1dd-0053ac11002e,[],"[116, 480, 322, 174, 138]"
5518477d-c7bc-4444-a1d9-005aac11002e,[],"[188, 227, 233, 682, 75]"
551913c2-b9b0-401b-a120-005aac11002e,[],"[779, 230, 246, 785, 46]"
551bef20-e4b0-4b2e-baf0-0056ac11002e,[],"[739, 48, 174, 37, 156]"
551c3a18-7b18-41c2-befd-0024ac11002e,[],"[888, 675, 719, 630, 585]"
5522cd8e-6c1c-4787-9c77-0027ac11002d,[],"[761, 375, 788, 654, 676]"
55253832-6e68-47ec-ac2f-0027ac11002d,[],"[637, 118, 418, 599, 758]"
552633ed-a650-41b0-9df2-0027ac11002d,[],"[848, 625, 837, 846, 582]"
552bed22-e1a8-4ea7-a330-0034ac110034,[],"[307, 184, 310, 543, 346]"
552e639e-18e4-4627-9f6b-0037ac110034,[],"[186, 75, 707, 74, 233]"
552f98fd-232c-4886-8f7d-0035ac110033,[],"[196, 187, 717, 400, 365]"
55312695-2fbc-4f67-9d51-003eac110034,[],"[134, 770, 771, 239, 87]"
55351a4f-b0f8-4ca0-8006-003fac110033,[],"[494, 842, 329, 848, 582]"
553754bc-c850-4c37-a820-003dac110034,[],"[170, 722, 852, 75, 148]"
5537e237-b98c-43f8-95eb-0040ac110033,[],"[783, 220, 807, 781, 808]"
553f7cb8-9f9c-4a3a-820e-0041ac110033,[],"[2, 3, 4, 5, 6]"
55403c16-5210-4a19-821e-0042ac110033,[],"[178, 628, 540, 166, 34]"
55422a5a-c3dc-4c1c-9f45-0028ac110040,[],"[589, 310, 807, 352, 586]"
55424b92-8144-42e3-b5d0-0028ac110040,[],"[776, 534, 56, 518, 387]"
554250e9-9aac-4cce-b73c-0037ac110040,[],"[776, 534, 56, 336, 518]"
55471306-2048-48be-8a90-0039ac11003f,[],"[776, 534, 56, 336, 518]"
554890c1-aa24-44b9-b450-003aac11000d,[],"[134, 770, 771, 239, 87]"
554a3a8f-1f64-44b6-b334-0027ac11006f,[],"[121, 639, 226, 321, 555]"
554b52c4-446c-4a81-80c0-0033ac11003d,[],"[50, 91, 139, 691, 769]"
5551af6a-cc40-442d-9b49-0045ac110049,[],"[115, 196, 267, 340, 351]"
55520326-2134-46dc-8029-0045ac110049,[],"[214, 729, 170, 681, 704]"
55545fa0-19e8-4b41-950b-0045ac110049,[],"[546, 831, 233, 545, 63]"
55547f07-a1c4-47f9-8acc-0041ac110019,[],"[546, 831, 233, 545, 63]"
555992a9-c144-4403-9fa6-0043ac110019,[],"[83, 537, 719, 824, 105]"
5559d549-e818-435f-a7b7-0043ac110019,[],"[233, 75, 234, 154, 852]"
5559f806-0ffc-4d43-83e8-0042ac110019,[],"[308, 328, 69, 276, 199]"
5559fb40-f394-40cd-874c-0047ac110049,[],"[631, 455, 580, 29, 270]"
555a00df-3c0c-49a4-9e47-0047ac110049,[],"[719, 630, 528, 664, 34]"
555b04c2-cfe0-48b1-b934-0047ac110049,[],"[750, 686, 824, 205, 645]"
555c40cc-3de8-4bfb-b2ea-004fac110019,[],"[550, 58, 100, 101, 470]"
555cb469-fda0-4d59-bcf1-0050ac110019,[],"[177, 17, 701, 854, 121]"
555da685-bcac-487e-8248-0052ac110019,[],"[178, 628, 166, 34, 719]"
555db73d-eedc-43a3-a2cb-0050ac110019,[],"[435, 587, 767, 192, 100]"
555dbdfd-a928-44f5-8bda-0051ac110049,[],"[736, 733, 870, 458, 61]"
555e4e98-1cb4-43e4-9713-0051ac110019,[],"[852, 332, 233, 704, 75]"
555ef7bb-a9e4-4da2-a02a-0051ac110049,[],"[351, 230, 709, 801, 882]"
5563153d-dddc-43f8-b00e-0051ac110049,[],"[628, 166, 34, 540, 578]"
55632d5a-39e8-4e13-9a6e-004fac110049,[],"[178, 628, 540, 166, 34]"
55646e62-2aa4-4c6f-bb75-004fac110049,[],"[351, 230, 709, 801, 882]"
5564a4a1-50ac-46be-aaf2-0050ac110049,[],"[78, 190, 776, 603, 538]"
5565da73-7b74-429b-9d49-0053ac110019,[],"[344, 371, 141, 177, 137]"
556d7542-9708-4674-9fe2-0053ac110049,[],"[78, 482, 576, 46, 56]"
556eafdd-ace0-477f-ad59-0055ac110049,[],"[78, 482, 576, 46, 56]"
55700965-f338-42d5-bc09-005aac110019,[],"[399, 185, 646, 271, 346]"
55701889-7bdc-41c8-95fe-0056ac110049,[],"[186, 75, 707, 74, 233]"
55706397-87b0-42c6-8e86-0056ac110049,[],"[322, 821, 544, 823, 156]"
5571f84b-f43c-4c01-9334-005bac110019,[],"[399, 185, 646, 271, 346]"
5577dfe1-8568-4be9-95f1-0056ac110049,[],"[78, 482, 576, 46, 56]"
557ebdba-f440-49f8-80f1-005dac110019,[],"[190, 819, 439, 489, 534]"
55804b7c-63f0-479c-877e-005bac110019,[],"[116, 628, 48, 544, 766]"
5582db0c-4744-4c2f-9782-005cac110019,[],"[544, 823, 103, 528, 552]"
55883f38-8fd8-4e9f-8675-0057ac110049,[],"[346, 128, 56, 18, 511]"
5588d565-4d80-462f-95e7-005bac110019,[],"[477, 100, 19, 101, 509]"
55893d77-17a0-4f22-b08f-005bac110019,[],"[548, 93, 703, 603, 854]"
558a2f86-cd80-4941-a34d-005bac110019,[],"[690, 263, 442, 99, 528]"
558abd31-7044-43b7-bfce-0057ac110049,[],"[66, 462, 2, 3, 4]"
558bc3a1-2d1c-451c-9635-0059ac110049,[],"[236, 197, 255, 235, 66]"
558c20bb-24ec-41e3-a4c9-0058ac110049,[],"[237, 672, 130, 412, 605]"
558cccbd-3660-4d14-9984-0058ac110049,[],"[546, 831, 233, 545, 63]"
55914d88-1420-4868-b72c-0059ac110049,[],"[32, 631, 89, 270, 632]"
55955393-b180-488d-971c-0038ac110055,[],"[186, 75, 707, 74, 233]"
559a7a2c-bd0c-4220-822f-0039ac110025,[],"[186, 75, 707, 74, 233]"
559aeea4-8f04-4207-9a09-003bac110055,[],"[238, 266, 59, 888, 116]"
559d699f-617c-45f9-8f5c-0031ac11002b,[],"[335, 24, 117, 143, 461]"
559f8999-7810-4495-9f7f-0033ac11002b,[],"[714, 601, 312, 307, 351]"
559f9f11-7978-4104-88fb-0031ac11002b,[],"[135, 139, 696, 181, 511]"
55a13623-fe98-4756-8e01-0028ac11000d,[],"[19, 544, 823, 157, 831]"
55a37d06-fcac-41b7-b6e3-0032ac11002b,[],"[190, 819, 439, 489, 534]"
55a4fa2c-0c00-41da-bc00-0031ac11002b,[],"[216, 95, 431, 262, 438]"
55a5845a-c4a4-4aa4-a204-0027ac11000d,[],"[177, 17, 701, 854, 121]"
55a63566-58cc-4d64-9ed8-0033ac11002b,[],"[663, 139, 257, 689, 86]"
55a658dd-49b4-4c6b-8162-0032ac11002b,[],"[341, 537, 89, 177, 501]"
55a67d38-fda0-4425-9baa-0033ac11002b,[],"[663, 139, 257, 689, 86]"
55a8ec4b-1938-4308-b985-0037ac110013,[],"[144, 117, 824, 200, 778]"
55ad6e31-cf58-4754-b9e1-0038ac110013,[],"[831, 551, 117, 143, 461]"
55ae2def-1aa0-41b3-9c0e-0035ac110013,[],"[94, 188, 700, 2, 3]"
55ae5334-4108-4a17-a6e3-0039ac110013,[],"[58, 719, 630, 122, 110]"
55aea399-da60-4cf6-98e0-0036ac110013,[],"[763, 780, 537, 374, 591]"
55b0cfaf-69a8-4147-ab8e-0048ac110013,[],"[700, 72, 748, 134, 136]"
55b0d407-68a8-4305-bdfe-0043ac110013,[],"[701, 787, 121, 204, 624]"
55b78dc7-1090-4078-986e-0028ac110019,[],"[888, 675, 719, 630, 585]"
55b8f420-5538-47a7-8e48-0027ac110019,[],"[190, 778, 603, 698, 784]"
55bf2016-9374-41fa-aaca-003eac11000d,[],"[190, 129, 280, 776, 87]"
55c0f881-75e4-465f-9ccc-0045ac110019,[],"[78, 482, 576, 46, 56]"
55c35b4f-4370-427a-abf6-0043ac110019,[],"[116, 628, 48, 544, 766]"
55c88c02-d314-4493-877a-0044ac110019,[],"[78, 482, 576, 46, 56]"
55c9b834-5248-4804-a12b-0027ac11000d,[],"[888, 675, 719, 630, 585]"
55ca2834-c52c-48e9-a925-0046ac11000d,[],"[528, 167, 726, 157, 573]"
55cb3239-fa88-423e-a9fc-003aac11000d,[],"[186, 75, 707, 74, 233]"
55cc73f4-ff08-4565-909d-0047ac11000d,[],"[528, 866, 99, 114, 159]"
55cdd80a-a908-425d-9d96-0047ac11000d,[],"[94, 648, 550, 273, 473]"
55cfee09-99c8-4f85-ac97-0047ac11000d,[],"[421, 855, 543, 430, 599]"
55d1b7d4-6a60-4c78-913c-0041ac11000d,[],"[819, 312, 190, 603, 439]"
55d1edcc-2be8-428f-a21f-0042ac11000d,[],"[120, 133, 139, 611, 108]"
55d2cc71-3798-4785-ab51-0047ac11000d,[],"[190, 819, 439, 489, 534]"
55ddf10a-5934-4c38-b246-0052ac11000d,[],"[194, 513, 278, 754, 786]"
55e05586-105c-4b30-9b96-0055ac11000d,[],"[31, 731, 274, 166, 701]"
55e54f7a-550c-4174-8a3d-004cac11000d,[],"[117, 450, 491, 725, 101]"
55f1672f-1d24-4c98-a4f3-0037ac11000d,[],"[701, 810, 836, 812, 241]"
55f692f3-cd9c-44a3-9326-0053ac11000d,[],"[494, 842, 329, 848, 582]"
55f6c5ef-5264-4ad8-b0ef-003cac11000d,[],"[205, 371, 629, 627, 325]"
55f83697-3f34-46cd-960e-0041ac11000d,[],"[2, 3, 4, 5, 6]"
55fac04e-f324-4da2-a6b9-0048ac11000d,[],"[776, 534, 56, 518, 387]"
55fae1fd-4b60-49c6-84f2-0048ac11000d,[],"[776, 534, 56, 518, 387]"
55fcde49-d1e0-4055-9636-0048ac11000d,[],"[831, 509, 528, 585, 304]"
560283b3-e69c-4845-85bd-003fac11000d,[],"[204, 506, 212, 640, 2]"
56050754-e2c8-4f44-9a2d-0053ac11000d,[],"[176, 667, 115, 489, 336]"
56050dfa-d400-45e6-ae95-0053ac11000d,[],"[120, 133, 139, 611, 108]"
5608bec0-fa78-4da0-a6a2-0040ac11000d,[],"[582, 574, 598, 873, 143]"
56091add-2a18-4396-97b2-0041ac11000d,[],"[509, 304, 88, 117, 461]"
560aaec5-0c98-4e6c-8c19-0040ac11000d,[],"[313, 676, 766, 51, 679]"
560e4cc2-2f14-49da-94b7-0059ac11000d,[],"[568, 625, 848, 267, 680]"
560e833e-1a14-4ac1-bbe3-0058ac11000d,[],"[37, 236, 165, 690, 97]"
5611a24d-ed94-4645-a3ac-004aac11000d,[],"[116, 628, 48, 544, 766]"
561294b9-6f6c-436c-99e7-0057ac11000d,[],"[120, 133, 139, 611, 108]"
56155f46-0de0-4f4f-b3c6-0058ac11000d,[],"[491, 121, 311, 580, 313]"
56162d19-a890-4acc-93ed-004aac11000d,[],"[122, 63, 263, 268, 161]"
561671e1-1934-44ea-b208-004aac11000d,[],"[423, 579, 122, 101, 521]"
56192c94-cdfc-4861-a2a7-004aac11000d,[],"[216, 95, 431, 262, 438]"
561badfa-e0cc-4a50-bbeb-004cac11000d,[],"[216, 95, 431, 262, 438]"
561bc8ef-c090-490e-bf59-0028ac11000d,[],"[78, 482, 576, 46, 56]"
561e1370-67a8-49fe-bad1-003fac11000d,[],"[78, 482, 576, 46, 56]"
561fa948-383c-459f-92e4-0045ac11000d,[],"[186, 75, 707, 74, 233]"
561fffec-5aec-4317-ad90-0046ac11000d,[],"[532, 257, 86, 770, 413]"
56215356-45e4-4f17-a3bc-0024ac11000d,[],"[177, 117, 461, 474, 642]"
5624e823-2130-4b32-879f-0044ac11000d,[],"[216, 95, 431, 262, 438]"
56262825-e5d4-49cc-8845-0045ac11000d,[],"[528, 497, 831, 122, 263]"
562639ac-5450-4ed8-9b05-0047ac11000d,[],"[705, 683, 770, 682, 75]"
56264ee1-bc38-4200-82a7-0034ac11000d,[],"[149, 521, 520, 89, 117]"
5626874d-84a4-4894-aa6c-0046ac11000d,[],"[523, 72, 22, 188, 702]"
5627a675-bd90-4da9-b1a9-0046ac11000d,[],"[663, 303, 770, 227, 309]"
5627d5db-73ec-40fe-aae5-0025ac11000d,[],"[545, 505, 2, 3, 4]"
5628eba9-6668-4f91-8d36-0033ac11000d,[],"[532, 257, 86, 770, 413]"
5628fcea-dca4-4cd9-8d57-0033ac11000d,[],"[120, 133, 139, 611, 108]"
562d25a9-c998-4218-bde0-004fac11000d,[],"[491, 2, 3, 4, 5]"
562f8325-35f0-4819-b398-004dac11000d,[],"[461, 101, 88, 83, 100]"
562fa0c6-ddf8-4c55-8eeb-004eac11000d,[],"[96, 497, 865, 141, 527]"
56320857-cb7c-4587-bad8-004fac11000d,[],"[546, 647, 663, 693, 695]"
56324d45-cb18-4ce1-8153-0039ac11000d,[],"[703, 462, 484, 434, 695]"
563257be-13b0-47a7-8ac7-0050ac11000d,[],"[2, 3, 4, 5, 6]"
563326d3-7718-47fe-ac9f-003bac11000d,[],"[213, 368, 103, 480, 335]"
563806ad-0ae0-4936-8186-0050ac11000d,[],"[748, 267, 770, 626, 818]"
5638b120-f67c-45d5-9afd-003aac11000d,[],"[539, 757, 117, 533, 467]"
5638bc68-45e8-4bd7-80a9-003bac11000d,[],"[134, 770, 771, 239, 87]"
563b5d8e-dfe8-47c8-97d0-0050ac11000d,[],"[667, 277, 349, 90, 351]"
563b7b8e-8d5c-40e4-9659-0050ac11000d,[],"[121, 155, 266, 20, 38]"
56410160-9d64-4414-b151-0057ac11000d,[],"[783, 504, 807, 365, 781]"
5641dc37-b5d4-41a2-b80c-0057ac11000d,[],"[18, 685, 2, 3, 4]"
56421ecb-6480-4099-bfd7-0057ac11000d,[],"[636, 888, 552, 509, 41]"
5643b8b0-8e08-495c-a11b-00360a2a73a5,[],"[777, 269, 729, 574, 143]"
5645d3b5-ac18-4cb5-b406-002d0a2a5fa8,[],"[208, 250, 554, 308, 178]"
564856ff-4214-4e54-b4e3-00330a2ac408,[],"[121, 203, 243, 587, 76]"
5649d205-824c-484a-973d-00340a2a7b7f,[],"[798, 176, 369, 2, 3]"
5649de69-2dd0-4242-bb08-00300a2a0e2d,[],"[121, 274, 376, 524, 587]"
564aeba6-f7bc-4add-89d4-00330a2a1387,[],"[609, 743, 638, 2, 3]"
564b2718-fe98-4142-b052-00310a2af576,[],"[705, 117, 27, 140, 413]"
564b6c02-2f74-462a-9b9a-00300a2a89d1,[],"[121, 202, 863, 203, 373]"
564dd425-f5c0-4a54-9202-00330a2a20d7,[],"[78, 482, 576, 46, 56]"
564de013-5fb8-4f8f-836e-00310a2af835,[],"[308, 328, 69, 276, 199]"
564dfd01-7194-4f91-8874-00320a2a63e6,[],"[360, 713, 731, 34, 166]"
5651a020-7cd4-4098-b83f-00830a2aec9d,[],"[477, 100, 19, 101, 509]"
5655c779-b664-40d5-874d-02a50a2aec9d,[],"[627, 246, 634, 157, 389]"
5655d362-81d0-488a-8118-02a70a2aec9d,[],"[257, 332, 809, 139, 691]"
5656ef28-e388-4b49-9f6f-036d0a2aec9d,[],"[810, 781, 499, 95, 783]"
565c66d2-8a98-4559-8139-021c0a2a08ac,[],"[276, 368, 141, 495, 870]"
565c8761-eb90-4ea1-bfea-02240a2a08ac,[],"[141, 276, 368, 199, 430]"
565f5cf8-213c-4c3b-85e2-02800a2a08ac,[],"[781, 539, 97, 338, 2]"
5661bc15-6cfc-43c2-bc8b-007f0a2addee,[],"[221, 783, 833, 108, 177]"
56631f4b-2808-425c-9da2-00c30a2addee,[],"[209, 516, 558, 604, 118]"
566579ad-7088-406d-a524-00320a2a5969,[],"[781, 539, 97, 338, 2]"
5665bca3-1308-4374-bb24-00470a2a0dd4,[],"[143, 210, 703, 447, 629]"
5666fc1f-523c-4b22-8be6-00c30a2a5969,[],"[308, 328, 69, 276, 199]"
56691349-1724-4e7f-88e3-01260a2a0dd4,[],"[820, 827, 195, 272, 544]"
56695a89-6630-447f-beab-01ba0a2a5969,[],"[876, 281, 881, 287, 205]"
566a6855-6f94-4785-845f-01650a2a0dd4,[],"[9, 262, 644, 362, 715]"
566e82eb-4e70-4a64-9fb9-01200a2a640e,[],"[889, 740, 720, 743, 126]"
566f0bb9-b900-432f-8abb-002e0a2ac458,[],"[230, 196, 351, 804, 187]"
566f19ac-eba0-43cf-97ab-002d0a2ac458,[],"[399, 185, 646, 271, 346]"
566fe218-fbf4-44c8-9e55-00300a2a64f0,[],"[258, 247, 93, 259, 746]"
567124c5-9230-4937-af7f-004f0a2ae4d8,[],"[2, 3, 4, 5, 6]"
5671597f-10a8-459c-85c3-005b0a2ae4d8,[],"[776, 534, 56, 336, 518]"
5672a8dc-4c9c-4399-8c87-00b10a2ae3a4,[],"[208, 250, 554, 308, 178]"
5677fbc4-81bc-428b-b72f-03c30a2ae3a4,[],"[610, 349, 115, 181, 817]"
56781cfb-27e4-4b68-8ee5-00300a2afd60,[],"[610, 349, 115, 181, 817]"
568d4c15-5570-4456-85f0-041a0a2afd60,[],"[2, 3, 4, 5, 6]"
568f52c5-1914-4ea2-9e26-048e0a2afd60,[],"[502, 2, 3, 4, 5]"
568fd1b8-d224-4358-86e1-06aa0a2a883c,[],"[676, 180, 60, 2, 5]"
5690126f-d2dc-475b-b81a-06ba0a2a883c,[],"[502, 2, 3, 4, 5]"
569484f9-5dcc-4d34-a2cc-08470a2a883c,[],"[615, 735, 727, 2, 3]"
5694ff6c-4f10-46bc-b110-05aa0a2afd60,[],"[605, 494, 499, 848, 421]"
56967bf7-e9bc-417d-bf35-05f10a2afd60,[],"[681, 496, 77, 311, 328]"
5697c4ea-0ca0-49e4-86b9-062a0a2afd60,[],"[93, 113, 393, 45, 7]"
5698238f-2230-4926-bc88-063a0a2afd60,[],"[190, 778, 603, 698, 784]"
569cd631-5948-4caa-b294-06e20a2afd60,[],"[120, 133, 139, 611, 108]"
569ce9e9-a8d8-430e-8af8-06e10a2afd60,[],"[576, 593, 421, 479, 234]"
569d088b-1648-4cfb-973f-06e20a2afd60,[],"[208, 250, 554, 308, 178]"
569d1b9d-e078-4f88-a6ea-0a930a2a883c,[],"[208, 250, 554, 308, 178]"
569e8f5b-8e70-4274-b529-07450a2afd60,[],"[496, 199, 308, 328, 68]"
569f98e3-10c4-42c7-a9b2-0b3f0a2a883c,[],"[122, 63, 263, 268, 161]"
569facdf-4e30-4182-9ca9-07b50a2afd60,[],"[505, 631, 632, 654, 481]"
569fc463-cb7c-47e1-82fe-0b440a2a883c,[],"[2, 3, 4, 5, 6]"
56a251e9-6100-48fd-856c-087d0a2afd60,[],"[273, 34, 2, 3, 4]"
56a5fef1-7554-4b29-823e-092c0a2afd60,[],"[657, 535, 449, 83, 34]"
56a63f4f-47c4-49af-a368-093d0a2afd60,[],"[2, 3, 4, 5, 6]"
56a76a26-5474-4dd7-b57d-096d0a2afd60,[],"[503, 237, 626, 111, 133]"
56a7961b-bde0-4b97-b883-0d6c0a2a883c,[],"[605, 494, 499, 848, 421]"
56a7aa1e-6120-4062-bdc3-0d6e0a2a883c,[],"[666, 353, 218, 489, 2]"
56a7b316-4658-4672-92b7-0d700a2a883c,[],"[441, 21, 778, 118, 418]"
56a7ffc4-dca8-4ae5-b782-09950a2afd60,[],"[2, 3, 4, 5, 6]"
56a8ca93-ef60-4231-bd39-0dc40a2a883c,[],"[474, 530, 655, 316, 119]"
56a8f050-aa1c-4e81-8ef1-09c90a2afd60,[],"[539, 338, 430, 460, 753]"
56abda14-e980-4620-b3ad-0a720a2afd60,[],"[162, 100, 679, 470, 423]"
56b0d944-2e68-4df0-99d2-10060a2a883c,[],"[100, 679, 423, 122, 268]"
56b0f1e1-0ef8-4c67-a959-10060a2a883c,[],"[421, 855, 779, 661, 854]"
56b20572-edc8-4eed-890f-0ca90a2afd60,[],"[496, 199, 308, 328, 68]"
56b21f10-4528-4138-8138-0cb00a2afd60,[],"[208, 250, 554, 308, 178]"
56b227d6-f398-455a-a2ba-0cb90a2afd60,[],"[196, 187, 717, 400, 365]"
56b2737f-d100-4c93-8bc4-10770a2a883c,[],"[339, 23, 446, 581, 100]"
56b316e1-87bc-4a73-89b1-10b00a2a883c,[],"[2, 3, 4, 5, 6]"
56b3dadc-4ba8-477e-ab4a-0d540a2afd60,[],"[424, 713, 284, 545, 154]"
56b45431-4488-43ed-9faf-11240a2a883c,[],"[138, 2, 3, 4, 5]"
56b85012-d33c-4b5f-bacb-00c50a2af616,[],"[41, 630, 238, 342, 528]"
56b8d4a2-8164-4cf7-ba60-11000a2afd60,[],"[351, 230, 709, 801, 882]"
56bb3eda-b4d8-42aa-bb9a-134f0a2afd60,[],"[421, 855, 779, 661, 854]"
56bdc09d-798c-440f-8db8-023e0a2af616,[],"[717, 486, 503, 187, 595]"
56c0a8b5-f6f0-4fca-ae55-011c0a2a3ca6,[],"[795, 667, 516, 351, 366]"
56c1e3a5-5644-498e-8ac6-01940a2a6be7,[],"[351, 230, 709, 801, 882]"
56c244b5-1210-4530-b3e1-01bf0a2a6be7,[],"[424, 713, 284, 545, 154]"
56c2de0e-f1fc-4651-861b-01f90a2a3ca6,[],"[647, 375, 678, 863, 648]"
56c31212-73e0-43b9-9195-02080a2a6be7,[],"[208, 250, 554, 308, 178]"
56c31df3-08cc-4574-83af-020a0a2a6be7,[],"[555, 683, 334, 283, 208]"
56c4e4bf-c844-43c3-8e97-02b50a2a6be7,[],"[618, 825, 762, 321, 775]"
56c5a056-eae4-4e2b-b11d-02d40a2a3ca6,[],"[116, 174, 820, 165, 544]"
56c62805-1d38-402b-84d6-03120a2a3ca6,[],"[648, 208, 99, 114, 581]"
56c68a0e-20fc-4a5e-ab2f-03450a2a6be7,[],"[865, 96, 730, 326, 479]"
56c70927-9908-4663-a9e1-03520a2a6be7,[],"[648, 208, 99, 114, 581]"
56cdd471-f020-4357-8fa6-05460a2a3ca6,[],"[670, 14, 776, 729, 771]"
56d0378b-bcb4-4490-a433-06450a2a6be7,[],"[2, 3, 4, 5, 6]"
56d42842-93a4-4ee9-be19-06c30a2a3ca6,[],"[116, 174, 820, 165, 544]"
56d4a3cb-d7bc-42f0-99b6-07b00a2a6be7,[],"[19, 544, 823, 157, 831]"
56d614b5-eef4-4579-95f9-07220a2a3ca6,[],"[628, 385, 888, 539, 831]"
56dd5216-639c-4ef9-9f9f-0e1b0a2a4bff,[],"[217, 690, 452, 636, 92]"
56dd53d7-d184-4ce5-abed-11a60a2a6d78,[],"[621, 775, 167, 526, 286]"
56dfb62a-4ef0-45e7-9de0-152c0a2a4bff,[],"[2, 3, 4, 5, 6]"
56e01f5f-bb14-499a-8d79-00650a2aace4,[],"[184, 840, 87, 310, 701]"
56e031ae-6ed4-45be-a5fe-002e0a2aca4b,[],"[396, 626, 220, 856, 603]"
56e09d46-262c-4fd1-b354-01300a2a417f,[],"[152, 248, 207, 566, 857]"
56e0cce5-cef4-43fc-8ce1-01980a2ad81e,[],"[152, 248, 207, 566, 857]"
56e1948d-9340-4af5-ba68-042f0a2a417f,[],"[151, 437, 231, 51, 50]"
56e1c208-9154-412c-b719-04cf0a2a417f,[],"[428, 226, 51, 738, 508]"
56e1c3d4-a868-48a0-b4d0-04300a2ad81e,[],"[152, 248, 207, 566, 857]"
56e29125-75b4-4c1f-af67-068e0a2ad81e,[],"[381, 398, 210, 703, 447]"
56e2ffd3-e1f4-423b-a380-00360a2adc86,[],"[673, 536, 855, 37, 343]"
56e301bb-9ca4-4f4a-b770-00370a2adc86,[],"[97, 648, 647, 206, 495]"
56e32820-1078-47f5-a406-007e0a2a6889,[],"[50, 226, 443, 210, 674]"
56e68620-2efc-4bfb-bf49-09870a2a6889,[],"[226, 99, 888, 51, 428]"
56e68c04-b8b0-4850-a9c7-0b140a2adc86,[],"[763, 780, 590, 121, 16]"
56e6a9e3-c238-422d-a13a-09e30a2a6889,[],"[396, 626, 220, 856, 603]"
56e70bac-5abc-4a63-9ede-0c5d0a2adc86,[],"[151, 51, 428, 226, 210]"
56e76715-0ba4-48b5-aa58-0d8f0a2adc86,[],"[655, 105, 546, 260, 425]"
56e83033-fecc-42c5-8cde-0f880a2adc86,[],"[51, 428, 226, 548, 151]"
56e8ce20-54b0-4971-bd28-11a60a2adc86,[],"[813, 351, 440, 366, 801]"
56e92688-0940-49b7-93e9-10590a2a6889,[],"[563, 51, 744, 639, 454]"
56eaad1f-fd18-49bf-8fe6-00610a2a0b7f,[],"[95, 431, 262, 193, 812]"
56ec10f5-8b28-40c9-a01c-03b80a2a0b7f,[],"[351, 230, 709, 801, 882]"
56eca39c-7bf8-4927-b437-00fa0a2a1fd5,[],"[413, 770, 133, 626, 394]"
56ee50b3-76bc-4697-8062-04f10a2a1fd5,[],"[351, 9, 796, 181, 396]"
56f00164-290c-4707-959e-0b550a2a0ff1,[],"[216, 95, 431, 262, 438]"
56f00b4f-0618-4742-a7d5-09090a2a1fd5,[],"[209, 516, 558, 604, 118]"
56f00ef2-3174-42f2-8875-09140a2a1fd5,[],"[132, 576, 833, 139, 418]"
56f13469-7084-48f0-a1d2-0f200a2a0ff1,[],"[700, 72, 748, 134, 136]"
56f41692-b7d8-4b32-9262-16ef0a2a0ff1,[],"[173, 576, 859, 45, 39]"
56f50559-77dc-4d0b-ad64-140c0a2a1fd5,[],"[628, 199, 749, 827, 540]"
56f53b0d-7908-40b4-8ae7-14820a2a1fd5,[],"[189, 390, 430, 813, 401]"
56fccbb3-52b8-4297-84e4-30d50a2a0ff1,[],"[95, 200, 262, 193, 53]"
57024f04-7e04-4460-ad26-12fe0a2a4e9e,[],"[526, 57, 657, 624, 96]"
57029d8c-402c-42ae-bc6d-0c670a2ae7c0,[],"[359, 773, 95, 361, 132]"
5703a19c-1df4-4f05-9ee7-177e0a2a4e9e,[],"[690, 263, 442, 99, 528]"
5703a59d-c260-4c8b-846f-17870a2a4e9e,[],"[223, 130, 538, 190, 851]"
5703d08c-8750-4d74-a187-0f050a2ae7c0,[],"[359, 773, 95, 361, 132]"
570503fd-81a0-4905-b2f3-1ca40a2a4e9e,[],"[178, 628, 166, 34, 719]"
57050c24-47d0-4a1e-a049-1cc60a2a4e9e,[],"[178, 628, 166, 34, 719]"
57051246-d88c-4951-8b81-1cd90a2a4e9e,[],"[800, 514, 11, 543, 277]"
5706813b-1700-469d-b3a3-21b80a2a4e9e,[],"[610, 349, 115, 181, 817]"
57078b88-75d0-47a8-b596-24890a2a4e9e,[],"[538, 514, 489, 190, 603]"
5707d33e-e0b0-4cd6-b27a-17d90a2ae7c0,[],"[326, 227, 810, 836, 336]"
570bba5a-a5b8-4b60-83e5-33310a2a4e9e,[],"[808, 18, 86, 722, 96]"
570cb1a3-ef08-405a-94c2-23a90a2ae7c0,[],"[326, 227, 810, 836, 336]"
570d4042-48b8-4db0-aa2c-38280a2a4e9e,[],"[12, 212, 184, 527, 368]"
570d65c1-8428-4f22-820e-38920a2a4e9e,[],"[526, 617, 787, 734, 333]"
570e5664-44d0-4be8-a093-27f10a2ae7c0,[],"[637, 118, 418, 599, 758]"
570e8e31-6378-4fce-94ae-288b0a2ae7c0,[],"[639, 713, 123, 427, 374]"
570fa1e7-b52c-4e5d-bcb1-2afc0a2ae7c0,[],"[753, 553, 234, 188, 247]"
570faf80-84f4-402b-af0f-408f0a2a4e9e,[],"[750, 270, 210, 676, 451]"
5714819c-c54c-413f-a114-09570a2a7ae1,[],"[563, 51, 744, 639, 454]"
5714ee70-45f4-414a-8f4d-0b320a2a3f76,[],"[134, 770, 771, 239, 87]"
5714f0d5-4f58-4623-b6eb-0a260a2a7ae1,[],"[309, 310, 107, 645, 439]"
5714ffd7-d7ec-4af5-a7d3-0a490a2a7ae1,[],"[309, 310, 107, 645, 439]"
571521d0-f250-417e-b42b-0b980a2a3f76,[],"[799, 792, 795, 802, 791]"
571574f7-62dc-42b9-b1e8-0b3a0a2a7ae1,[],"[134, 770, 771, 239, 87]"
571579df-43f8-479a-8ca0-0b460a2a7ae1,[],"[399, 18, 271, 184, 644]"
5715c870-e438-470d-b9c3-0bf00a2a7ae1,[],"[538, 90, 326, 729, 190]"
5715f0e1-8138-4036-a015-0d500a2a3f76,[],"[186, 75, 707, 74, 233]"
57164fcd-d460-4a8d-95d4-0cf50a2a7ae1,[],"[186, 75, 707, 74, 233]"
571787ab-ab10-454f-b8da-0f300a2a7ae1,[],"[873, 592, 152, 7, 54]"
5718e048-f370-4b33-9769-132d0a2a3f76,[],"[618, 319, 427, 374, 562]"
571926a9-7020-4620-a628-006a0a2a34e5,[],"[237, 86, 626, 772, 770]"
5719fc31-1fe0-4e72-ad66-01f80a2a5fc8,[],"[803, 478, 806, 310, 99]"
571a098a-b5e4-416c-b8ce-02180a2a34e5,[],"[853, 707, 740, 26, 461]"
571a55f5-591c-4e06-95e7-02ae0a2a34e5,[],"[121, 651, 177, 741, 259]"
571a746a-c774-4f91-85e6-02e30a2a34e5,[],"[116, 174, 820, 165, 544]"
571aade5-91bc-4321-9765-033d0a2a34e5,[],"[398, 51, 391, 429, 229]"
571e02e3-2934-4d5d-a259-0a2d0a2a34e5,[],"[123, 141, 344, 590, 276]"
571e0852-06a0-4db0-9ab2-09b50a2a5fc8,[],"[853, 707, 740, 26, 461]"
571efc8b-8938-4c99-835d-0b970a2a5fc8,[],"[789, 527, 360, 137, 368]"
5720bd1c-c6cc-415b-8ffe-0fa50a2a34e5,[],"[209, 516, 558, 604, 118]"
572214c5-25b8-42e3-b8a4-11330a2a5fc8,[],"[130, 201, 237, 44, 590]"
57221ae7-a108-4c30-a194-12300a2a34e5,[],"[186, 75, 707, 74, 233]"
572232db-ba64-4f67-ab5a-126e0a2a34e5,[],"[757, 875, 318, 388, 627]"
57224638-52f4-460a-ac7e-119a0a2a5fc8,[],"[563, 51, 744, 639, 454]"
57224921-f734-42bd-b3ab-12ac0a2a34e5,[],"[186, 75, 707, 74, 233]"
5726a93f-9e80-4553-9d9c-1b120a2a5fc8,[],"[271, 180, 348, 2, 3]"
5727f83e-4758-44a8-b100-1d9f0a2a34e5,[],"[271, 348, 2, 3, 4]"
572869d6-a11c-46f0-977a-1e930a2a34e5,[],"[123, 141, 344, 590, 276]"
57289e7b-caf8-4678-a272-1fa30a2a5fc8,[],"[2, 3, 4, 5, 6]"
5728d8b1-6740-4a5b-9850-1fe40a2a5fc8,[],"[461, 101, 88, 83, 100]"
572a0a63-002c-433a-8069-02e40a2a3e54,[],"[618, 319, 427, 374, 562]"
572b3419-3034-4b13-b2fd-01670a2af858,[],"[29, 341, 52, 515, 64]"
572c4b81-33a8-446b-9c6c-0c290a2a4f90,[],"[750, 270, 210, 676, 451]"
572c638c-cf88-4eed-8996-00a90a2a6eaf,[],"[229, 94, 410, 392, 283]"
5730824c-d284-410b-9f71-00320a2ac04e,[],"[2, 3, 4, 5, 6]"
5731b802-af20-4aa2-a88c-002d0a2a18f1,[],"[603, 22, 45, 190, 209]"
57324868-fc20-4bca-8d75-002f0a2a18f1,[],"[339, 640, 256, 476, 737]"
5733487e-5be8-43ab-94a8-00430a2ac04e,[],"[221, 851, 613, 169, 420]"
5735fb88-e830-421d-bdba-0e030a2a7023,[],"[808, 18, 86, 722, 96]"
5739bd0b-7cf4-48c3-9920-00960a2a7db7,[],"[535, 731, 353, 771, 357]"
5739c140-cf2c-4715-b72b-00a00a2a7db7,[],"[206, 652, 865, 123, 255]"
5739d474-441c-42a7-a0a1-00f30a2aa8ac,[],"[873, 592, 152, 7, 54]"
5739f1bb-26b0-4343-b0d0-003b0a2a27f1,[],"[99, 577, 526, 628, 49]"
573a8620-8690-4c9e-9018-00c20a2a58f7,[],"[813, 351, 440, 366, 801]"
573b1b45-9248-420e-a840-013c0a2a27f1,[],"[574, 738, 248, 137, 807]"
573b1dbc-3d7c-4071-aea7-01680a2a58f7,[],"[199, 96, 643, 102, 147]"
573c36fa-c3c8-4354-a6cc-02af0a2a58f7,[],"[776, 534, 56, 518, 387]"
573c7aa6-9174-4616-a390-02fe0a2a58f7,[],"[309, 310, 107, 645, 439]"
573d299d-8584-4dcb-9dc0-04ca0a2a27f1,[],"[887, 644, 548, 888, 429]"
573d614a-1140-4226-bd62-04350a2a58f7,[],"[193, 216, 499, 2, 3]"
573d810d-83c0-46bc-80d3-054c0a2a27f1,[],"[144, 117, 824, 200, 778]"
573d83c7-d350-4c18-af39-05520a2a27f1,[],"[776, 534, 56, 336, 518]"
573dcecd-2698-4420-9d81-04d60a2a58f7,[],"[509, 770, 38, 309, 570]"
573ecd91-1418-466a-91cd-0dce0a2a58f7,[],"[281, 44, 2, 3, 4]"
5742d946-c70c-48db-bb91-00320a2a15a3,[],"[789, 527, 360, 137, 368]"
5744134a-d380-40c3-a564-002f0a2ab23c,[],"[28, 618, 775, 825, 25]"
57441cc5-d6ec-4993-b079-002f0a2ab23c,[],"[130, 281, 512, 660, 876]"
5744be9e-bf4c-460e-84d2-002d0a2acf55,[],"[116, 32, 153, 886, 41]"
5745f403-fc24-43b2-87d0-00300a2acf55,[],"[362, 396, 792, 795, 802]"
5746f423-d9d0-4495-a345-002f0a2a7f1e,[],"[82, 167, 206, 634, 286]"
57470080-2b34-4cc4-b929-002e0a2ac2ed,[],"[142, 568, 620, 803, 504]"
574721c1-2928-4a82-a402-002e0a2ac2ed,[],"[2, 3, 4, 5, 6]"
5747e281-7ce8-41f1-8940-002f0a2ac2ed,[],"[663, 139, 257, 689, 86]"
57481072-d28c-475e-8ab0-002e0a2a7f1e,[],"[637, 118, 418, 599, 758]"
57481129-7c24-4fd4-b420-002f0a2ac2ed,[],"[803, 806, 310, 99, 588]"
574846fa-667c-400e-b38d-004c0a2ac2ed,[],"[208, 250, 554, 308, 178]"
5748df48-ac70-42b2-b5ff-002f0a2ac2ed,[],"[367, 810, 701, 53, 836]"
574939aa-e8a8-49ca-a1c2-002e0a2a7f1e,[],"[551, 527, 145, 885, 789]"
574ab675-c32c-430e-9bdc-002e0a2a7f1e,[],"[78, 190, 776, 603, 538]"
574aeb06-7b14-4239-ad9f-002f0a2a7f1e,[],"[276, 540, 141, 344, 137]"
574b4dbb-c46c-4bc2-8fac-002f0a2ac2ed,[],"[54, 828, 398, 371, 123]"
574b7a32-0428-491d-8500-002e0a2ac2ed,[],"[399, 69, 271, 269, 328]"
574bf9d1-c614-49d1-9055-002f0a2a7f1e,[],"[658, 396, 835, 637, 811]"
574d11b8-3318-4746-9102-002f0a2a7f1e,[],"[645, 787, 302, 325, 445]"
574db38c-d0f4-4a4f-9a16-002e0a2a7f1e,[],"[887, 644, 548, 888, 429]"
574e8be4-9658-43fd-a567-002f0a2a7f1e,[],"[776, 534, 56, 336, 518]"
574e91ca-9914-4fb3-97e8-002f0a2a7f1e,[],"[803, 529, 572, 262, 745]"
574ef1a6-47bc-4c51-b1a2-00320a2ab710,[],"[658, 614, 743, 2, 3]"
5750654a-6988-4ccc-bddc-00b00a2ac2ed,[],"[2, 3, 4, 5, 6]"
57509013-8744-4028-b814-00c00a2a7f1e,[],"[526, 617, 787, 734, 333]"
57513a55-f3a8-4d07-8635-00da0a2a7f1e,[],"[436, 561, 711, 340, 851]"
575159b9-f938-4338-8f97-00b10a2ac2ed,[],"[134, 318, 72, 216, 702]"
57553f54-2ef0-441a-962b-00c70a2a7f1e,[],"[141, 790, 276, 482, 649]"
57554841-642c-429d-8c51-00da0a2a7f1e,[],"[141, 790, 276, 482, 649]"
575792fa-e128-42e2-9c0e-00da0a2a7f1e,[],"[398, 807, 781, 794, 738]"
57581056-0b68-49cc-b05e-002c0a2a18ca,[],"[237, 329, 611, 108, 771]"
575956ba-4188-4346-8e18-002d0a2a4501,[],"[208, 250, 554, 308, 178]"
57596d66-5ff8-4c6b-8a96-002c0a2a150b,[],"[526, 16, 389, 678, 756]"
57598b83-7e24-40a8-b648-002d0a2a150b,[],"[825, 618, 775, 707, 414]"
5759b620-f4d0-422c-b2ac-002d0a2a4501,[],"[54, 828, 398, 371, 123]"
575a9d2f-a12c-4449-853d-004d0a2a150b,[],"[739, 48, 174, 37, 156]"
575aa892-b244-4163-a20b-002c0a2a150b,[],"[309, 310, 107, 645, 439]"
575ace18-7f9c-4cb7-961b-002d0a2a150b,[],"[341, 888, 726, 887, 733]"
575eb1c4-0d9c-46c9-8fb6-004d0a2a150b,[],"[528, 497, 831, 122, 263]"
57616b87-e08c-475a-9fb5-008a0a2a150b,[],"[95, 557, 200, 572, 262]"
57616ded-e73c-4ed5-92ac-00570a2a4501,[],"[658, 200, 396, 637, 811]"
5762aaad-7b8c-4822-99e1-002d0a2a0279,[],"[537, 719, 100, 619, 286]"
5762b5c6-5080-4b2c-9bfe-002d0a2a8f75,[],"[537, 719, 100, 619, 286]"
5762d896-0d88-40ba-be32-00430a2a8f75,[],"[537, 719, 100, 619, 286]"
5763cd6e-1f28-4b5b-b995-002c0a2a0279,[],"[259, 675, 809, 139, 183]"
57641dcb-dec0-47da-bc32-002d0a2a0279,[],"[612, 627, 475, 500, 235]"
57696709-3c5c-49c7-a47d-00690a2a8f75,[],"[173, 493, 619, 233, 122]"
576ab67c-db54-46ee-92b6-00350a2a0279,[],"[199, 430, 77, 141, 644]"
576ab6c3-0160-4268-b0a8-00690a2a8f75,[],"[730, 865, 164, 471, 238]"
576bd0c3-2170-4395-8bf6-00520a2a8f75,[],"[53, 388, 627, 888, 231]"
576c01c3-a17c-4cc2-b30a-00520a2a8f75,[],"[237, 239, 329, 842, 837]"
576d3c6b-5a64-4dfc-a708-00690a2a8f75,[],"[209, 875, 604, 755, 559]"
576f50e8-dc74-4ef0-8316-002d0a2aceff,[],"[165, 641, 690, 97, 459]"
57713665-0bdc-4d38-8feb-002d0a2a0137,[],"[769, 639, 525, 31, 389]"
577197ed-10b4-4bcd-bdfc-003a0a2aceff,[],"[32, 631, 89, 270, 632]"
57741615-617c-4937-89bb-002c0a2a0137,[],"[700, 303, 361, 132, 280]"
5774dbfb-150c-4c7b-a3e5-002c0a2aceff,[],"[262, 773, 118, 359, 541]"
5775460b-37a4-49a8-aa42-002c0a2a0137,[],"[348, 2, 3, 4, 5]"
577565f4-6a30-44d7-918e-002c0a2a0137,[],"[579, 460, 434, 4, 521]"
5776364d-59d8-4445-a063-002c0a2a0137,[],"[122, 63, 263, 268, 161]"
57767a97-007c-4aa6-b83b-002c0a2aceff,[],"[341, 761, 89, 263, 398]"
577971f3-a9d4-4b11-890c-00310a2a0137,[],"[2, 3, 4, 5, 6]"
577a5d04-b224-44a4-90c2-00bf0a2aceff,[],"[339, 520, 763, 29, 526]"
577cdf4d-6d58-4670-a50a-00bf0a2aceff,[],"[792, 795, 802, 791, 285]"
577cf643-6b80-42a8-9e7c-00be0a2aceff,[],"[281, 793, 803, 431, 740]"
577d066c-d6c0-4180-b632-00ec0a2aceff,[],"[237, 672, 130, 412, 605]"
577d69ab-b5b8-47ec-a593-00310a2a0137,[],"[574, 738, 248, 137, 807]"
577e922f-2078-4207-9fd1-00bc0a2a0137,[],"[424, 365, 717, 428, 360]"
577f0dab-8f88-4ff1-a1a1-00bc0a2a0137,[],"[574, 738, 248, 137, 807]"
577f7d9e-5ca4-425f-859a-00ec0a2aceff,[],"[574, 738, 248, 137, 807]"
577fa336-76e0-45ff-b5f7-00bf0a2aceff,[],"[574, 738, 248, 137, 807]"
578095cd-123c-491c-a1dd-00bf0a2aceff,[],"[75, 396, 857, 418, 808]"
57829aca-c700-4837-b342-00310a2a0137,[],"[574, 738, 248, 137, 807]"
578359d0-91ac-4983-96f5-00bb0a2a0137,[],"[386, 8, 779, 649, 810]"
5783bc7b-d994-4990-bf7a-00bc0a2a0137,[],"[828, 351, 417, 93, 348]"
5783dd99-9fdc-487a-b901-01360a2a0137,[],"[75, 553, 675, 546, 739]"
5783e1b4-2a80-4213-8d18-016e0a2aceff,[],"[237, 672, 130, 412, 605]"
5784b683-a710-43cd-a066-01740a2aceff,[],"[776, 534, 56, 336, 518]"
5785c3aa-71c4-45f6-8c12-013d0a2a0137,[],"[134, 770, 771, 239, 87]"
5786174d-1f44-4860-bfb2-01460a2a0137,[],"[401, 17, 203, 828, 518]"
578658e3-5498-4c75-937d-01580a2a0137,[],"[887, 644, 548, 888, 429]"
578689d3-08e0-4075-95d2-01580a2a0137,[],"[367, 701, 810, 53, 836]"
5786cac8-1164-44bc-95d3-01920a2aceff,[],"[269, 776, 784, 205, 778]"
5787882f-074c-4abb-8ccb-01580a2a0137,[],"[534, 439, 494, 849, 819]"
5787e499-4344-4b90-8dac-01920a2aceff,[],"[637, 118, 418, 599, 758]"
57880d84-1fc8-4272-8389-01590a2a0137,[],"[722, 75, 704, 852, 148]"
5788e481-1de8-44b6-99b1-017b0a2a0137,[],"[484, 458, 437, 225, 40]"
578c9080-b44c-48b9-adf1-002c0a2a6d31,[],"[565, 596, 729, 514, 574]"
578ca6e4-a918-46cc-ac39-002d0a2a6d31,[],"[132, 576, 833, 139, 418]"
578cc1c1-bcf4-4a44-9e1e-002d0a2ae60c,[],"[565, 596, 729, 514, 574]"
578cc50a-01b4-4975-bcef-002d0a2a6d31,[],"[509, 304, 88, 117, 461]"
578d1b9b-12b8-47f9-81a9-002c0a2a14b5,[],"[308, 328, 69, 276, 199]"
578d3af4-83d4-4369-a391-002d0a2a14b5,[],"[401, 17, 203, 828, 518]"
578e24dd-6300-4823-823b-002d0a2a14b5,[],"[722, 611, 108, 237, 729]"
578e685d-181c-40a9-aac4-00320a2a6d31,[],"[281, 793, 803, 431, 740]"
578eb3fd-67f8-4804-bab1-002d0a2a14b5,[],"[808, 705, 303, 413, 330]"
578f40ff-a794-4e98-bb71-002d0a2a6d31,[],"[186, 75, 707, 74, 233]"
57908c8c-5170-4cf3-9f19-002d0a2ab38f,[],"[852, 211, 233, 704, 75]"
57936df4-6040-49cb-b1a0-002d0a2ab38f,[],"[259, 644, 651, 432, 766]"
5796b46c-5d44-49b2-bce3-002d0a2ab38f,[],"[477, 100, 19, 101, 509]"
5796c727-cb94-4051-8332-002d0a2ab38f,[],"[582, 329, 517, 152, 86]"
57977044-2b18-4126-bb57-002f0a2aa404,[],"[271, 348, 2, 3, 4]"
579782d4-f0b4-4117-8637-002d0a2aa404,[],"[396, 626, 220, 856, 603]"
57978f6a-8864-4e5c-8e0e-002d0a2aa404,[],"[359, 361, 835, 839, 700]"
57985ac0-af9c-4cf5-a751-002f0a2aa404,[],"[351, 783, 253, 230, 387]"
579865e2-9c54-4f62-a785-002d0a2ab38f,[],"[828, 93, 706, 853, 665]"
579868fa-d264-4958-af71-007d0a2aa404,[],"[873, 592, 152, 7, 54]"
57997e4c-780c-43f2-803a-007d0a2aa404,[],"[183, 654, 268, 435, 581]"
579a221e-76f8-408b-b7f3-00860a2aa404,[],"[776, 534, 56, 336, 518]"
579a5a22-c1ec-4e53-8795-007d0a2aa404,[],"[452, 698, 271, 45, 54]"
579ae66d-e760-44ca-bd8d-002d0a2ab38f,[],"[54, 828, 398, 371, 123]"
579b0924-c6e0-44ff-bac7-007d0a2aa404,[],"[400, 574, 873, 807, 856]"
579b2919-d868-484d-81f6-002d0a2ab38f,[],"[610, 349, 115, 181, 817]"
579b32d7-d3c8-4887-a1ee-00860a2aa404,[],"[610, 349, 115, 181, 817]"
579b3749-0388-4b83-895e-002d0a2ab38f,[],"[610, 349, 115, 181, 817]"
579b91d1-a950-42fd-a7a1-007d0a2aa404,[],"[546, 58, 100, 455, 159]"
579ccd5b-c220-406d-9bff-007d0a2aa404,[],"[341, 741, 195, 416, 883]"
579f0640-9f28-4bcf-91ac-002d0a2ab38f,[],"[610, 349, 115, 181, 817]"
579f683e-cd28-4775-8139-00840a2aa404,[],"[610, 349, 115, 181, 817]"
57a060da-7e88-4a43-9922-00840a2aa404,[],"[565, 596, 729, 514, 574]"
57a0c5a6-0738-422c-ac93-01290a2ab38f,[],"[700, 72, 748, 134, 136]"
57a0d6e9-14dc-4e55-aacf-007d0a2aa404,[],"[187, 196, 351, 400, 828]"
57a21151-e64c-4f17-a66c-00ef0a2aa404,[],"[203, 474, 243, 161, 363]"
57a2e398-dba4-4bbc-80ba-00f10a2aa404,[],"[93, 746, 751, 113, 829]"
57a325ac-0fcc-4219-a976-00860a2aa404,[],"[359, 361, 835, 839, 700]"
57a34f14-844c-46d3-b43e-00860a2aa404,[],"[359, 361, 835, 839, 700]"
57a47fba-27e0-46ba-ae8e-00f10a2aa404,[],"[186, 75, 707, 74, 233]"
57aaddcc-fe50-4954-83cf-00ef0a2aa404,[],"[328, 344, 137, 15, 271]"
57ac6bc5-9628-4dd5-9968-01640a2ab38f,[],"[546, 24, 100, 481, 19]"
57ac932c-a6ac-43fb-b2ff-01380a2ab38f,[],"[82, 360, 571, 731, 551]"
57acb2c8-d3fc-4bf0-b640-00ef0a2aa404,[],"[46, 2, 3, 4, 5]"
57acb4fa-11d8-4e77-91ce-00ef0a2aa404,[],"[328, 344, 137, 15, 271]"
57ad8e98-5194-48a9-b8c9-01640a2ab38f,[],"[229, 94, 410, 392, 283]"
57adeb7d-56a4-424a-87c3-01380a2ab38f,[],"[574, 738, 248, 137, 807]"
57b17397-64f4-4c36-81be-01380a2ab38f,[],"[2, 3, 4, 5, 6]"
57b1b687-991c-4e91-8951-00ef0a2aa404,[],"[359, 361, 835, 839, 700]"
57b1e0bf-5aa8-4132-8510-01f60a2ab38f,[],"[262, 773, 118, 359, 541]"
57b32342-7168-420d-b871-01f60a2ab38f,[],"[766, 116, 458, 533, 163]"
57b39eae-d75c-429a-a5c4-01aa0a2aa404,[],"[788, 454, 502, 163, 103]"
57b3d1ce-7554-4f6e-883f-02140a2ab38f,[],"[700, 72, 748, 134, 136]"
57b467cd-b1bc-475b-ab9e-01aa0a2aa404,[],"[442, 82, 749, 320, 827]"
57b52b64-6000-41e0-bca2-02150a2ab38f,[],"[399, 644, 184, 646, 851]"
57b56bd5-c218-4ce3-a208-02140a2ab38f,[],"[208, 250, 554, 308, 178]"
57b5e158-4ae0-4cfa-be2c-02140a2ab38f,[],"[170, 729, 214, 2, 3]"
57b64aa7-05ec-4cd6-a369-01ab0a2aa404,[],"[209, 516, 558, 604, 118]"
57b6e28f-84b4-4293-b6a2-01aa0a2aa404,[],"[719, 468, 651, 160, 142]"
57b7040f-cfb8-45d2-a983-01ab0a2aa404,[],"[271, 741, 685, 2, 3]"
57b74e70-f5fc-4b12-9305-02670a2ab38f,[],"[792, 795, 802, 791, 285]"
57bb086c-dafc-4949-8b1a-020f0a2aa404,[],"[139, 86, 677, 36, 513]"
57bb15de-cd98-4fc6-bf46-01f60a2aa404,[],"[274, 203, 23, 763, 765]"
57bb1789-6ec8-4703-8b0a-02670a2ab38f,[],"[159, 268, 437, 150, 48]"
57bc18d4-c81c-4512-bec2-02670a2ab38f,[],"[610, 349, 115, 181, 817]"
57bc71ef-02f0-405b-9e07-02200a2aa404,[],"[800, 689, 364, 377, 490]"
57bc98ad-a7c0-46a0-a263-02660a2ab38f,[],"[873, 592, 152, 7, 54]"
57bd4c46-6844-48a8-86ab-028c0a2ab38f,[],"[804, 589, 330, 515, 327]"
57bd65b8-1f1c-4ddd-937b-02100a2aa404,[],"[797, 795, 798, 808, 722]"
57bd8f58-2668-4f8e-8923-028c0a2ab38f,[],"[603, 22, 45, 190, 209]"
57bdbf33-9da8-410d-94e1-02410a2aa404,[],"[308, 328, 69, 276, 199]"
57be1a56-b1a0-40d8-a83d-028c0a2ab38f,[238],"[730, 865, 164, 471]"
57bf0395-56cc-4d2f-8eb5-02450a2aa404,[],"[315, 731, 334, 168, 400]"
57bf1ca9-c0c4-45f8-a8cd-026a0a2aa404,[],"[362, 396, 792, 795, 802]"
57c09288-cec4-4a44-992f-02c70a2ab38f,[],"[78, 161, 425, 192, 77]"
57c23b17-ea58-4fec-ba3c-02b10a2ab38f,[],"[666, 353, 218, 489, 2]"
57c33c98-ae00-4f72-bc2e-02c70a2ab38f,[],"[859, 680, 402, 724, 518]"
57c46160-7e00-470a-a9a2-02430a2aa404,[],"[888, 509, 539, 497, 831]"
57c6edfb-c91c-4135-936a-002c0a2a1cf8,[],"[701, 810, 781, 836, 812]"
57c6ffec-109c-440a-8f48-002c0a2a9eb3,[],"[164, 339, 520, 580, 238]"
57c82dd6-32dc-434d-8386-00340a2a1cf8,[],"[278, 889, 523, 2, 3]"
57c8368b-09bc-4343-898d-00340a2a1cf8,[],"[116, 628, 48, 544, 766]"
57c84f17-ce80-4f64-8150-002e0a2a8d11,[],"[484, 762, 34, 402, 703]"
57c90519-c170-443d-97af-002e0a2a8d11,[],"[147, 528, 29, 121, 554]"
57c90521-007c-42dc-86bb-005d0a2a9eb3,[],"[147, 528, 29, 121, 554]"
57cd8024-831c-4620-abe7-003e0a2a8d11,[],"[442, 82, 749, 320, 827]"
57ce72d1-8de4-4aa1-a4fb-003e0a2a8d11,[],"[82, 360, 571, 731, 551]"
57ced248-21c8-4a02-88b4-00660a2a9eb3,[],"[866, 286, 502, 526, 869]"
57cf1aaf-5e9c-4ea0-ae8e-00320a2a135f,[],"[574, 738, 248, 137, 807]"
57cf4baa-a0b4-4222-809e-00300a2a7972,[],"[351, 759, 792, 795, 802]"
57d1291f-be4c-4b67-b84e-00300a2a7972,[],"[537, 719, 100, 619, 286]"
57d18b1d-31f0-442e-a61a-00550a2a7972,[],"[859, 173, 20, 122, 44]"
57d19525-671c-4a43-8215-00550a2a7972,[],"[815, 832, 74, 161, 193]"
57d245a0-f9bc-48a9-adf2-00320a2a135f,[],"[700, 72, 748, 134, 136]"
57d27654-5d2c-4e16-83f1-00510a2a135f,[],"[229, 2, 3, 4, 5]"
57d27eb0-d778-4b43-946e-00510a2a135f,[],"[262, 773, 118, 359, 541]"
57d375be-392c-451f-af83-00300a2a7972,[],"[628, 266, 458, 48, 581]"
57d656a0-c720-4bce-8965-00300a2a7972,[],"[688, 740, 146, 513, 589]"
57d6b7ff-31cc-4b31-8acf-00300a2a7972,[],"[423, 579, 122, 101, 521]"
57d97d4a-23b8-4148-a0a5-004a0a2ae3a6,[],"[554, 254, 707, 38, 283]"
57da61af-13c4-449d-b20c-002d0a2a9952,[],"[800, 689, 364, 377, 490]"
57daa7ca-8c3c-4bed-9359-00610a2a9952,[],"[2, 3, 4, 5, 6]"
57dbf8a2-fd40-401c-9ee7-00680a2ae3a6,[],"[811, 814, 355, 877, 335]"
57dc33c1-c954-4a09-9d40-00610a2a9952,[],"[401, 826, 272, 278, 889]"
57dc3797-25c4-486c-bb18-005a0a2a9952,[],"[401, 826, 272, 278, 889]"
57dd07b2-2064-46a5-b330-00670a2ae3a6,[],"[2, 3, 4, 5, 6]"
57dd21fc-9d98-40ef-8007-00610a2a9952,[],"[74, 186, 562, 852, 687]"
57dfeed0-bd1c-4e0c-af2c-002c0a2af321,[],"[2, 3, 4, 5, 6]"
57e0e973-7e44-43b8-822c-002d0a2abcf8,[316],"[684, 113, 852, 188]"
57e135e1-4334-4b1e-b153-002c0a2a1238,[178],"[496, 279, 82, 36]"
57e13e03-17cc-4be2-b9ec-002d0a2a1238,[],"[74, 186, 562, 852, 687]"
57e213aa-5500-42eb-99c6-002d0a2a1238,[],"[9, 529, 779, 262, 811]"
57e37ced-9e74-4fb8-8a56-00520a2abcf8,[],"[888, 509, 831, 631, 632]"
57e3d27f-c028-498f-a41b-00530a2a1238,"[157, 286, 502]","[526, 550]"
57e3d9d8-2d34-4a28-93b0-00920a2a1238,[],"[776, 534, 56, 518, 387]"
57e4d0bc-8ecc-43a7-a869-00500a2abcf8,[],"[634, 866, 756, 30, 82]"
57e4d9c9-e0fc-4767-8ddf-00450a2a1238,[],"[688, 740, 146, 513, 589]"
57e4da08-5b3c-4880-a385-00500a2abcf8,[],"[688, 740, 146, 513, 589]"
57e4da42-2494-44f4-a781-00920a2a1238,[],"[688, 740, 146, 513, 589]"
57e5254e-80c8-479b-979f-00530a2a1238,[],"[837, 846, 848, 519, 551]"
57e585a4-8f94-4840-9f72-00530a2a1238,[],"[828, 93, 706, 853, 665]"
57e90041-26b8-47dd-85c9-00520a2abcf8,[615],"[204, 59, 171, 24]"
57e92828-5470-476b-b1aa-00500a2abcf8,[],"[635, 506, 634, 492, 328]"
57e93e49-60b4-4a1a-a54f-002d0a2abcf8,"[69, 71]","[746, 13, 314]"
57ea348a-20b4-4c5d-ad3e-00500a2abcf8,[],"[359, 361, 835, 839, 700]"
57ea745a-0f0c-4b67-a251-002d0a2abcf8,[],"[568, 625, 848, 267, 680]"
57ea95e3-5d44-4330-81df-00500a2abcf8,[504],"[783, 807, 365, 781]"
57eaf7e4-2740-46d0-be25-00500a2abcf8,[],"[221, 783, 597, 173, 131]"
57ebe981-76d0-41ce-819b-015d0a2a1238,[],"[401, 826, 272, 278, 433]"
57ebeacd-d9f0-4321-9277-015c0a2a1238,[],"[564, 106, 134, 812, 702]"
57ebeb1c-8db4-40ad-8cd0-00520a2abcf8,[],"[134, 770, 771, 239, 87]"
57ec080b-9458-4a79-be44-01770a2abcf8,"[414, 546]","[545, 66, 284]"
57ec626a-41f0-42f6-925f-00520a2abcf8,[],"[489, 603, 569, 215, 599]"
57ec991d-eb2c-4df0-8b82-015c0a2a1238,[],"[9, 529, 779, 262, 811]"
57eca6f4-e6e4-4ef6-8139-01750a2abcf8,[396],"[658, 688, 813, 773]"
57eccc59-2720-4697-a41f-00920a2a1238,[],"[610, 349, 115, 181, 817]"
57ecefb6-473c-4e01-afa7-00920a2a1238,[],"[353, 71, 205, 417, 218]"
57ed008d-e1f4-4531-9c5e-01770a2abcf8,[],"[796, 650, 519, 558, 604]"
57ed099e-0458-44fc-ba7d-00920a2a1238,"[439, 494, 534]","[819, 728]"
57ed296e-50d4-46d0-97c4-015d0a2a1238,[],"[134, 770, 771, 239, 87]"
57ed47b7-9ffc-4ceb-9512-00920a2a1238,[],"[196, 187, 603, 755, 514]"
57edec76-1c0c-4876-ade9-01770a2abcf8,[],"[396, 658, 688, 813, 773]"
57ee280d-f348-46e0-bad4-00520a2abcf8,"[77, 78]","[161, 192, 762]"
57ee6deb-9478-45c4-a382-00520a2abcf8,[],"[2, 3, 4, 5, 6]"
57eef224-3b38-49a0-ba2d-020c0a2abcf8,[],"[116, 442, 48, 338, 628]"
57f163a2-3c3c-48a9-82cc-01fe0a2a1238,[492],"[331, 527, 719, 82]"
57f26fa0-ea94-44f1-94f5-020c0a2abcf8,"[86, 532, 576]","[139, 12]"
57f2726d-8300-4871-8b13-020d0a2abcf8,[],"[634, 539, 167, 206, 338]"
57f27301-ad34-42a1-999a-020c0a2abcf8,[],"[141, 649, 371, 860, 399]"
57f2b1ef-eacc-4818-b78a-021b0a2a1238,[],"[559, 814, 589, 377, 557]"
57f2b397-f6b0-456e-9156-02280a2abcf8,[],"[533, 2, 3, 4, 5]"
57f2ecd0-c758-477e-81fd-020d0a2abcf8,[],"[177, 514, 850, 864, 115]"
57f349bf-9740-4f13-a7c5-02280a2abcf8,[123],"[639, 713, 427, 374]"
57f3fe25-34f4-452c-a002-02280a2abcf8,[271],"[741, 685, 2, 3]"
57f40b30-12e8-427c-a8ec-021b0a2a1238,[],"[647, 12, 62, 212, 527]"
57f4cf63-0c5c-4869-87a4-020d0a2abcf8,[],"[201, 246, 281, 439, 131]"
57f5875e-26a8-44e8-8dbd-02810a2a1238,[367],"[810, 682, 812, 227]"
57f5f0bc-d630-4fb6-91c8-020d0a2abcf8,[],"[739, 445, 386, 542, 580]"
57f751d6-2eec-4d5e-a04d-02e40a2abcf8,[],"[776, 534, 56, 336, 518]"
57f75d68-e0cc-498d-85ef-02e20a2abcf8,[],"[533, 373, 163, 587, 462]"
57f79f51-01b8-4559-9e35-02e20a2abcf8,[83],"[461, 101, 88, 100]"
57f7a0bf-d068-4ca6-bb07-02e60a2a1238,[],"[674, 281, 777, 2, 3]"
57f7c163-4638-4e8b-bc44-02e60a2a1238,[],"[700, 72, 748, 134, 136]"
57f7d976-1c44-4d0f-a5ae-02e40a2abcf8,[],"[768, 536, 448, 676, 451]"
57f7de8c-20d8-42b4-9185-02e60a2a1238,[],"[157, 286, 502, 526, 550]"
57f7e69d-eb9c-4c44-acd8-02e30a2abcf8,[533],"[757, 117, 200, 454]"
57fa3a0b-a9e8-4afd-8870-03420a2abcf8,[],"[278, 889, 523, 2, 3]"
57fba5b0-977c-460f-b972-03600a2abcf8,[],"[132, 740, 541, 720, 126]"
57fd47c6-c724-42e3-9988-03520a2a1238,[543],"[569, 599, 547, 603]"
57fe1f84-ef00-4b5f-8789-02e40a2abcf8,[],"[197, 461, 474, 661, 446]"
57fe3fb4-54e0-42ea-9669-02ed0a2a1238,[],"[396, 626, 220, 856, 603]"
57fe40bc-38fc-491e-90ab-03600a2abcf8,[],"[396, 626, 220, 856, 603]"
57fe55ad-ec14-4474-9197-03600a2abcf8,[],"[533, 757, 117, 76, 477]"
57ff91c7-886c-42b8-a10f-03520a2a1238,[],"[400, 642, 94, 392, 109]"
580044d9-7f28-47fd-8980-03510a2a1238,[],"[464, 552, 579, 263, 766]"
58007479-7df0-4862-a744-03b90a2a1238,[],"[565, 596, 729, 514, 574]"
5800aca3-12dc-4c48-8ba1-03520a2a1238,"[401, 400]","[836, 838, 228]"
5800b7d9-a650-44c2-b146-03520a2a1238,[370],"[716, 507, 184, 2]"
580278e6-01e0-4067-b2b0-03600a2abcf8,"[400, 642]","[94, 392, 109]"
580386c5-c398-4a2a-8d9c-03510a2a1238,[],"[98, 790, 121, 337, 619]"
5803d3e5-547c-41bf-a832-03420a2abcf8,[618],"[386, 59, 469, 471]"
58048b4d-025c-4464-869f-03420a2abcf8,[359],"[361, 835, 839, 700]"
580499dd-98fc-4f26-9d25-03510a2a1238,[72],"[700, 748, 134, 136]"
5804d962-de5c-47d2-afa1-03520a2a1238,[],"[362, 351, 9, 759, 792]"
5805559b-76ec-4117-82c1-03420a2abcf8,[],"[269, 346, 205, 287, 13]"
5805ddc9-abcc-4050-9121-03600a2abcf8,[],"[790, 98, 383, 337, 159]"
58065b95-6844-41c1-8578-002d0a2acf97,[],"[134, 770, 771, 239, 87]"
5806e28e-11b8-4beb-bcf8-002d0a2acf97,[271],"[741, 685, 2, 3]"
580772cf-f614-4035-8cf0-002d0a2a6d99,[],"[713, 731, 787, 549, 166]"
58077c01-d698-48b8-97c3-002d0a2a6d99,[],"[396, 626, 220, 856, 603]"
58079952-081c-4f3b-a540-00410a2a6d99,[],"[652, 234, 341, 424, 226]"
5807c6dc-e72c-4c1a-971a-002d0a2a6d99,[315],"[731, 841, 762, 2]"
5808bd66-3cac-4247-8ed9-00410a2afefd,[],"[116, 174, 820, 165, 544]"
5808e832-9dac-4803-85a3-002d0a2a6d99,"[665, 512, 518]","[660, 2]"
5809136c-c850-48b3-b987-002d0a2afefd,[],"[2, 3, 4, 5, 6]"
580a20c0-b468-4ca7-b115-00400a2a6d99,[],"[396, 626, 220, 856, 603]"
580a5d17-9b60-4263-a8f5-00410a2a6d99,[],"[887, 644, 548, 888, 429]"
580a6861-7474-45ba-89b9-002d0a2afefd,"[319, 123]","[68, 427, 374]"
580d6126-c048-4449-b263-00410a2a6d99,[370],"[716, 507, 184, 2]"
580d8df2-ea2c-4a5e-8457-002d0a2a6d99,[],"[357, 507, 369, 230, 607]"
580d9fe1-496c-4133-8e52-00410a2afefd,[],"[716, 507, 370, 184, 2]"
580db532-f1bc-4c00-9c98-00410a2a6d99,[],"[78, 482, 576, 46, 56]"
580f324f-a614-4743-81e6-00e70a2afefd,[],"[714, 359, 279, 355, 278]"
580f3685-62c8-4ff8-a549-00420a2afefd,[],"[281, 287, 876, 44, 189]"
581127f1-87cc-44f9-9900-00420a2afefd,[331],"[860, 399, 271, 17]"
5811db97-8b98-4f6c-ac61-00e70a2afefd,[],"[808, 86, 390, 330, 377]"
58132bd9-7ecc-4c25-8529-002d0a2aed5e,[],"[866, 286, 502, 526, 869]"
5813393e-c55c-4034-8bfe-00410a2aed5e,[],"[544, 823, 103, 528, 552]"
58138ddd-920c-47bc-b7ef-002c0a2ae5ef,[],"[141, 268, 739, 368, 243]"
58170834-7fcc-43a0-8a9c-002d0a2aed5e,[],"[351, 759, 792, 795, 802]"
5817194e-79ec-427e-8834-002d0a2ae5ef,[],"[776, 534, 56, 336, 518]"
58172cd8-72ec-4a55-b63c-00640a2aed5e,[],"[185, 399, 646, 271, 78]"
5817321f-0710-4ea3-bfea-00730a2ae5ef,"[185, 646, 78]","[399, 271]"
581737b0-32cc-45e6-be83-00730a2ae5ef,[],"[185, 399, 646, 271, 78]"
5817acf0-ddc4-4347-88eb-002d0a2aed5e,[],"[399, 18, 271, 184, 644]"
58186daf-72b0-4b6a-b30f-00640a2aed5e,[],"[298, 853, 123, 2, 3]"
58188a3f-01ec-4fa8-b927-002c0a2ae5ef,[],"[298, 853, 123, 2, 3]"
5818acad-5d98-46c4-9479-002d0a2aed5e,[],"[185, 399, 646, 271, 78]"
5818cd42-73a0-467d-89e9-002d0a2aed5e,[],"[396, 626, 220, 856, 603]"
5819b222-f5a8-4f2d-a3ab-002d0a2ae5ef,"[331, 328]","[308, 269, 137]"
5819c698-6db4-45db-afe4-00410a2aed5e,[],"[593, 603, 659, 429, 880]"
581a3dbe-c054-4a27-be3c-00730a2ae5ef,[],"[873, 220, 394, 815, 139]"
581b40fb-d1c8-4865-9e51-002c0a2ae5ef,[],"[19, 544, 823, 157, 831]"
581b5641-b1e8-4412-a986-002c0a2a6842,[603],"[758, 567, 543, 569]"
581c5417-1ef8-49f6-91e2-00410a2aed5e,[],"[461, 101, 88, 83, 100]"
581fb9a5-9d48-4a2d-bb1a-003a0a2a6842,"[421, 67]","[785, 779, 861]"
58204100-bc14-45ce-acde-003a0a2a6842,[],"[221, 597, 855, 120, 436]"
5820fe43-ec18-4f15-af3b-00370a2a2cc3,[],"[116, 628, 48, 544, 766]"
582192ea-9e80-491b-b5f0-00370a2a2cc3,"[365, 709]","[382, 828, 230]"
5821dbec-bdf0-41ab-aa87-00ed0a2a6842,[],"[223, 413, 499, 611, 504]"
5821ff90-bb5c-4e89-b340-00ed0a2a6842,"[546, 545]","[229, 231, 723]"
58246bd1-5a44-4567-9247-00570a2a090a,[657],"[810, 526, 812, 57]"
58248dbf-69a0-438c-9e3b-002c0a2adcc4,[],"[776, 534, 56, 336, 518]"
58249192-7d94-48cd-8757-002c0a2a090a,[],"[285, 386, 551, 573, 28]"
5824d353-239c-4318-8827-00570a2a090a,"[673, 662]","[56, 864, 2]"
58253dce-61f0-48f6-a382-007d0a2a090a,[],"[399, 18, 271, 184, 644]"
5825e728-5b58-47a4-98a8-002c0a2ae944,[],"[116, 32, 153, 886, 41]"
5825f911-d180-4052-b59a-002c0a2a81a1,[],"[50, 226, 443, 210, 674]"
5825f96c-b134-4324-a315-002d0a2a81a1,[],"[205, 496, 237, 673, 44]"
58299cd1-ba30-4e4d-81b6-002d0a2a81a1,[],"[157, 99, 866, 719, 630]"
5829a4b7-a2c4-459f-95e7-00550a2ae944,[],"[116, 628, 48, 544, 766]"
5829b833-11c4-4e4d-b800-002c0a2a81a1,[],"[873, 592, 152, 7, 54]"
5829d657-1f60-4685-b5d6-002d0a2a81a1,[],"[843, 695, 781, 444, 586]"
582ac7b6-4940-4b88-bd4d-002c0a2a81a1,"[319, 123]","[68, 427, 374]"
582aea26-9078-4a4c-b56b-002d0a2a81a1,[],"[319, 123, 68, 427, 374]"
582c3a63-9398-48b7-bff4-00b10a2a81a1,[],"[191, 367, 168, 2, 3]"
582c7196-8b40-415d-863e-00550a2ae944,"[546, 723]","[229, 231, 545]"
582c7ca5-5d84-4d6b-beee-002d0a2a81a1,[],"[186, 75, 707, 74, 233]"
582dbcfd-de40-4c9a-b2d1-00b20a2a81a1,[],"[565, 596, 729, 514, 574]"
582dbde4-fb4c-4dee-b020-00b10a2a81a1,[],"[245, 757, 117, 263, 533]"
582e5e95-0ea0-4b28-87c3-002d0a2a81a1,[],"[855, 847, 851, 620, 312]"
582f3a11-f064-4aa9-b585-002c0a2a31f1,[],"[628, 266, 458, 48, 581]"
58316c39-b0a4-4afe-9dc9-00460a2a31f1,[673],"[662, 56, 864, 2]"
5835a540-b0c4-46a0-9a48-00460a2a31f1,"[606, 601, 131, 596]",[782]
5837def0-deec-4f91-809e-01040a2a31f1,[],"[708, 221, 851, 436, 93]"
583987d4-f8f4-46e9-b1e7-00470a2a31f1,[83],"[461, 101, 88, 100]"
583c2664-b03c-4ed9-afb8-01040a2a31f1,[],"[208, 250, 554, 308, 178]"
583c288f-d2ec-465b-b192-00c60a2a31f1,[],"[423, 268, 437, 587, 122]"
583c295a-dbd0-415a-a2be-010e0a2a839b,[],"[824, 675, 645, 11, 151]"
583c3679-0a58-4baa-851c-00c60a2a31f1,[],"[790, 98, 383, 681, 442]"
583c56b1-465c-45ef-b108-00c60a2a31f1,[],"[776, 534, 56, 518, 387]"
583e3439-c1dc-49bc-91b9-01bb0a2a839b,[],"[63, 443, 686, 182, 38]"
583e9315-8584-4ff4-92c2-01bc0a2a839b,[],"[314, 221, 596, 417, 225]"
583ee66e-5fd8-4284-a50f-01d90a2a31f1,[],"[870, 143, 26, 703, 345]"
5843ef62-97e4-4226-a07c-01d90a2a31f1,[],"[2, 3, 4, 5, 6]"
5844fde1-b3a4-4c90-ad03-01e40a2a839b,"[271, 184]","[399, 18, 644]"
5845a26f-1ed4-4094-924a-01d90a2a31f1,[],"[442, 82, 749, 320, 827]"
5845a5f4-9c1c-4e79-9610-02170a2a839b,[],"[151, 437, 231, 51, 50]"
58469ffb-745c-41e8-b95d-024d0a2a839b,[],"[546, 831, 233, 545, 63]"
5846bf1a-e2d8-4d7e-8a27-024d0a2a839b,[199],"[496, 141, 5, 254]"
5846d799-f004-4540-92a6-01e40a2a839b,[],"[176, 667, 115, 489, 336]"
5847eaf5-9544-4548-bef2-02b50a2a31f1,[],"[176, 667, 115, 489, 336]"
5848983c-4628-45f0-b533-02170a2a839b,[],"[888, 675, 719, 630, 585]"
584944f7-68cc-47e2-a2c7-02140a2a31f1,[],"[142, 377, 389, 771, 117]"
5849b38c-7a70-4995-98ff-02140a2a31f1,[],"[2, 3, 4, 5, 6]"
5849dffa-2234-449f-b3f9-02140a2a31f1,[],"[795, 349, 589, 181, 889]"
584aacf1-7724-4c2b-a004-02b50a2a31f1,[413],"[770, 309, 626, 807]"
584db85f-3d78-4c0b-96fa-024d0a2a839b,[],"[801, 349, 795, 773, 176]"
584e63b7-c5d4-490d-968c-02140a2a31f1,[],"[801, 176, 351, 230, 387]"
584f05db-9a68-44c0-9da1-02b10a2a839b,[],"[220, 118, 67, 113, 251]"
58502976-71d0-4abb-8e89-039e0a2a31f1,[],"[221, 420, 708, 659, 860]"
58513544-68b0-40f5-9e62-03920a2a839b,[],"[179, 209, 67, 22, 45]"
5851417c-f9c8-4082-bfed-03900a2a839b,[],"[83, 537, 719, 824, 105]"
58517961-e704-45fe-a4db-03920a2a839b,[],"[179, 209, 67, 22, 45]"
58518963-b814-4df9-a49d-03900a2a839b,[],"[93, 113, 393, 45, 7]"
58518ce2-1ba8-43a3-9c0f-03900a2a839b,"[518, 680]","[859, 17, 203]"
58523026-0704-4ce0-bf99-03ae0a2a31f1,"[308, 328]","[199, 68, 860]"
5852a568-5f48-4b4b-bf26-039f0a2a839b,[],"[116, 628, 48, 544, 766]"
5852ac57-9c6c-4eeb-a2cc-03920a2a839b,[],"[700, 72, 748, 134, 136]"
5852bdb4-b2b0-4d6e-935f-03d40a2a839b,[45],"[179, 209, 67, 22]"
5853048f-14e8-4522-b046-039f0a2a839b,[],"[131, 758, 606, 567, 849]"
5853f36e-09a8-4945-a050-039f0a2a839b,[],"[116, 628, 48, 544, 766]"
5853fa3a-1980-4c44-a476-039f0a2a839b,[],"[801, 349, 795, 773, 176]"
58541585-fc40-4525-95dd-04190a2a31f1,"[538, 673, 190]","[778, 603]"
58542666-a888-42d0-9de8-04050a2a31f1,[],"[887, 644, 548, 888, 429]"
5854391a-286c-498e-90d0-03920a2a839b,"[185, 646, 271]","[399, 346]"
5854421a-2414-4f18-a3f1-03920a2a839b,[],"[887, 644, 548, 888, 429]"
58544f58-9104-42ad-9061-04190a2a31f1,[],"[2, 3, 4, 5, 6]"
58572b3f-6f44-4169-8128-04190a2a31f1,[],"[221, 596, 422, 746, 708]"
585777e1-42dc-4990-9d71-044e0a2a31f1,[],"[839, 352, 698, 794, 633]"
5858e074-7eb8-46d8-887b-04050a2a31f1,[],"[314, 221, 596, 417, 225]"
5858e941-f188-4fef-a38e-044e0a2a31f1,"[730, 471, 238]","[865, 164]"
585a405e-3390-4fae-b6db-04440a2a839b,[],"[118, 418, 234, 599, 758]"
585aa614-4548-4945-b9da-04c40a2a31f1,[],"[739, 48, 174, 37, 156]"
585b0f1b-28e0-42fd-b6b1-04c40a2a31f1,[],"[2, 3, 4, 5, 6]"
585bbdac-53c0-48b6-bd9e-04c40a2a31f1,"[602, 569]","[567, 131, 599]"
585d19da-7eb4-45d0-a04d-04c40a2a31f1,[],"[110, 162, 122, 483, 470]"
5862446f-a2fc-42fb-88a9-04fc0a2a839b,[],"[462, 471, 149, 476, 766]"
58629036-e528-41dd-a1cd-04fa0a2a31f1,[538],"[534, 728, 849, 871]"
5868f3ae-b420-4c0f-99ad-04fa0a2a31f1,[],"[714, 656, 439, 494, 534]"
586d2dfb-ece8-40a0-bbe2-05400a2a31f1,[],"[131, 566, 603, 606, 567]"
586e57b1-5f58-4d3f-82ff-05070a2a839b,[],"[131, 566, 603, 606, 567]"
586eb71d-d440-46fd-9c17-05360a2a31f1,[819],"[538, 312, 190, 712]"
586f77a9-64c0-41d8-b2b9-05320a2a839b,[],"[509, 304, 88, 117, 461]"
586f8af8-8da0-4896-9ab8-05140a2a31f1,"[618, 319, 427, 374, 562]",[]
586fdbd1-a250-420a-8b3d-002d0a2ac68a,[],"[873, 592, 152, 7, 54]"
587285db-8458-45d5-acd1-00390a2ac68a,[],"[268, 435, 880, 100, 751]"
58735ebe-fb44-4f57-997a-002d0a2ac68a,[],"[849, 489, 851, 190, 215]"
5874e784-c5a8-40d4-aa9c-004e0a2a6136,[],"[116, 480, 322, 174, 138]"
5875faf9-7ba8-4be9-995a-00770a2ac68a,[],"[849, 489, 851, 190, 215]"
5876357e-50a8-4584-bdbd-00860a2ac68a,[],"[849, 489, 851, 190, 215]"
5877557e-bbac-4e3f-944a-00810a2a6136,"[643, 147]","[199, 96, 102]"
58775f13-5944-46d8-9ec7-00bd0a2a6136,[],"[399, 185, 646, 271, 346]"
587788f1-a39c-473f-8294-008a0a2a6136,[],"[121, 261, 480, 63, 116]"
5877e33e-21f8-472f-be30-00b70a2ac68a,"[643, 147]","[199, 96, 102]"
58788ee8-bd40-4c20-992f-008a0a2a6136,"[545, 713, 723]","[424, 865]"
5878982f-92f8-4803-8c4a-008a0a2a6136,[],"[116, 32, 153, 886, 41]"
5878c1c5-fe60-4018-9a89-00810a2a6136,[],"[538, 844, 847, 9, 489]"
5878f2d1-a1a8-4155-b583-00320a2a9d99,[],"[879, 881, 2, 3, 4]"
5879fa50-eecc-4812-8892-002f0a2a2cca,[],"[168, 701, 807, 810, 781]"
